project,extent,hearing_date,venue,deo,URL,eia_url
"M/s.N.Sankar Rough Stone Quarry, S.F.Nos.305/4(Part), Berigai Village, Shoolagiri Taluk, Krishnagiri District.",Proposed Rough Stone Quarry over an extent of 1.15.00 Ha.,28.10.2026@ 11.00 AM,"M/s.P.V.R-L.MR Kalyana Mandapam, No.344/1, 344/2, Berikai Village, Theertham Road, Shoolagiri Taluk, Krishnagiri District-635105.","The District Environmental Engineer,Tamilnadu Pollution Control Board, Plot No.149-A, Ist Floor, SIPCOT Industrial Complex, Phase-I, Hosur-635 126 Krishnagiri District.",https://www.tnpcb.gov.in/PDF/Citizen_corner/ph/ExeSumEngSankar27826.pdf,https://www.tnpcb.gov.in/PDF/Citizen_corner/ph/EIARptEngSankar27826.pdf
"M/s.M.Moorthi Rough Stone & Gravel Quarry, S.F.No.106/2A, 106/2B, 106/3, 106/4A and 106/4B of Thollamur Village, Tindivanam Taluk, Villupuram District.",Over an extent of 4.34.0 Ha.,22.10.2026@ 10.00 AM,"M/s.R.Ramasamy Seethalakshmi Palace A/C, S.F.No.210/13, Mailam Village(Near Mailam Engineering College), Tindivanam Taluk, Villupuram District-604304","The District Environmental Engineer,Tamilnadu Pollution Control Board, District Collectorate Master Plan Complex, Backside to Taluk Office, Villupuram-605602.",https://www.tnpcb.gov.in/PDF/Citizen_corner/ph/ExeSumEngMoorthi2926.pdf,https://www.tnpcb.gov.in/PDF/Citizen_corner/ph/EIARptEngMoorthi2926.pdf
"M/s.MP Mining and Leasing Company Gery Granite Quarry, S.F.Nos.268/1Y, 268/1Z, 268/1AA, 268/2K, Jagadevipalayam Village, Bargur Taluk, Krishnagiri District.",Over an extent of 1.84.00 Ha.,22.10.2026@ 11.00 AM,"M/s.Sri Maheshwari Mahal, D.No.1/190, NH-77, Thiiruvannamalai Main Road, Anchoor Village, Bargur Taluk, Krishnagiri District.","The District Environmental Engineer,Tamilnadu Pollution Control Board, Plot No.149-A, Ist Floor, SIPCOT Industrial Complex, Phase-I, Hosur-635 126 Krishnagiri District.",https://www.tnpcb.gov.in/PDF/Citizen_corner/ph/ExeSumEngMPMining27826.pdf,https://www.tnpcb.gov.in/PDF/Citizen_corner/ph/EIARptEngMPMining27826.pdf
"M/s.B.Sharath Black Granite(Dolerite) Quarry, S.F.No.579/1B, 579/2B, 579/3B, 579/4B, 579/5B, 582/2, 599/1, 599/2, 599/3, 599/4, 599/5, 599/6, 599/7, and 599/8 Ouligunda Village, Bargur Taluk, Krishnagiri District.",Over an extent of 4.37.0 Ha.,14.10.2026@ 11.00 AM,"M/s.SV Mahal, Thiruvannamalai Main Road, Kannandahalli Village and Post, Bargur Taluk, Krishnagiri District-635203.","The District Environmental Engineer,Tamilnadu Pollution Control Board, Plot No.149-A, Ist Floor, SIPCOT Industrial Complex, Phase-I, Hosur-635 126 Krishnagiri District.",https://www.tnpcb.gov.in/PDF/Citizen_corner/ph/ExeSumEngSharath27826.pdf,https://www.tnpcb.gov.in/PDF/Citizen_corner/ph/EIARptEngSharath27826.pdf
"M/s.Sri Magaveer Mines Rough Stone & Gravel Quarry, S.F.No.7/1, 7/2, 7/3, 7/4, 7/5, 7/6, & 7/7 of Senalur Village, Tindivanam Taluk, Villupuram District.",Over an extent of 3.04.00 Ha.,13.10.2026@ 10.00 AM,"M/s.Sarvamangala Thirumana Koodam, Opposite Saraswathi Ammal Arakattalai, Konerikuppam Village, NH 45 Highway, Nallathur Post, Tindivanam Taluk, Villupuram District-604304","The District Environmental Engineer,Tamilnadu Pollution Control Board, District Collectorate Master Plan Complex, Backside to Taluk Office, Villupuram-605602.",https://www.tnpcb.gov.in/PDF/Citizen_corner/ph/ExeSumEngMahaveerMines2926.pdf,https://www.tnpcb.gov.in/PDF/Citizen_corner/ph/EIARptEngMahaveerMines2926.pdf
"M/s.VMI Construction, S.F.No.219/1A(Part-5) of Kadambur Village, Gangavalli Taluk, Salem District.",Proposed Rough Stone quarry lease over an extent of 2.00.0 Ha.,07.10.2026@ 11.00 AM,"M/s.PLSV Thirumana Mahal, Manjini - Pungavadi Main Road, Pungavadi Village, Attur Taluk, Salem - 636141.","The District Environmental Engineer,Tamilnadu Pollution Control Board, TNHB Layout(Behind EPFO Office), Govt.Higher Secondary School Road, Sarkar Kollapatti, Thalavaipatti Post, Salem West Taluk, Salem District-636302.",https://www.tnpcb.gov.in/PDF/Citizen_corner/ph/ExeSumEngVMIConstruct2926.pdf,https://www.tnpcb.gov.in/PDF/Citizen_corner/ph/EIARptEngVMIConstruct2926.pdf
"M/s.J.Balasubramanian Rough Stone and Gravel Quarry, S.F.No.68/1, 68/2, 68/3, 68/4A, 68/4B, 71/4A, 71/4B, 71/5A & 71/5B in Sillanatham Village, Ottapidaram Taluk, Thoothukudi District.",over an extent of 3.50.0 Ha.,06.10.2026@ 11.00 AM,"M/s.MSV Mahal, 1/173, Kurukusalai, Ottapidaram Post, Thoothukudi-628722.","The District Environmental Engineer,Tamilnadu Pollution Control Board, C7 & C9, SIPCOT Industrial Complex, Meelavittan, Thoothukudi-628008.",https://www.tnpcb.gov.in/PDF/Citizen_corner/ph/ExeSumEngBalasubramanian27826.pdf,https://www.tnpcb.gov.in/PDF/Citizen_corner/ph/EIARptEngBalasubramanian27826.pdf
"M/s.Jeya Chithra Rengaraj Rough Stone & Gravel Quarry, S.F.Nos.36/2A(Part), 36/2B(Part)., 36/3(Part), 37/1(Part), 50/1(Part) and 50/3(Part) in Kollamparambu Village, Ottapidaram Taluk, Thoothukudi District.",over an extent of 4.82.10 Ha.,29.09.2026@ 11.00 AM,"M/s.MSV Mahal, 1/173, Kurukusalai, Ottapidaram Post, Thoothukudi-628722.","The District Environmental Engineer,Tamilnadu Pollution Control Board, C7 & C9, SIPCOT Industrial Complex, Meelavittan, Thoothukudi-628008.",https://www.tnpcb.gov.in/PDF/Citizen_corner/ph/ExeSumEngJeyachitra27826.pdf,https://www.tnpcb.gov.in/PDF/Citizen_corner/ph/EIARptEngJeyachitra27826.pdf
"M/s.R.Suresh Rough Stone and Gravel Quarry, S.F.No.395/1(Part-A), Mallapuram Village, Sankarapuram Taluk, Kallakurichi District.",Proposed Rough Stone & Gravel Quarry over an extent of 3.50.0 Ha.,23.09.2026@ 10.30 AM,"M/s.Thavappillai Thirumana Mandapam No.33, Kulathupathai Street, Sankarapuram, Kallakurichi District-606401","The District Environmental Engineer,Tamilnadu Pollution Control Board, District Collectorate Master Plan Complex, Backside to Taluk Office, Villupuram-605602.",https://www.tnpcb.gov.in/PDF/Citizen_corner/ph/ExeSumEngSuresh14826.pdf,https://www.tnpcb.gov.in/PDF/Citizen_corner/ph/EIARptEngSuresh14826.pdf
"M/s.K.Nagaraj Rough Stone and Gravel Quarry, S.F.Nos.127/2(P), 127/4A(P), 127/7A(P) & 127/8A(P) of Athipalayam Village, Pugalur Taluk, Karur District.",Proposed Rough Stone & Gravel Quarry over an extent of 1.19.25 Hectares.,23.09.2026@ 11.00 AM,"Murugan Thirumana Mandapam, No.198/1, Athipalayam Road, Kuppam Village, Pugalur Taluk, Karur District.","The District Environmental Engineer,Tamilnadu Pollution Control Board, No.86, Arivuthirukkovil Road, L.G.B.Nagar, L.N.S.Village, Karur-639002.",https://www.tnpcb.gov.in/PDF/Citizen_corner/ph/ExeSumEngNagaraj14826.pdf,https://www.tnpcb.gov.in/PDF/Citizen_corner/ph/EIARptEngNagaraj14826.pdf
"M/s.K.Suresh, S.F.Nos.24/1B, 24/1E, 24/1F2 & 24/1F3 of Thenpalanzhi Village, Thirupparankundram Taluk, Madurai District.",Proposed Rough Stone & Gravel Quarry over an extent of 2.83.50 Ha.,23.09.2026@ 11.00 AM,"M/s.Sri Somasundaram Theivanai Arangam, 3/125, Vadapanji Main Road, Vadapalanji, Madurai District.","The District Environmental Engineer,Tamilnadu Pollution Control Board, Kappalur, Madurai-625008.",https://www.tnpcb.gov.in/PDF/Citizen_corner/ph/ExeSumEngSuresh11826.pdf,https://www.tnpcb.gov.in/PDF/Citizen_corner/ph/EIARptEngSuresh11826.pdf
"M/s.Subburajan Rough Stone and Gravel Quarry, S.F.No.1123/2 in Padmanabamangalam Village, Srivaikundam Taluk, Thoothukudi District.",Proposed Rough Stone & Gravel Quarry over an extent of 4.23.0 Ha.,22.09.2026@ 11.00 AM,"Dr.MRG Mahal, 1/123, Srivai-Vagaikulam Main Road, Petmanagaram-P.O, Srivaikundam Taluk, Thoothukudi District-628620.","The District Environmental Engineer,Tamilnadu Pollution Control Board, C7 & C9, SIPCOT Industrial Complex, Meelavittan, Thoothukudi-628008.",https://www.tnpcb.gov.in/PDF/Citizen_corner/ph/ExeSumEngSubburajan20826.pdf,https://www.tnpcb.gov.in/PDF/Citizen_corner/ph/EIARptEngSubburajan20826.pdf
"M/s.M.Raziya Rough Stone and Gravel Quarry, S.F.No.85/2 of Nadanthai North Village, Aravakurichi Taluk, Karur District.",Proposed Rough Stone & Gravel Quarry over an extent of 1.66.0 Hectares.,22.09.2026@ 11.00 AM,"M/s.VP Mahal, Sf.No.651/1 & 762/2, Kovai Road, Kattumunnur Post, Pugalur Taluk, Karur District-639111","The District Environmental Engineer,Tamilnadu Pollution Control Board, No.86, Arivuthirukkovil Road, L.G.B.Nagar, L.N.S.Village, Karur-639002.",https://www.tnpcb.gov.in/PDF/Citizen_corner/ph/ExeSumEngRaziya14826.pdf,https://www.tnpcb.gov.in/PDF/Citizen_corner/ph/EIARptEngRaziya14826.pdf
"M/s.K.Manikandan, S.F.Nos.1196/1A, 1196/3, 1196/4, 1196/5A of Katchaikatti Village, Vadipatti Taluk, Madurai District.",Proposed Rough Stone & Gravel Quarry over an extent of 1.99.0 Ha.,16.09.2026@ 11.00 AM,"M/s.RKS Arangam, Near Primary Health Centre, Murugan Nagar(Opp), Katchaikatti Village, Vadipatti Taluk, Madurai District.","The District Environmental Engineer,Tamilnadu Pollution Control Board, Kappalur, Madurai-625008.",https://www.tnpcb.gov.in/PDF/Citizen_corner/ph/ExeSumEngManikandan11826.pdf,https://www.tnpcb.gov.in/PDF/Citizen_corner/ph/EIARptEngManikandan11826.pdf
"M/s.K.Kuppuraj Rough Stone & Gravel Quarry, S.F.Nos.49/1, 55/2B(P) & 55/6(P) of Kovundampalayam Village, Gobichettipalayam Taluk, Erdoe District.",Over an extent of 2.29.73 Ha.,10.09.2026@ 11.00 AM,"K.V.Mahal Thirumana Mandapam, Sathy-Athani-Bhavani Main Road, Thookkanaickenpalayam(TN Palayam), Gobichettipalayam Taluk, Erdoe District-638506.","The District Environmental Engineer,Tamilnadu Pollution Control Board, Plot No.J2(W), SIPCOT Industrial Growth Centre, Perundurai, Erode District-638052",https://www.tnpcb.gov.in/PDF/Citizen_corner/ph/ExeSumEngKuppuraj4826.pdf,https://www.tnpcb.gov.in/PDF/Citizen_corner/ph/EIARptEngKuppuraj4826.pdf
"M/s.P.Jagadeesan Rough Stone & Gravel Quarry, S.F.No.80(P) of Keezhsevur Village, Tindivanam Taluk, Villupuram District.",Proposed Rough Stone & Gravel quarry over an extent of 4.50.0 Ha.,03.09.2026@ 10.00 AM,"M/s.Sarvamangala Thirumana Koodam, Opposite Saraswathi Ammal Arakattalai, Konrerikuppam Village, NH 45 Highway, Nallathur Post, Tindivanam Taluk, Villupuram District-604 307.","The District Environmental Engineer,Tamilnadu Pollution Control Board, District Collectorate Master Plan Complex, Backside to Taluk Office, Villupuram-605602.",https://www.tnpcb.gov.in/PDF/Citizen_corner/ph/ExeSumEngJagadeesan24726.pdf,https://www.tnpcb.gov.in/PDF/Citizen_corner/ph/EIARptEngJagadeesan24726.pdf
"M/s.Om Vinayaga Supplier, S.F.Nos.37/15, 16, 18(P), 19(P), 20, 21, 22 & 23(P), Nallamur Madura Kolathur Village, Maduranthakam Taluk, Chengalpattu District.",Over an extent of 3.32.50 Ha.,Cancelled,"M/s.TBG Thirumana Mahal, No.9, Polampakkam Post, Cheyyur Taluk,Chengalpattu District-603309.","The District Environmental Engineer,Tamilnadu Pollution Control Board, Maraimalai Adigalar Street, Maraimalai Nagar, Chengalpattu District-603209.",https://www.tnpcb.gov.in/PDF/Citizen_corner/ph/ExeSumEngOmVinayaga17726.pdf,https://www.tnpcb.gov.in/PDF/Citizen_corner/ph/EIARptEngOmVinayaga17726.pdf
"M/s.Greenergy Pure Ethonal Pvt Ltd, S.F.Nos.61, 63/1, 63/2, 64/1, 64/2, 65/1, 65/2, 65/3A, 65/3B, 68/1A1, 68/1A2, 68/1B1, 68/1B2, 68/2, 69/1, 69/2, 70/1, 70/2, 72/2 of Kumaramangalam Village, Kulithalai Taluk, Karur District.",Proposed establishment of 600 KLD Grain based Distillery & 13MW Co-Generation unit.,01.09.2026@ 11.00 AM,"M/s.Greenergy Pure Ethonal Pvt Ltd, S.F.Nos.61, 63/1, 63/2, 64/1, 64/2, 65/1, 65/2, 65/3A, 65/3B, 68/1A1, 68/1A2, 68/1B1, 68/1B2, 68/2, 69/1, 69/2, 70/1, 70/2, 72/2 of Kumaramangalam Village, Kulithalai Taluk, Karur District.","The District Environmental Engineer,Tamilnadu Pollution Control Board, No.86, Arivuthirukkovil Road, L.G.B.Nagar, L.N.S.Village, Karur-639002.",https://www.tnpcb.gov.in/PDF/Citizen_corner/ph/ExeSumEngGreenergy24726.pdf,https://www.tnpcb.gov.in/PDF/Citizen_corner/ph/EIARptEngGreenergy24726.pdf
"M/s.Nava Buddha Agencies Pvt Ltd, S.F.No.248/1 & 246/3A of Kallai Village, Kulithalai Taluk, Karur District.",Proposed Common Bio-Medical Waste Treatement Facility(CBMWTF).,27.08.2026@ 11.00 AM,"M/s.Nava Buddha Agencies Pvt Ltd, S.F.No.248/1 & 246/3A of Kallai Village, Kulithalai Taluk, Karur District.","The District Environmental Engineer,Tamilnadu Pollution Control Board, No.86, Arivuthirukkovil Road, L.G.B.Nagar, L.N.S.Village, Karur-639002.",https://www.tnpcb.gov.in/PDF/Citizen_corner/ph/ExeSumEngNavabudha24726.pdf,https://www.tnpcb.gov.in/PDF/Citizen_corner/ph/EIARptEngNavabudha24726.pdf
"M/s.Shree Cement Limited, S.F.Nos.329/2, 330/2pt, etc of Tiruttani village, 372/3cpt, 374/2Apt, 378/10, 379/18, 383/5, etc of Devasenapuram Village & 423/3pt, 424/1, 425pt, 426pt, etc of Valliammapuram Village, Karthikeyapuram Panchayat, Tiruttani Taluk, Tiruvallur District, Tamil Nadu.",Proposed Tiruttani Clinker Grinding Unit with a Cement Production capacity of 350 MTPA(OPC/PPC/PSC/RHPC/SRC/CC)along with Railway Siding and DG Sets f,25.08.2026@ 11.00 AM,"M/s.Jothi Ramasamy Mahal, Arakkonam Road, Valliammapuram, Tiruttani, Thiruvallur District-632211","The District Environmental Engineer,Tamilnadu Pollution Control Board,Master Plan Complex, S.F.No.1/6D & 1/5B, Perumbakkam Village, Tiruvallur-602001.",https://www.tnpcb.gov.in/PDF/Citizen_corner/ph/ExeSumEngShreecement5826.pdf,https://www.tnpcb.gov.in/PDF/Citizen_corner/ph/EIARptEngShreecement5826.pdf
"M/s.M.Kumaravadivel Rough Stone and Gravel Quarry, S.F.No.775/1D, 775/1E(Part) & 807/2A(Part), Anjur Village, Pugalur Taluk, Karur District.",Over an extent of 1.72.0 Hectares.,25.08.2026@ 11.00 AM,"S.K.Subramani Valaagam(Temporary Shed), S.F.No.569A, Kangeyam-Kodumudi Road, Rengasamy Kovil, Kolanthapalayam, Anjur Village, Pugalur Taluk, Karur District.","The District Environmental Engineer,Tamilnadu Pollution Control Board, No.86, Arivuthirukkovil Road, L.G.B.Nagar, L.N.S.Village, Karur-639002.",https://www.tnpcb.gov.in/PDF/Citizen_corner/ph/ExeSumEngKumaravadivel22726.pdf,https://www.tnpcb.gov.in/PDF/Citizen_corner/ph/EIARptEngKumaravadivel22726.pdf
"M/s.C.Kamarajashree Mines and Minerals, S.F.No.328/2(Block-38), Kalpadi(North)Village, Perambalur Taluk, Perambalur District.",Over an extent of 1.00.0 Hectares.,21.08.2026@ 10.30 AM,"M/s.Annai Mahal, Perambalur Social Service Society, No.2/321B, Opposite to Nayara Petrol Bunk, AriyalurMain Road, Kavulpalayam Post, Perambalur Taluk, Perambalur District-621220","The District Environmental Engineer,Tamilnadu Pollution Control Board, No.175L/10, Flat No.C2 & C4, Pallivasal Street, Near by Post Office, Thuraimanagalam, Perambalur District - 621220",https://www.tnpcb.gov.in/PDF/Citizen_corner/ph/ExeSumEngKamarajashree20726.pdf,https://www.tnpcb.gov.in/PDF/Citizen_corner/ph/EIARptEngKamarajashree20726.pdf
"M/s.Bagavathi Blue Metals, S.F.Nos.200/1B(Part)(Block-13), Vengalam(East)Village, Veppanthattai Taluk, Perambalur District.",Over an extent of 1.50.0 Hectares.,20.08.2026@ 10.30 AM,"M/s.M.J.S. Mahal, Arumbavur Main Road, Krishnapuram, Veppanthattai Taluk, Perambalur District-621 116.","The District Environmental Engineer,Tamilnadu Pollution Control Board, No.175L/10, Flat No.C2 & C4, Pallivasal Street, Near by Post Office, Thuraimanagalam, Perambalur District - 621220",https://www.tnpcb.gov.in/PDF/Citizen_corner/ph/ExeSumEngBagavathibluemetals20726.pdf,https://www.tnpcb.gov.in/PDF/Citizen_corner/ph/EIARptEngBagavathibluemetals20726.pdf
"M/s.S.Lakshmi, S.F.Nos.675/1 & 675/2, Kuppam Village, Pugalur Taluk, Karur District.",Over an extent of 2.05.50 Ha.,20.08.2026@ 11.00 AM,"Murugan Thirumana Mandapam, No.198/1, Atthipalayam Road, Kuppam Village, Pugalur Taluk, Karur District.","The District Environmental Engineer,Tamilnadu Pollution Control Board, No.86, Arivuthirukkovil Road, L.G.B.Nagar, L.N.S.Village, Karur-639002.",https://www.tnpcb.gov.in/PDF/Citizen_corner/ph/ExeSumEngLakshmi20726.pdf,https://www.tnpcb.gov.in/PDF/Citizen_corner/ph/EIARptEngLakshmi20726.pdf
"M/s.Tamil Nadu Cements Corporation Ltd, S.F.Nos.133/1A, 134/2, 134/3, 134/4, 134/5, 134/6, 134/7, 134/8, 134/9, 134/12, 135/3, 135/5, 135/6, 135/7, 135/8, 135/9, 135/10, & 135/11 of Panruti Taluk, Cuddalore District.",Proposed Fireclay quarry over an extent of 6.59.0 Ha.,20.08.2026@ 11.00 AM,"Community Hall, Assumption Church, Panruti Taluk, Cuddalore District-607106.","The District Environmental Engineer,Tamilnadu Pollution Control Board, Plot No.A3, SIPCOT Industrial Complex, Kudikadu, Cuddalore-607005.",https://www.tnpcb.gov.in/PDF/Citizen_corner/ph/ExeSumEngTancemstoneware8726.pdf,https://www.tnpcb.gov.in/PDF/Citizen_corner/ph/EIARptEngTancemstoneware8726.pdf
"M/s.Aranarai North Rough Stone Quarry, S.F.No.120/2A1A(Part), Aranarai(North)Village, Perambalur Taluk, Perambalur District.",Over an extent of 9.00.00 Hectares.,19.08.2026@ 10.30 AM,"M/s.Anbu Mahal, Attur Road, Perambalur Taluk, Perambalur District-621212.","The District Environmental Engineer,Tamilnadu Pollution Control Board, No.175L/10, Flat No.C2 & C4, Pallivasal Street, Near by Post Office, Thuraimanagalam, Perambalur District - 621220",https://www.tnpcb.gov.in/PDF/Citizen_corner/ph/ExeSumEngAranaraiTamin17726.pdf,https://www.tnpcb.gov.in/PDF/Citizen_corner/ph/EIARptEngAranaraiTamin17726.pdf
"M/s.G.P.Exports, S.F.Nos.353/6(Part), 353/7(Part), 354/A6, 354/A7, 354/A8, 354/A9,354/A10, 354/A11, 354/Al2, 354/A13, 354/A14, 354/A15, 354/B1 B, 354/B2, 354/B3, 354/B4,354/B5,354/B6,354/B7, 54/B8, 354/B9, 354/B10, 354/B11, 354/B12, 354/B17(Part) & 354/B20(Part) of K. Pitchampatti Village, Karur Tal",Over an extent of 3.00.00 Hectares.,18.08.2026@ 02.00 PM,"M/s.Lakshmi Mahal, Near Muniappan Koil, Chellandipatti Bus Stop, Velliyanai North Village, Karur Taluk, Karur District-639118.","The District Environmental Engineer,Tamilnadu Pollution Control Board, No.86, Arivuthirukkovil Road, L.G.B.Nagar, L.N.S.Village, Karur-639002.",https://www.tnpcb.gov.in/PDF/Citizen_corner/ph/ExeSumEngGPExports16726.pdf,https://www.tnpcb.gov.in/PDF/Citizen_corner/ph/EIARptEngGPExports16726.pdf
"M/s.M.P.Granite, S.F.Nos.260/A1, 260/A2, 260/A3, 260/B1, 260/B2, 260/B3, 260/C, 262/A3(p), 262/A4(p), 262/A5(p), 262/A6(p), 262/A7, 262/A8(p), 262/B1 & 262/B2 of K.Pitchampatti Village, Karur Taluk, Karur District.",Over an extent of 4.01.50 Hectares.,18.08.2026@ 11.00 AM,"M/s.Lakshmi Mahal, Near Muniappan Koil, Chellandipatti Bus Stop, Velliyanai North Village, Karur Taluk, Karur District-639118.","The District Environmental Engineer,Tamilnadu Pollution Control Board, No.86, Arivuthirukkovil Road, L.G.B.Nagar, L.N.S.Village, Karur-639002.",https://www.tnpcb.gov.in/PDF/Citizen_corner/ph/ExeSumEngMPGranite16726.pdf,https://www.tnpcb.gov.in/PDF/Citizen_corner/ph/EIARptEngMPGranite16726.pdf
"M/s.Anantra Granites, S.F.Nos.202/2, 203/2A, 203/2B, 733/1, 733/3 & 733/5, Jakkeri Village, Denkanikottai Taluk, Krishnagiri District.",Proposed Colour Granite Quarry lease over an extent of 3.77.0 Ha.,12.08.2026@ 11.00 AM,"M/s.K.P.L Mahal, H-46, Ganesh Colony, Kelamangalam, Denkanikottai Taluk, Krishnagiri District - 635113.","The District Environmental Engineer,Tamilnadu Pollution Control Board,Plot No.149-A Ist Floor, SIPCOT Industrial Complex, Phase-1, Hosur-635 126 Krishnagiri District.",https://www.tnpcb.gov.in/PDF/Citizen_corner/ph/ExeSumEngAnantra8726.pdf,https://www.tnpcb.gov.in/PDF/Citizen_corner/ph/EIARptEngAnantra8726.pdf
"M/s.Sri Rajakaliamman Mines and Minerals, S.F.No.328/2(block-34), Kalpadi(North)Village, Perambalur Taluk, Perambalur District.",Over an extent of 1.00.00 Hectares.,07.08.2026@ 10.30 AM,"M/s. Annai Mahal, Perambalur Social Service Soceity, No.2/321B, Opposite to Nayara Petrol Bumk, Ariyalur Main Road, Kavulpalayam Post, Perambalur Taluk, Perambalur District-621220.","The District Environmental Engineer,Tamilnadu Pollution Control Board, No.175L/10, Flat No.C2 & C4, Pallivasal Street, Nearby Post Office, Thuraimangalam, Perambalur District-621220.",https://www.tnpcb.gov.in/PDF/Citizen_corner/ph/ExeSumEngRajakaliamman2726.pdf,https://www.tnpcb.gov.in/PDF/Citizen_corner/ph/EIARptEngPmbRajakaliamman2726.pdf
"M/s.RRM Transport, S.F.No.328/2(block-36), Kalpadi(North)Village, Perambalur Taluk, Perambalur District.",Over an extent of 1.00.00 Hectares.,06.08.2026@ 10.30 AM,"M/s. Annai Mahal, Perambalur Social Service Soceity, No.2/321B, Opposite to Nayara Petrol Bumk, Ariyalur Main Road, Kavulpalayam Post, Perambalur Taluk, Perambalur District-621220.","The District Environmental Engineer,Tamilnadu Pollution Control Board, No.175L/10, Flat No.C2 & C4, Pallivasal Street, Nearby Post Office, Thuraimangalam, Perambalur District-621220.",https://www.tnpcb.gov.in/PDF/Citizen_corner/ph/ExeSumEngRRMTransport2726.pdf,https://www.tnpcb.gov.in/PDF/Citizen_corner/ph/EIARptEngRRMTransport2726.pdf
"M/s.Perambalur Quality Minerals, S.F.No.328/2(block-35), Kalpadi(North)Village, Perambalur Taluk, Perambalur District.",Over an extent of 1.50.00 Hectares.,05.08.2026@ 10.30 AM,"M/s. Annai Mahal, Perambalur Social Service Soceity, No.2/321B, Opposite to Nayara Petrol Bumk, Ariyalur Main Road, Kavulpalayam Post, Perambalur Taluk, Perambalur District-621220.","The District Environmental Engineer,Tamilnadu Pollution Control Board, No.175L/10, Flat No.C2 & C4, Pallivasal Street, Nearby Post Office, Thuraimangalam, Perambalur District-621220.",https://www.tnpcb.gov.in/PDF/Citizen_corner/ph/ExeSumEngPmbQualitymineral2726.pdf,https://www.tnpcb.gov.in/PDF/Citizen_corner/ph/EIARptEngPmbQualitymineral2726.pdf
"M/s.Arima Cements Private Ltd, S.F.No.399/1B Part, Therku Veerapandiyapuram Village, Ottapidaram Taluk, Thoothukudi District.",Proposed standalone Cement Grinding Unit.,30.07.2026@ 03.00 PM,"M/s. Smart Palace, 97/1, Palayamkottai Road, 3rd Mile, Opposite to Government Polytechnic College, Thoothukudi, Thoothukudi District 628008.","The District Environmental Engineer,Tamilnadu Pollution Control Board, C7 & C9, SIPCOT Industrial Complex, Meelavittan, Thoothukudi – 628 008.",https://www.tnpcb.gov.in/PDF/Citizen_corner/ph/ExeSumEngArimaCements29626.pdf,https://www.tnpcb.gov.in/PDF/Citizen_corner/ph/EIARptEngArimaCements29626.pdf
"M/s.S.Vijayakumar Rough Stone and Gravel Quarry, S.F.No.790/1B(Part) and 790/2(Part) Kolathur Village, Srirangam Taluk, Tiruchirapalli District.",Proposed Rough Stone and Gravel Quarry over an extent of 4.00.0 Hectares,30.07.2026@ 11.00 AM,"M/s. Sri Kaliyamman Kovil Mandapam, Periya Alampatti, Inamkulathur(Post), Srirangam Taluk, Tiruchirapalli District-620009.","The District Environmental Engineer,Tamilnadu Pollution Control Board, No.25, SIDCO Industrial Estate, Thuvakudy, Tiruchirappalli-15.",https://www.tnpcb.gov.in/PDF/Citizen_corner/ph/ExeSumEngVijayakumar19626.pdf,https://www.tnpcb.gov.in/PDF/Citizen_corner/ph/EIARptEngVijayakumar19626.pdf
"M/s.Chozha Groups, S.F.No.27/1A(Block-2), Elambalur Village, Perambalur Taluk, Perambalur District.",Over an extent of 1.80.00 Hectares.,28.07.2026@ 10.30 AM,"M/s.Mahalakshmi Mahal, Near Grand Super Market, Elambalur Road, Perambalaur-621212.","The District Environmental Engineer,Tamilnadu Pollution Control Board, No.175L/10, Flat No.C2 & C4, Pallivasal Street, Nearby Post Office, Thuraimangalam, Perambalur District-621220.",https://www.tnpcb.gov.in/PDF/Citizen_corner/ph/ExeSumEngChozhaGropus17626.pdf,https://www.tnpcb.gov.in/PDF/Citizen_corner/ph/EIARptEngChozhaGropus17626.pdf
"M/s.Mars Mines, S.F.No.10/1(Block-7) Padalur(East)Village, Alathur Taluk, Perambalur District.",Over an extent of 1.30.00 Hectares.,24.07.2026@ 10.30 AM,"M/s.Sri Venkaeswara Thirumana Mandapam, Kannan Complex, Ootathur Road, Padalur Village, Alathur Taluk, Perambalur District-621109.","The District Environmental Engineer,Tamilnadu Pollution Control Board, No.175L/10, Flat No.C2 & C4, Pallivasal Street, Nearby Post Office, Thuraimangalam, Perambalur District-621220.",https://www.tnpcb.gov.in/PDF/Citizen_corner/ph/ExeSumEngMarsMines12626.pdf,https://www.tnpcb.gov.in/PDF/Citizen_corner/ph/EIARptEngMarsMines12626.pdf
"M/s.Ultramarine & Pigments Limited, S.F.No.38, 39, 40, 41, 42, 43, 44, 46, 47, 50, 51, 52 & 53, Kannudaiyanpatti Village, SIPCOT Industrial Park, Manapparai Taluk, Tiruchirappalli District.",Proposed Manufacturing unit of inorganic & Complex inorganic colored pigments.,23.07.2026@ 11.00 AM,"M/s. Community Center, Muthappudaiyanpatty, Kannudaiyanpatti Panchayat, Manapparai Panchayat Union, Manapparai Taluk, Trichy District-621306.","The District Environmental Engineer,Tamilnadu Pollution Control Board, No.25, SIDCO Industrial Estate, Thuvakudy, Tiruchirappalli-15.",https://www.tnpcb.gov.in/PDF/Citizen_corner/ph/ExeSumEngUltramarine19626.pdf,https://www.tnpcb.gov.in/PDF/Citizen_corner/ph/EIARptEngUltramarine19626.pdf
"M/s.SR Mines and Minerals, S.F.No.10/1(Block-6) Padalur(East)Village, Alathur Taluk, Perambalur District.",Over an extent of 2.20.00 Hectares.,23.07.2026@ 10.30 AM,"M/s.Sri Venkaeswara Thirumana Mandapam, Kannan Complex, Ootathur Road, Padalur Village, Alathur Taluk, Perambalur District-621109.","The District Environmental Engineer,Tamilnadu Pollution Control Board, No.175L/10, Flat No.C2 & C4, Pallivasal Street, Nearby Post Office, Thuraimangalam, Perambalur District-621220.",https://www.tnpcb.gov.in/PDF/Citizen_corner/ph/ExeSumEngSRMines12626.pdf,https://www.tnpcb.gov.in/PDF/Citizen_corner/ph/EIARptEngSRMines12626.pdf
"M/s.Shree Thevar Blue Metals, S.F.No.244/1A, 244/2A1 & 244/2A2, K.Pudukottai Village, Dindigul West Taluk, Dindigul District.",Proposed Rough Stone and Gravel Quarry over an extent of 2.43.0 Ha.,23.07.2026@ 11.00 AM,"M/s.VR.AN.Annamalai Chettiar Mandapam Reddiar chatram, Dindigul West Taluk, Dindigul District-624622.","The District Environmental Engineer,Tamilnadu Pollution Control Board, Collector Office Campus, Dindigul District-624004.",https://www.tnpcb.gov.in/PDF/Citizen_corner/ph/ExeSumEngShreethevarbluemetal11626.pdf,https://www.tnpcb.gov.in/PDF/Citizen_corner/ph/EIARptEngShreethevarbluemetal11626.pdf
"M/s.R.Senthil Kumar Rough Stone and Gravel Quarry, S.F.No.16/2(P) & 16/3(P), Keeraur Village, Kangeyam Taluk, Tiruppur District.",Proposed Rough Stone and Gravel Quarry over an extent of 1.01.10 Ha.,22.07.2026@ 10.30 AM,"M/s.Sri Kumaran Mahal, Keeranur, Kangeyam Taluk, Tiruppur District-638701.","The District Environmental Engineer,Tamilnadu Pollution Control Board, Tiruppur North, II Floor, Kumaran Commercial Complex, Kumaran Road, Tiruppur-641601.",https://www.tnpcb.gov.in/PDF/Citizen_corner/ph/ExeSumEngKeeranur16626.pdf,https://www.tnpcb.gov.in/PDF/Citizen_corner/ph/EIARptEngKeeranur16626.pdf
"M/s.R.Rajkumar, S.F.No.10/1(Block-1), Padalur(East)Village, Alathur Taluk, Perambalur District.",Over an extent of 1.50.00 Hectares.,22.07.2026@ 10.30 AM,"M/s.Sri Venkaeswara Thirumana Mandapam, Kannan Complex, Ootathur Road, Padalur Village, Alathur Taluk, Perambalur District-621109.","The District Environmental Engineer,Tamilnadu Pollution Control Board, District No.175L/10, Flat No.C2 & C4, Pallivasal Street, Nearby Post Office, Thuraimangalam, Perambalur District-621220.",https://www.tnpcb.gov.in/PDF/Citizen_corner/ph/ExeSumEngRajkumar12626.pdf,https://www.tnpcb.gov.in/PDF/Citizen_corner/ph/EIARptEngRajkumar12626.pdf
"M/s.Taamaesek Engineering Consortium Rough Stone & Gravel Quarry, S.F.Nos.13/1A, 1B, 2A, 3A, 3B, 4A, 4B, 5, 4/1 & 4/4A, Sirunavur Village, Vanur Taluk, Villupuram District.",Over an extent of 6.61.35 Ha.,21.07.2026@ 10.30 AM,"M/s.Dhanalakshmi Mahal, SH-136, Karasanur Village, Vanur Taluk, Villupuram District-604 304.","The District Environmental Engineer,Tamilnadu Pollution Control Board, District Collectorate Master Plan Complex, Backside to Taluk Office, Villupuram-605 602.",https://www.tnpcb.gov.in/PDF/Citizen_corner/ph/ExeSumEngTaamaesek12626.pdf,https://www.tnpcb.gov.in/PDF/Citizen_corner/ph/EIARptEngTaamaesek12626.pdf
"M/s.T.Jayapraba Ordinary Earth Quarry, S.F.No.101/2, Kondalankuppam Village, Vanur Taluk, Villupuram District.",Over an extent of 1.76.0 Ha.,21.07.2026@ 11.30 AM,"M/s.Dhanalakshmi Mahal, SH-136, Karasanur Village, Vanur Taluk, Villupuram District-604 304.","The District Environmental Engineer,Tamilnadu Pollution Control Board, District Collectorate Master Plan Complex, Backside to Taluk Office, Villupuram-605 602.",https://www.tnpcb.gov.in/PDF/Citizen_corner/ph/ExeSumEngJayapraba10626.pdf,https://www.tnpcb.gov.in/PDF/Citizen_corner/ph/EIARptEngJayapraba10626.pdf
"M/s.S.Ashok Kumar, SF.No.290/1A, 290/2B1, 291/1A, 291/1B, 291/1C1, 291/1C2, 291/1D1, 291/1D2, 291/2A, 291/2B, 291/2D, 292/1A, 292/1B, 292/2A, 292/2B & 292/2C of Kammarajapuram Village, Walajabad Taluk, Kancheepuram District.",Proposed Rough Stone and Gravel Quarry over an extent of 3.48.00 Hectares.,17.07.2026@ 03.00 PM,"M/s.Uma Sekar Thirumana Mahal, No.2 Anna Nagar, Bus Stand Backside, Walajabad Taluk, Kancheepuram District-631605.","The District Environmental Engineer,Tamilnadu Pollution Control Board, Plot No.CP-5B, SIPCOT Industrial Growth Center, Oragadam, Sriperumbudur Taluk, Kancheepuram District-602105.",https://www.tnpcb.gov.in/PDF/Citizen_corner/ph/ExeSumEngAshokkumar11626.pdf,https://www.tnpcb.gov.in/PDF/Citizen_corner/ph/EIARptEngAshokkumar11626.pdf
"M/s.Adayar Granites Rough Stone & Gravel Quarry, S.F.Nos.2/1 & 1269/3 of Viralipatti Village, Nilakottai Taluk, Dindigul District. M/s.Adayar Granites Rough Stone & Gravel Quarry, S.F.Nos.4/2, 1274/1 & 1274/2 of Viralipatti Village, Nilakottai Taluk, Dindigul District.",Cluster Rough Stone & gravel Quarr lease over an extent of 3.13.5 Ha. Cluster Rough Stone & gravel Quarr lease over an extent of 3.95.0 Ha.,17.07.2026@ 11.00 AM,"M/s.SS Mahal Viralipatti Village, Batlagundu, Nilakottai Taluk, Dindigul District.","The District Environmental Engineer,Tamilnadu Pollution Control Board, Collector Office Campus, Dindigul-624004.",https://www.tnpcb.gov.in/PDF/Citizen_corner/ph/ExeSumEngAdyarGranites10626.pdf,https://www.tnpcb.gov.in/PDF/Citizen_corner/ph/EIARptEngAdyarGranites10626.pdf
"Tmt.T.Poornima , S.F.Nos.496/2 ,98/1A,98/1B,98/1C,98/1D,98/2A & 98/2B of Palli Villaeg,Cheyyar Taluk,Tiruvannamalai District",Proposed Rough Stone and Gravel Quarry over an extent of 3.52.0 Hectares,17.07.2026@ 11.00 AM,"M/s. Jaithri Kalyana Mandabam, No.192/2A3,Chithathur Main Road ,Cholavaram village,Vembakkam Taluk,Tiruvannamalai - 631701.","The District Environmental Engineer,Tamilnadu Pollution Control Board, District Collectorate Master Plan Complex,Vengikkal,Tiruvannamalai - 606 604.",https://www.tnpcb.gov.in/PDF/Citizen_corner/ph/ExeSumEngPoornima.pdf,https://www.tnpcb.gov.in/PDF/Citizen_corner/ph/EIARptEngPoornima.pdf
"M/s.A.P.Mines ,S.F.Nos.175/1,2,180/3F,3G,4A,4B,4C,4D,4E,4F,5A &180/5B of Kundiyanthandalam Village, Vembakkam Taluk,Tiruvannamalai District.",Proposed Rough Stone and Gravel Quarry over an extent of 3.04.0 Hectares,16.07.2026@ 11.00 AM,"M/s. Sri Lakshmi Vijayachandiran Mahal,Sri Selliyamman Nagar,(Opp to SIPCOT) Mathur & Mangal Koot Road,Vembakkam Taluk,Tiruvannamalai - 631701.","The District Environmental Engineer,Tamilnadu Pollution Control Board, District Collectorate Master Plan Complex,Vengikkal,Tiruvannamalai - 606 604.",https://www.tnpcb.gov.in/PDF/Citizen_corner/ph/ExeSumEngAPMines.pdf,https://www.tnpcb.gov.in/PDF/Citizen_corner/ph/EIARptEngAPMines.pdf
"M/s.Shri Natural Stones, S.F.Nos.738(Part-2), Thandarai Village, Denkanikottai Taluk, Krishnagiri District.",Proposed Rough Stone Quarry lease over an extent of 2.00.0Ha.,10.07.2026@ 11.00 AM,"M/s.BA Function Hall, SF.No.181, 182, Chinna Bennangur Village, Hosur Main Road, Denkanikottai Taluk, Krishnagiri District - 635107.","The District Environmental Engineer,Tamilnadu Pollution Control Board, Plot No.149-A, Ist Fllor, SIPCOT Industrial Complex, Phase-I, Hosur-635126 Krishnagiri District.",https://www.tnpcb.gov.in/PDF/Citizen_corner/ph/ExeSumEngShriNaturalStone3626.pdf,https://www.tnpcb.gov.in/PDF/Citizen_corner/ph/EIARptEngShriNaturalStone3626.pdf
"M/s. R.V.M.Blue Metals, SF.No.51(Part-4) of Allappanur Village, Thandrampattu Taluk, Tiruvannamalai District.",Proposed Rough Quarry lease over an extent of 2.00.2 Ha.,10.07.2026@ 11.00 AM,"M/s.Maniammal Govindasami Kalyana Mandapam, No.192/2B1, Sathanur Dam Road, Thandrampattu, Tiruvannamalai-606707.","The District Environmental Engineer,Tamilnadu Pollution Control Board, District Collectorate Master Plan Complex, Vengikkal, Thiruvannamalai-606604.",https://www.tnpcb.gov.in/PDF/Citizen_corner/ph/ExeSumEngRVMBlueMetal3626.pdf,https://www.tnpcb.gov.in/PDF/Citizen_corner/ph/EIARptEngRVMBlueMetal3626.pdf
"M/s.A.G.Granites Pvt Ltd, S.F.No.65(Part-2) of Kilpachar Village, Thandrampattu Taluk, Tiruvannamalai District.",Proposed Black Granite Quarry lease over an extent of 3.21.5 Ha.,09.07.2026@ 11.00 AM,"M/s.Kavitha Selvam Mahal, Harur Main Road, Mothakkal Village, Thandrampattu Taluk, Thiruvannamalai District-606708.","The District Environmental Engineer,Tamilnadu Pollution Control Board, District Collectorate Master Plan Complex, Vengikkal, Thiruvannamalai-606604.",https://www.tnpcb.gov.in/PDF/Citizen_corner/ph/ExeSumEngAGGranites2626.pdf,https://www.tnpcb.gov.in/PDF/Citizen_corner/ph/EIARptEngAGGranites2626.pdf
"M/s.Mahathi Cuddalore Port & Maritime Private Ltd, Cudddalore Port, Poft Office, Cuddalore-607003.",Proposed expansion of Cuddalore Port cargo handling capacity from 5.68 MTPA to 11.48 MTPA and ship building and repair activities in an area of 59.09,09.07.2026@ 11.00 AM,"M/s.Mahathi Cuddalore Port & Maritime Pvt Ltd, Port Office, Cuddalore Port, Cuddalore Taluk, Cuddalore District -607003.","The District Environmental Engineer,Tamilnadu Pollution Control Board, No.A3, SIPCOT Industrila Complex, Kudikadu, Cuddalore-607005.",https://www.tnpcb.gov.in/PDF/Citizen_corner/ph/ExeSumEngMCPMPL2626.pdf,https://www.tnpcb.gov.in/PDF/Citizen_corner/ph/EIARptEngMCPMPL2626.pdf
"M/s.R.Kalpana, S.F.No.49/2(Part-2) of Adaiyur Village, Thiruvannamalai Taluk, Thiruvannamalai District.",Proposed Rough Stone and Gravel Quarry lease over an extent of 2.00.0 Ha.,08.07.2026@ 11.00 AM,"M/s.Sri Vijay Balaji Mahal, No.10/D, Kanji Road, Girivalam Road, Near Gogas Bunk, Thiruvannamalai-606604.","The District Environmental Engineer,Tamilnadu Pollution Control Board, District Collectorate Master Plan Complex, Vengikkal, Thiruvannamalai-606604.",https://www.tnpcb.gov.in/PDF/Citizen_corner/ph/ExeSumEngKalpana2626.pdf,https://www.tnpcb.gov.in/PDF/Citizen_corner/ph/EIARptEngKalpana2626.pdf
"M/s.Ramana Stone Crusher, S.F.No.243/2, 243/4, 244/2, 244/4B(Part), 244/5(Part), 244/6, 246/5 & 261/1B Pannapalli Village, Shoolagiri Taluk, Krishnagiri District.",Proposed Rough Stone and Gravel Quarry lease over an extent of 8.53.10 Ha.,08.07.2026@ 10.30 AM,"M/s.P.V.R-L.M.R Kalayan Mandapam, No.344/1, 344/2, Theertham Road, Berikai Village, Shoolagiri Taluk, Krishnagiri District-635105.","The District Environmental Engineer,Tamilnadu Pollution Control Board, Plot No.149-A, Ist Floor, SIPCOT Industrial Complex, Phase-I, Hosur-635126.",https://www.tnpcb.gov.in/PDF/Citizen_corner/ph/ExeSumEngRamana27526.pdf,https://www.tnpcb.gov.in/PDF/Citizen_corner/ph/EIARptEngRamana27526.pdf
"M/s.R.Hariharasudhan Rough Stone & Gravel Quarry, S.F.No3/8, 3/9, 3/10, 3/11, 3/12A, 3/12B, 3/12C, 3/12D, 4/2, 4/3, 4/4A, 4/4B, 4/5, & 4/6 of Sundakkottai Village, Aruppukottai Taluk, Viruudhunagar District.",Fresh Quarrying proposal over an extent of 3.59.00 Ha.,30.06.2026@ 11.00 AM,"M/s.Sathya Mahal, 1/117A, Aruppukottai-Sayalgudi Main Road, M.Reddiapatti, Aruppukottai Taluk, Virudhunagar District.","The District Environmental Engineer,Tamilnadu Pollution Control Board, No.23, Collectorate Campus, Virudhunagar-626002.",https://www.tnpcb.gov.in/PDF/Citizen_corner/ph/ExeSumEngHariharasudhan27526.pdf,https://www.tnpcb.gov.in/PDF/Citizen_corner/ph/EIARptEngHariharasudhan27526.pdf
"M/s.Tmt.Tiruveni, S.F.No.235/1, Siruthamur Village, Uthiramerur Taluk, Kancheepuram District.",Proposed Rough Stone and Gravel Quarry over an extent of 2.62.5 Hectares.,25.06.2026@ 02.00 PM,"M/s.R R K Mahal, Tirumukoodal-Penayur Road, Palayaseevaram, Kancheepuram District-631606.","The District Environmental Engineer,Tamilnadu Pollution Control Board, Plot No.CP-5B, SIPCOT Industrial Growth Center, Oragadam, Sriperumbudur Taluk, Kancheepuram District-602105.",https://www.tnpcb.gov.in/PDF/Citizen_corner/ph/ExeSumEngRajSaraTiru22526.pdf,https://www.tnpcb.gov.in/PDF/Citizen_corner/ph/EIARptEngRajSaraTiru22526.pdf
"M/s.P.Velmurugan Rough Stone Quarry, S.F.No.10/1(Block-13), Padalur(East) Village, Alathur Taluk, Perambalur District.",Total Extent of 1.00.0 Hectare,13.03.2026@ 01.30 PM,"M/s.Sri Venkateswara Thirumana Mandapam, Kannan Complex, Ootathur Road, Padalu Village, Alathur Taluk, Perambalur District.","The District Environmental Engineer,Tamilnadu Pollution Control Board, No.175L/10, Flat No.C2 & C4, Pallivasal Street, Near by Post Office, Thuraimangalam, Perambalur District.",https://www.tnpcb.gov.in/PDF/Citizen_corner/ph/ExeSumEngVelmurugan13_11226.pdf,https://www.tnpcb.gov.in/PDF/Citizen_corner/ph/EIARptEngVelmurugan13_11226.pdf
"M/s.R.Vinoth Rough Stone Quarry, S.F.No.10/1(Block-8), Padalur(East) Village, Alathur Taluk, Perambalur District.",Total Extent of 1.20.0 Hectare,13.03.2026@ 12.30 PM,"M/s.Sri Venkateswara Thirumana Mandapam, Kannan Complex, Ootathur Road, Padalu Village, Alathur Taluk, Perambalur District.","The District Environmental Engineer,Tamilnadu Pollution Control Board, No.175L/10, Flat No.C2 & C4, Pallivasal Street, Near by Post Office, Thuraimangalam, Perambalur District.",https://www.tnpcb.gov.in/PDF/Citizen_corner/ph/ExeSumEngVinoth11226.pdf,https://www.tnpcb.gov.in/PDF/Citizen_corner/ph/EIARptEngVinoth11226.pdf
"M/s.P.Velmurugan Rough Stone Quarry, S.F.No.10/1(Block-3), Padalur(East) Village, Alathur Taluk, Perambalur District.",Total Extent of 1.40.0 Hectare,13.03.2026@ 11.30 AM,"M/s.Sri Venkateswara Thirumana Mandapam, Kannan Complex, Ootathur Road, Padalu Village, Alathur Taluk, Perambalur District.","The District Environmental Engineer,Tamilnadu Pollution Control Board, No.175L/10, Flat No.C2 & C4, Pallivasal Street, Near by Post Office, Thuraimangalam, Perambalur District.",https://www.tnpcb.gov.in/PDF/Citizen_corner/ph/ExeSumEngVelmurugan11226.pdf,https://www.tnpcb.gov.in/PDF/Citizen_corner/ph/EIARptEngVelmurugan11226.pdf
"M/s.L.Hariharan Rough Stone Quarry, S.F.No.10/1(Block-2), Padalur(East) Village, Alathur Taluk, Perambalur District.",Total Extent of 1.40.60 Hectare,13.03.2026@ 10.30 AM,"M/s.Sri Venkateswara Thirumana Mandapam, Kannan Complex, Ootathur Road, Padalu Village, Alathur Taluk, Perambalur District.","The District Environmental Engineer,Tamilnadu Pollution Control Board, No.175L/10, Flat No.C2 & C4, Pallivasal Street, Near by Post Office, Thuraimangalam, Perambalur District.",https://www.tnpcb.gov.in/PDF/Citizen_corner/ph/ExeSumEngHariharan11226.pdf,https://www.tnpcb.gov.in/PDF/Citizen_corner/ph/EIARptEngHariharan11226.pdf
"M/s.Surya Stones , S.F.No.123(Block-1), Padalur(East) Village, Alathur Taluk, Perambalur District.",Total Extent of 1.50.0 Hectare,27.02.2026@ 10.30 AM,"M/s.Sri Venkateswara Thirumana Mandapam, Kannan Complex, Ootathur Road, Padalu Village, Alathur Taluk, Perambalur District.","The District Environmental Engineer,Tamilnadu Pollution Control Board, No.175L/10, Flat No.C2 & C4, Pallivasal Street, Near by Post Office, Thuraimangalam, Perambalur District.",https://www.tnpcb.gov.in/PDF/Citizen_corner/ph/ExeSumEngSuryastone24126.pdf,https://www.tnpcb.gov.in/PDF/Citizen_corner/ph/EIARptEngSuryastone24126.pdf
"M/s.S A Enterprises, S.F.Nos.139, 140/1A, 140/1B, 144/1A1, 144/1A2, 145/1A, 145/1B1, 145/1B2, 145/1B3, 145/2A, 145/2B1, 145/2B2, 145/3A, 145/4, 145/5A, 145/5B, 145/7A, 145/7B, 145/9A1, 145/9A2, 145/9B, 145/10 & 145/11 of Kundiyanthandalam Village, Vembakkam Taluk, Thiruvannamalai District.",Proposed Rough Stone & Gravel Quarry lease over en Extent of 4.96.0 Ha.,27.02.2026@ 12.00 PM,"M/s.R.S.E Mahal, Mamandur, Poongavana Kumarasamy Nagar, No.316/N, Kanchipuram to Vandavasi Road, Vembakkam Taluk, Thiruvannamalai-631702","The District Environmental Engineer,Tamilnadu Pollution Control Board, District Collectorate Master Plan Complex, Vengikkal, Thiruvannamalai-606604",https://www.tnpcb.gov.in/PDF/Citizen_corner/ph/ExeSumEngSAEnterprises22126.pdf,https://www.tnpcb.gov.in/PDF/Citizen_corner/ph/EIARptEngSAEnterprises22126.pdf
"M/s.Sri Kanniammal Blue Metals, S.F.Nos.162/1, 162/2A, 162/2B, 162/3, 162/4, 162/5A, 162/5B, 162/6, 162/7, 162/8, 162/10A1, 162/10A2, 162/10A3 & 162/10A3B Kundiyanthandalam Village and 117/12A2, 144/1A, 144/2 of Poonaithangal Village, Vembakkam Taluk, Thiruvannamalai District.",Proposed Rough Stone & Gravel Quarry lease over en Extent of 3.38.58 Ha.,27.02.2026@ 11.00 AM,"M/s.R.S.E Mahal, Mamandur, Poongavana Kumarasamy Nagar, No.316/N, Kanchipuram to Vandavasi Road, Vembakkam Taluk, Thiruvannamalai-631702","The District Environmental Engineer,Tamilnadu Pollution Control Board, District Collectorate Master Plan Complex, Vengikkal, Thiruvannamalai-606604",https://www.tnpcb.gov.in/PDF/Citizen_corner/ph/ExeSumEngKanniammal22126.pdf,https://www.tnpcb.gov.in/PDF/Citizen_corner/ph/EIARptEngKanniammal22126.pdf
"M/s.Elangovan Stone Crusher, S.F.No.27/1A(Block-3), Elambalur Village, Perambalur Taluk, Perambalur District.",Total Extent of 2.50.0 Hectare,26.02.2026@ 10.30 AM,"M/s.Mahalakshmi Mahal, Near Grand Super Market, Elambalur Road, Perambalur-621212.","The District Environmental Engineer,Tamilnadu Pollution Control Board, No.175L/10, Flat No.C2 & C4, Pallivasal Street, Near by Post Office, Thuraimangalam, Perambalur District.",https://www.tnpcb.gov.in/PDF/Citizen_corner/ph/ExeSumEngElagovan24126.pdf,https://www.tnpcb.gov.in/PDF/Citizen_corner/ph/EIARptEngElangovane24126.pdf
"M/s.K.Prasadraju, S.F.Nos.36/1, 36/2B, 36/4B2, 36/4C, 37/1B2, 37/1E of Maruthamputhur Part-1 Village, S.F.No.145/1C, 145/1D, 145/1E, 146/9E, 146/9F, 146/9G, 147/1, 147/2A, 147/2B, 147/3A, 147/3B, 147/4C, 147/5F, 147/5H, 147/8B, 147/9C and 148/1 of Maruthamputhur Part-2 Village, Alangulam Taluk, Tenk",Proposed Rough Stone & Gravel Quarry over en Extent of 5.99.05 Ha.,26.02.2026@ 11.00 AM,"Chandirattiar Mahal, 7/153, Ambai Road, Kalathimadam, Alangulam Taluk, Tenkasi District-627851.","The District Environmental Engineer,Tamilnadu Pollution Control Board, 31/16th Street, NGO Colony, Melagaram Post, Tenkasi District-627818.",https://www.tnpcb.gov.in/PDF/Citizen_corner/ph/ExeSumEngPrasadraju23126.pdf,https://www.tnpcb.gov.in/PDF/Citizen_corner/ph/EIARptEngPrasadraju23126.pdf
"M/s.MSH Blue Metal, S.F.Nos.102/1, 102/2, 102/3, 102/4, 102/5, 102/6A, 102/6B, 102/7A, 102/7B, 102/7C, 103/3A, 103/3B, 103/4, 103/5A, 103/5B, 103/5C, 103/5D. 103/6A, 103/6B & 103/7 of Mangalam Village, Cheyyar Taluk, Thiruvannamalai District.",Proposed Rough Stone & Gravel Quarry lease over en Extent of 1.98.0 Ha.,26.02.2026@ 12.00 PM,"M/s.Jaithri Kalyana Mandapam, No.192/2A3, Chithathur Main Road, Cholavaram Village, Vembakkam Taluk, Thiruvannamalai District-631701.","The District Environmental Engineer,Tamilnadu Pollution Control Board, District Collectorate Master Plan Complex, Vengikkal, Thiruvannamalai-606604",https://www.tnpcb.gov.in/PDF/Citizen_corner/ph/ExeSumEngMSHBluemetal22126.pdf,https://www.tnpcb.gov.in/PDF/Citizen_corner/ph/EIARptEngMSHBluemetal22126.pdf
"M/s.SVS Mines, S.F.Nos.35/2(P), 3, 5(P), 1A, 1B1(P), 1B2(P) & 36 of Kaganam Village, Vembakkam Taluk, Thiruvannamalai District.",Proposed Rough Stone & Gravel Quarry lease over en Extent of 2.85.40 Ha.,26.02.2026@ 11.00 AM,"M/s.Jaithri Kalyana Mandapam, No.192/2A3, Chithathur Main Road, Cholavaram Village, Vembakkam Taluk, Thiruvannamalai District-631701.","The District Environmental Engineer,Tamilnadu Pollution Control Board, District Collectorate Master Plan Complex, Vengikkal, Thiruvannamalai-606604",https://www.tnpcb.gov.in/PDF/Citizen_corner/ph/ExeSumEngSVSMines22126.pdf,https://www.tnpcb.gov.in/PDF/Citizen_corner/ph/EIARptEngSVSMines22126.pdf
"M/s.Shree Cement Ltd, S.F.Nos.329/2, 330/2pt, etc of Tiruttani village, 372/3Cpt, 374/2Apt, 378/10, 378/18, 383/5, etc of Devasenapuram Village & 423/3pt, 424/1, 425pt, 426pt, etc of Valliammapuram village, Karthikeyapuram Panchayat, Tiruttani Taluk, Thiruvallur District.",Proposed Tiruttani Clinker Grinding Unit with a Cement production capacity of 3.50 MTPA(OPC/PPC/PSC/RHPC/SRC/CC) along with Railway Siding and DG Sets,Postponed,"M/s.Jothi Ramasamy Mahal, Arakkonam Road, Valliammapuram, Tiruttani, Thiruvallur District-632211.","The District Environmental Engineer,Tamilnadu Pollution Control Board, Master Plan Complex, S.F.No.1/6D & 1/5B, Perumbakkam Village, Thiruvallur-602001.",https://www.tnpcb.gov.in/PDF/Citizen_corner/ph/ExeSumEngShreecement23126.pdf,https://www.tnpcb.gov.in/PDF/Citizen_corner/ph/EIARptEngShreecement23126.pdf
"M/s.Karthikeyan Manoharan, S.F.Nos.973/1, 973/7B, 975/2, 977 & 978/2 of Maruthadu Village, Vandavasi Taluk, Thiruvannamalai District.",Proposed Rough Stone & Gravel Quarry lease over en Extent of 1.96.03 Ha.,24.02.2026@ 12.00 PM,"M/s.A.J.Thirumana Mahal, Maruthadu Village, Vandavasi Taluk, Tiruvannamalai District-604405","The District Environmental Engineer,Tamilnadu Pollution Control Board, District Collectorate Master Plan Complex, Vengikkal, Thiruvannamalai-606604",https://www.tnpcb.gov.in/PDF/Citizen_corner/ph/ExeSumEngKarthikeyan21126.pdf,https://www.tnpcb.gov.in/PDF/Citizen_corner/ph/EIARptEngKarthikeyan21126.pdf
"M/s.R.Arul, S.F.Nos.965/1A, 965/1B, 965/1C, 965/1D, 965/2A1 & 965/2B1 of Maruthadu Village, Vandavasi Taluk, Thiruvannamalai District.",Proposed Rough Stone & Gravel Quarry lease over en Extent of 2.28.50 Ha.,24.02.2026@ 11.00 AM,"M/s.A.J.Thirumana Mahal, Maruthadu Village, Vandavasi Taluk, Tiruvannamalai District-604405","The District Environmental Engineer,Tamilnadu Pollution Control Board, District Collectorate Master Plan Complex, Vengikkal, Thiruvannamalai-606604",https://www.tnpcb.gov.in/PDF/Citizen_corner/ph/ExeSumEngArul21126.pdf,https://www.tnpcb.gov.in/PDF/Citizen_corner/ph/EIARptEngArul21126.pdf
"M/s.D.Rani Multi Colour Granite Quarry, S.F.No.75/1B, 75/3A, 76/1, 78/1, & 78/2 Veeriyampalayam Village, Krishnarayapuram Taluk, Karur District.",Over en Extent of 2.93.0 Hectares.,24.02.2026@ 11.00 AM,"Shri Pambalamman Mahal, Mahi Complex, Lakshmanampatti, Krishnarayapuram Taluk, Karur District.","The District Environmental Engineer,Tamilnadu Pollution Control Board, No.86, Arivuthirukkovil Road, L.N.S.Village, L.G.B Nagar, Karur-639002.",https://www.tnpcb.gov.in/PDF/Citizen_corner/ph/ExeSumEngRani21126.pdf,https://www.tnpcb.gov.in/PDF/Citizen_corner/ph/EIARptEngRani21126.pdf
"M/s.Sri Blue Metals, S.F.No.343, 344/4 of Belladhi Village and S.F.No.65/1A(P) of Chikkarampalayam Village, Mettupalayam Taluk, Coimbatore District.",Proposed Rough Stone Quarry over an extent of 3.63.65 Ha.,18.02.2026@ 11.00 AM,"Dhurai's Mahal, Kannarpalayam, Chikkarampalayam Village, Mettupalayam Taluk, Coimbatore District.","The District Environmental Engineer,Tamilnadu Pollution Control Board, Coimbatore North, No.5, Ramasamy Nagar, Kavundampalayam, Coimbatore-641030.",https://www.tnpcb.gov.in/PDF/Citizen_corner/ph/ExeSumEngSribluemetals14126.pdf,https://www.tnpcb.gov.in/PDF/Citizen_corner/ph/EIARptEngSribluemetals14126.pdf
"M/s.P.Subramanian Rough Stone & Gravel Quarry, Survey Nos85/1A, 88/1A2 & 88/1B, Eraiyur Village, Vanur Taluk, Villupuram District.",Proposed Rough Stone & Gravel Quarry over an extent of 2.41.42 Ha.,17.02.2026@ 12.00 PM,"M/s.R.Ramasamy Seethalakshmi Palace A/C, S.F.No.210/13, Mailam Village(Near Mailam Engineering College), Tindivanam Taluk, Villupuram District-604 304.","The District Environmental Engineer,Tamilnadu Pollution Control Board, District Collectorate Master Plan Complex, Backside to Taluk Office, Cillupuram-605602.",https://www.tnpcb.gov.in/PDF/Citizen_corner/ph/ExeSumEngSubramanian14126.pdf,https://www.tnpcb.gov.in/PDF/Citizen_corner/ph/EIARptEngSubramanian14126.pdf
"M/s.T.Bharathan Rough Stone & Gravel Quarry, Survey Nos.98/1, 95/2, 80/2B & 95/1 Eraiyur Village, Vanur Taluk, Villupuram District.",Proposed Rough Stone & Gravel Quarry over an extent of 4.31.0 Ha.,17.02.2026@ 10.00 AM,"M/s.R.Ramasamy Seethalakshmi Palace A/C, S.F.No.210/13, Mailam Village(Near Mailam Engineering College), Tindivanam Taluk, Villupuram District-604 304.","The District Environmental Engineer,Tamilnadu Pollution Control Board, District Collectorate Master Plan Complex, Backside to Taluk Office, Cillupuram-605602.",https://www.tnpcb.gov.in/PDF/Citizen_corner/ph/ExeSumEngBharathan14126.pdf,https://www.tnpcb.gov.in/PDF/Citizen_corner/ph/EIARptEngBharathan14126.pdf
"M/s.Nimoshrai Rough Stone & Gravel Quarry, S.F.No.294/1, Karudayampalayam Village, Pugalur Taluk, Karur District.",Proposed Rough Stone & Gravel Quarry over an extent of 3.60.0 Hectares.,17.02.2026@ 11.00 AM,"Bharani Mahal, Door No.5/130, Near Balamalai, Pavithram Village, Pugalur Taluk, Karur District.","The District Environmental Engineer,Tamilnadu Pollution Control Board, No.86, Arivuthirukkovil Road, L.N.S.Village, L.G.B Nagar, Karur-639002.",https://www.tnpcb.gov.in/PDF/Citizen_corner/ph/ExeSumEngNimoshraj14126.pdf,https://www.tnpcb.gov.in/PDF/Citizen_corner/ph/EIARptEngNimoshraj14126.pdf
"M/s.State Industries Promotion Corporation of Tamilnadu Ltd(SIPCOT), Allikulam Keelathattaparai, Perurani, Umarikottai, Melathattaparai, Ramasamypuram and Therkusillukkanpatti Villages, Thoothukudi Taluk, Thoothukudi District.",Development of an Industrial Park over an extent of 796.240 Hectares(1966.713 Acres),16.02.2026@ 03.00 PM,"Sathya Mahal, Door No.4/88, Bypass Road, Puthukottai, Thoothukudi Taluk, Thoothukudi District.-628103.","The District Environmental Engineer,Tamilnadu Pollution Control Board, C7 & C9, SIPCOT Industrial Complex, Meelavittan, Thoothukudi-628008.",https://www.tnpcb.gov.in/PDF/Citizen_corner/ph/ExeSumEngSIPCOTAllilulam14126.pdf,https://www.tnpcb.gov.in/PDF/Citizen_corner/ph/EIARptEngSIPCOTAllilulam14126.pdf
"M/s.Phoenix Kothari Footwear Ltd, Plot A1 of SIPCOT, S.F.Nos.231pt, 232pt, 233, 234, 235pt, 241pt, 259, 261pt, 266, 267, 268, 269, 270pt, 271pt, 272, 273pt, 274pt, 275pt, 276pt, 277pt, 278, 279pt, 280pt, 281, 282pt, 283pt, Eraiyur Village, Veppanthattai Taluk, Perambalur District.",Total land extent of 72.12 Ha.,12.02.2026@ 10.30 AM,"M/s.Kathir Mahal, Chinnaru, Eraiyur, NH-45, Chennai Trichy Highway, Veppanthattai Taluk, Perambalur District.-621133.","The District Environmental Engineer,Tamilnadu Pollution Control Board, No.175L/10, Flat No.C2 & C4, Pallivasal Street, Near by Post Office, Thuraimangalam, Perambalur District-621220.",https://www.tnpcb.gov.in/PDF/Citizen_corner/ph/ExeSumEngPhoneixkothari9126.pdf,https://www.tnpcb.gov.in/PDF/Citizen_corner/ph/EIARptEngPhoneixkothari9126.pdf
"M/s.S.Shanmugham, S.F.No.169/1A, 169/1B, 178/1(Part), 178/2(Part), 179/1A and 179/1B, Idayarpalayam Village, Sulur Taluk, Coimbatore District.",Proposed quarrying of 5.11.5 Hectares of Rough Stone & Gravel.,12.02.2026@ 03.00 PM,"M/s.Suya Uthavi Kulu Kootamaippu Building, Pachapalayam Panchayat, Periyakuili, Sultanpet PAnchayat Union, Coimbatore District-641201.","The District Environmental Engineer,Tamilnadu Pollution Control Board, Coimbatore South, E-55A, SIDCO Industrial Estate, Pollachi Main Road, Kurichi, Coimbatore-641021.",https://www.tnpcb.gov.in/PDF/Citizen_corner/ph/ExeSumEngShanmugam9126.pdf,https://www.tnpcb.gov.in/PDF/Citizen_corner/ph/EIARptEngShanmugam9126.pdf
"M/s.K.Mahalingam, S.F.No.816(P), 818, 819/1, 822/1(P), 822/2A(P), 824/1A, Sokkanur Village, Kinathukadavu Taluk, Coimbatore District.",Proposed quarrying of 3.01.0 Hectares of Rough Stone & Gravel.,12.02.2026@ 10.30 AM,"M/s.Shri Pathi Malai Balamurugan Temple Thirumana Mandapam, Appachigoundampathy, Kumittipathi, Coimbatore-641032.","The District Environmental Engineer,Tamilnadu Pollution Control Board, Coimbatore South, E-55A, SIDCO Industrial Estate, Pollachi Main Road, Kurichi, Coimbatore-641021.",https://www.tnpcb.gov.in/PDF/Citizen_corner/ph/ExeSumEngMahalingam9126.pdf,https://www.tnpcb.gov.in/PDF/Citizen_corner/ph/EIARptEngMahalingam9126.pdf
"M/s.S.Ayyappan, S.F.No.160/4, 159/1, 132/2B and 131/1C2(P) in Puliyampatti Village, Palani Taluk, Dindigul District.",Existing Rough Stone & Gravel Quarry lease over an extent of 1.86.0 Ha.,12.02.2026@ 11.00 AM,"Samuthayakuddam Puliyampatti Panchayat, Thoppampatti Panchayat Union, Palani Taluk, Dindigul District.","The District Environmental Engineer,Tamilnadu Pollution Control Board, Collector Office Campus, Dindigul-624004",https://www.tnpcb.gov.in/PDF/Citizen_corner/ph/ExeSumEngAyyappan231225.pdf,https://www.tnpcb.gov.in/PDF/Citizen_corner/ph/EIARptEngAyyappan231225.pdf
"M/s.R.Jaffer Ali Rough Stone Quarry, S.F.No.216/1 of Melur Village, Kulathur Taluk, Pudukottai District.",Proposed Rough Stone Quarry extent of 1.47.5 Ha.,11.02.2026@ 11.00 AM,"Samuthayakuddam Melur Village, Sathiyamangalam Post, Kulathur Taluk, Pudukottai District-622501.","The District Environmental Engineer,Tamilnadu Pollution Control Board, No.01, SIPCOT Industrial Complex, SIPCOT Post, Pudukottai-622002.",https://www.tnpcb.gov.in/PDF/Citizen_corner/ph/ExeSumEngJafferali301225.pdf,https://www.tnpcb.gov.in/PDF/Citizen_corner/ph/EIARptEngJafferali301225.pdf
"M/s.S.Kokulraj, S.F.Nos.95/1, 95/2, 95/3, 95/4, 95/5, 95/6, 95/7, 95/8, 95/9 & 95/10 of Palli Village, Cheyyar Taluk, Thiruvannamalai District.",Proposed Rough Stone & Gravel Quarry lease over an extent of 3.45.0 Ha,10.02.2026@ 11.00 AM,"M/s.Jaithri Kalyana Mandapam, No.192/2A3, Chithathur Main Road, Cholavaram Village, Vembakkam Taluk, Thiruvannamalai-631701.","The District Environmental Engineer,Tamilnadu Pollution Control Board, District Collectorate MAster Plan Complex, Vengikkal, Thiruvannamalai-606604",https://www.tnpcb.gov.in/PDF/Citizen_corner/ph/ExeSumEngGokulraj8126.pdf,https://www.tnpcb.gov.in/PDF/Citizen_corner/ph/EIARptEngGokulraj8126.pdf
"M/s.VKP Engineering Ind Pvt Ltd Rough Stone & Gravel Quarry Cluster(3 Nos.)(i)S.F.No.543/2 over an extent of 1.64.38 Ha (ii)S.F.No.538/2A, 538/2B, 539/2(Part) over an extent of 2.90.0 Ha (iii)S.F.No.536, 537/1, 537/2 & 537/3 over an extent of 4.51.0 Ha of Peruntholuvu Village, Tiruppur South Taluk,",Proposed Rough Stone and Gravel Quarry over an extent of 9.05.38 Ha.,10.02.2026@ 10.30 AM,"Muthukumaran Marriage Hall, S.F.No.424/3C, Peruntholuvu, Tiruppur, Koduvai Nachipalayam Road, Tiruppur-641665","The District Environmental Engineer,Tamilnadu Pollution Control Board, Tiruppur(North), II Fllor, Kumaran Commercial Complex, Kumaran Road, Tiruppur-641601",https://www.tnpcb.gov.in/PDF/Citizen_corner/ph/ExeSumEngVKPEngr311225.pdf,https://www.tnpcb.gov.in/PDF/Citizen_corner/ph/EIARptEngVKPEngr311225.pdf
"M/s.G.Vijayalakshmi Rough Stone & Gravel Quarry, S.F.No.309/2A &309/3A(Part) of Poomalur Village, Palladam Taluk, Tiruppur District.",Proposed Rough Stone and Gravel Quarry over an extent of 1.79.0 Ha.,06.02.2026@ 10.00 AM,"M/s.Sri Amman Kalai Arangam, Bhathrakaliamman Temple, Pallipalayam, Poomalur Village, Palladam Taluk, Tiruppur District.","The District Environmental Engineer,Tamilnadu Pollution Control Board, Tiruppur(South), 12A, Pollachi Bypass Road, Palladam, Tiruppur District-641664",https://www.tnpcb.gov.in/PDF/Citizen_corner/ph/ExeSumEngVijayalakshmi311225.pdf,https://www.tnpcb.gov.in/PDF/Citizen_corner/ph/EIARptEngVijayalakshmi311225.pdf
"M/s.Shrivari Blue Metal Rough Stone Quarry, S.F.No.123(Block-2), Padalur(East)Village, Alathur Taluk, Perambalur District.",Over an extent of 1.50.00 Hectares.,04.02.2026@ 10.30 AM,"M/s.Sri Venkateswara Thirumana Mandapam, Kannan Complex, Ootathur Road, Padalur Village, Alathur Taluk, Perambalur-621109","The District Environmental Engineer,Tamilnadu Pollution Control Board, No.175L/10, Flat No.C2 & C4, Pallivasal Street, Nearby Post Office, Thuraimangalam, Perambalur District-621220",https://www.tnpcb.gov.in/PDF/Citizen_corner/ph/ExeSumEngShrivaribluemetal241225.pdf,https://www.tnpcb.gov.in/PDF/Citizen_corner/ph/EIARptEngShrivaribluemetal241225.pdf
"M/s.D.Balaji Rough Stone & Gravel Quarry, S.F.No.124/1A, 124/1B, 124/3A, 124/3C, 124/4A & 124/4B, Padalur(East)Village, Alathur Taluk, Perambalur District.",Over an extent of 2.75.00 Hectares.,03.02.2026@ 10.30 AM,"M/s.Sri Venkateswara Thirumana Mandapam, Kannan Complex, Ootathur Road, Padalur Village, Alathur Taluk, Perambalur-621109","The District Environmental Engineer,Tamilnadu Pollution Control Board,No.175L/10, Flat No.C2 & C4, Pallivasal Street, Nearby Post Office, Thuraimangalam, Perambalur District-621220",https://www.tnpcb.gov.in/PDF/Citizen_corner/ph/ExeSumEngBalaji241225.pdf,https://www.tnpcb.gov.in/PDF/Citizen_corner/ph/EIARptEngBalaji241225.pdf
"M/s.K.Dhanamal Rough Stone & Gravel Quarry, S.F.No.288, Karudayampalayam Village, Pugalur Taluk, Karur District.",Over an extent of 4.02.50 Hectares.,03.02.2026@ 11.00 AM,"Bharani Mahal, Door No.5/130, Near Balamalai, PAvithram Village, Pugalur Taluk, Karur District.","The District Environmental Engineer,Tamilnadu Pollution Control Board, No.86, Arivuthirukkovil Road, L.N.S. Village, L.G.B Nagar, Karur-639002.",https://www.tnpcb.gov.in/PDF/Citizen_corner/ph/ExeSumEngDhanamal181225.pdf,https://www.tnpcb.gov.in/PDF/Citizen_corner/ph/EIARptEngDhanamal181225.pdf
"M/s.C.Selvam, S.F.Nos.927/2,3,4,5, 940/2 and 943/1 of Thimmarasanayakkanur Bit-I Village, Andipatti Taluk, Theni District.",Proposed cluster of Rough Stone and Gravel Quarries(1-Proposed and 1-Existing Quary,30.01.2026@ 10.00 AM,"Krishnan Kovil Mandapam, Thimmarasanayakkanur Village, Andipatti Taluk, Theni District-625512.","The District Environmental Engineer,Tamilnadu Pollution Control Board, SAR Complex, 15-4-12A-3, Boothipuram Road, Theni District-625531.",https://www.tnpcb.gov.in/PDF/Citizen_corner/ph/ExeSumEngSelvam301225.pdf,https://www.tnpcb.gov.in/PDF/Citizen_corner/ph/EIARptEngSelvam301225.pdf
"M/s.S.Padmakumar, S.F.No.195/2B(P), 179/1A(P), 178/1 & 178/2(P) of Peranakavur Village, Uthiramerur Taluk, Kancheepuram District.",Proposed Rough Stone & Gravel Quarry over an extent of 2.99.78 Hectares.,29.01.2026@ 11.00 AM,"M/s.J.S Thirumana Mandapam, Police Station Street, Kurubirai, Salavakkam Village, Uthiramerur Taluk, Kancheepuram-603107.","The District Environmental Engineer,Tamilnadu Pollution Control Board, Plot.No.CP-5B, SIPCOT Industrial Growth Center, Oragadam, Sriperumbudur Taluk, Kancheepuram District-602105",https://www.tnpcb.gov.in/PDF/Citizen_corner/ph/ExeSumEngPadmakumar241225.pdf,https://www.tnpcb.gov.in/PDF/Citizen_corner/ph/EIARptEngPadmakumar241225.pdf
"M/s.C.Shanmugham, S.F.Nos.144/2A2(Part), Arasampalayam Village, Kinathukadavu Taluk, Coimbatore District.",Proposed quarrying of 1.41.0 Hectares of Rough Stone & Gravel.,29.01.2026@ 11.00 AM,"M/s.PRS Thirumana Mandapam, Coimbatore-Pollachi Main Road, Eelur Pirivu, Coimbatore District","The District Environmental Engineer,Tamilnadu Pollution Control Board, Coimbatore South, E-55A, SIDCO Industrial Estate, Pollachi Main Road, Kurichi, Coimbatore-641021.",https://www.tnpcb.gov.in/PDF/Citizen_corner/ph/EIARptEngShanmugam231225.pdf,https://www.tnpcb.gov.in/PDF/Citizen_corner/ph/EIARptEngShanmugam231225.pdf
"M/s.K.Ramaraj, S.F.Nos.70/1(P), & 71/1, Myleripalayam Village, Madukkarai Taluk, Coimbatore District.",Proposed quarrying of 1.06.50 Hectares of Rough Stone & Gravel.,29.01.2026@ 11.00 AM,"M/s.PRS Thirumana Mandapam, Coimbatore-Pollachi Main Road, Eelur Pirivu, Coimbatore District","The District Environmental Engineer,Tamilnadu Pollution Control Board, Coimbatore South, E-55A, SIDCO Industrial Estate, Pollachi Main Road, Kurichi, Coimbatore-641021.",https://www.tnpcb.gov.in/PDF/Citizen_corner/ph/EIARptEngRamaraj231225.pdf,https://www.tnpcb.gov.in/PDF/Citizen_corner/ph/EIARptEngRamaraj231225.pdf
"M/s.T.Prabhakaran Rough Stone & Gravel Quarry, S.F.Nos.1083(Part), 1084/1(Part), 1084/2(Part), 1086/1(Part), 1089/1(Part)& 1089/2(Part),Punnam Village, Pugalur Taluk, Karur District.",Over an extent of 5.43.40 Hectares.,29.01.2026@ 11.00 AM,"Bharani Mahal, Door No.5/130, Near Balamalai, PAvithram Village, Pugalur Taluk, Karur District.","The District Environmental Engineer,Tamilnadu Pollution Control Board, No.86, Arivuthirukkovil Road, L.N.S. Village, L.G.B Nagar, Karur-639002.",https://www.tnpcb.gov.in/PDF/Citizen_corner/ph/ExeSumEngPrabhakaran181225.pdf,https://www.tnpcb.gov.in/PDF/Citizen_corner/ph/EIARptEngPrabhakaran181225.pdf
"M/s.Ram Blue Metals Rough Stone & Gravel Quarry, S.F.No.289/2, Karudayampalayam Village, Pugalur Taluk, Karur District.",Over an extent of 4.09.0 Hectares.,29.01.2026@ 12.30 PM,"Bharani Mahal, Door No.5/130, Near Balamalai, PAvithram Village, Pugalur Taluk, Karur District.","The District Environmental Engineer,Tamilnadu Pollution Control Board, No.86, Arivuthirukkovil Road, L.N.S. Village, L.G.B Nagar, Karur-639002.",https://www.tnpcb.gov.in/PDF/Citizen_corner/ph/ExeSumEngRambluemetals181225.pdf,https://www.tnpcb.gov.in/PDF/Citizen_corner/ph/EIARptEngRambluemetals181225.pdf
"M/s.R.Natarajan Rough Stone & Gravel Quarry, S.F.No.251/3A, Karaikudi Village, Anaicut Taluk, Vellore District.","Proposed Rough Stone Quarry of 74,260 Cubic Meter of Production capacity and Gravel Quarry 7,752 Cubic Meter of production capacity for five years ove",22.01.2026@ 03.00 PM,"M/s.GST(Gopal Saraswathi Thirumal) Mahal, Karaikudi Village, Anaicut Taluk, Vellore District-632107.","The District Environmental Engineer,Tamilnadu Pollution Control Board, Auxilium College Road, Gandhi Nagar, Vellore-632006.",https://www.tnpcb.gov.in/PDF/Citizen_corner/ph/ExeSumEngNatarajan171225.pdf,https://www.tnpcb.gov.in/PDF/Citizen_corner/ph/EIARptEngNatarajan171225.pdf
"M/s.R.Natarajan Rough Stone & Gravel Quarry, S.F.No.253/7, 259/2, 259/4 & 259/5 Karaikudi Village, Anaicut Taluk, Vellore District.","Proposed Rough Stone Quarry of 2,08,760 Cubic Meter of Production capacity and Gravel Quarry 34,184 Cubic Meter of production capacity for five years",22.01.2026@ 03.00 PM,"M/s.GST(Gopal Saraswathi Thirumal) Mahal, Karaikudi Village, Anaicut Taluk, Vellore District-632107.","The District Environmental Engineer,Tamilnadu Pollution Control Board, Auxilium College Road, Gandhi Nagar, Vellore-632006.",https://www.tnpcb.gov.in/PDF/Citizen_corner/ph/ExeSumEngNatarajan2.31_171225.pdf,https://www.tnpcb.gov.in/PDF/Citizen_corner/ph/EIARptEngNatarajan2.31_171225.pdf
"M/s.KMB Trading Company, S.F.No.823(Part) and 824/3, Ajjanahalli Village, Pennagaram Taluk, Dharmapuri District.",Proposed Black Granite Quarry over an extent of 4.50.0 Ha.,20.01.2026@ 11.00 AM,"M/s.R.N.Mahal(Ramanagammal) Near Vasatham Thetre, Eriyur Village, Pennagaram Taluk, Dharmapuri District-636810.","The District Environmental Engineer,Tamilnadu Pollution Control Board, Adhiyamankottai-Hosur bye pass Road, A.Reddihalli Village, Dharmapuri Taluk, Dharmapuri District-636809",https://www.tnpcb.gov.in/PDF/Citizen_corner/ph/ExeSumEngKMBTrading31225.pdf,https://www.tnpcb.gov.in/PDF/Citizen_corner/ph/EIARptEngKMBTrading31225.pdf
"M/s.C.Palanisamy Rough Stone Quarry, S.F.No.94(Part-1) of Sithannavasal Village, Illupur Taluk, Pudukottai District.",Proposed Rough Stone Quarrry extent of 2.80.33 Ha.,08.01.2026@ 11.30 AM,"M/s.A.R.Rajendhran Thirumana Mahal, No.398, Kalathur Bus Stop, Nallmachathiram, Sithannavasal Village, Illupur Taluk, Pudukottai Distric-622101.","The District Environmental Engineer,Tamilnadu Pollution Control Board, No.01, SIPCOT Industrial Complex, SIPCOT Post, Pudukottai-622002.",https://www.tnpcb.gov.in/PDF/Citizen_corner/ph/ExeSumEngPalanisamy31225.pdf,https://www.tnpcb.gov.in/PDF/Citizen_corner/ph/EIARptEngPalanisamy31225.pdf
"M/s.K.Muthukumar Rough Stone Quarry, S.F.No.94(Part-2) of Sithannavasal Village, Illupur Taluk, Pudukottai District.",Proposed Rough Stone Quarrry extent of 2.28.30 Ha.,08.01.2026@ 10.30 AM,"M/s.A.R.Rajendhran Thirumana Mahal, No.398, Kalathur Bus Stop, Nallmachathiram, Sithannavasal Village, Illupur Taluk, Pudukottai Distric-622101.","The District Environmental Engineer,Tamilnadu Pollution Control Board, No.01, SIPCOT Industrial Complex, SIPCOT Post, Pudukottai-622002.",https://www.tnpcb.gov.in/PDF/Citizen_corner/ph/ExeSumEngMuthukumar31225.pdf,https://www.tnpcb.gov.in/PDF/Citizen_corner/ph/EIARptEngMuthukumar31225.pdf
"M/s.KMB Granite Enterprises Colour Granite Quarry, S.F.Nos.609A(Part)(Bit-2), Nagojanahalli Village, Pochampalli Taluk, Krishnagiri District.",Proposed Colour Granite Quarry lease over an extent of 4.10.0 Ha.,07.01.2026@ 11.00 AM,"M/s.Sri Shakathi Mahal, Thiruppattur Main Road, Vadamalampatti, Pochampalli-635206 Krishnagiri District.","The District Environmental Engineer,Tamilnadu Pollution Control Board, Plot No.149-A, Ist Floor, Sipcot Industrial Complex, Phase-1, Hosur-635126 Krishnagiri District.",https://www.tnpcb.gov.in/PDF/Citizen_corner/ph/ExeSumEngKMBGranite31225.pdf,https://www.tnpcb.gov.in/PDF/Citizen_corner/ph/EIARptEngKMBGranite31225.pdf
"M/s.Mahaganapathi Blue Metal Rough Stone & Gravel Quarry, S.F.No.511/1, 511/2 & 512/2, Kuppam Village, Pugalur Taluk, Karur District.",Proposed Rough Stone & Gravel Quarrry over an extent of 3.45.53 Hectares.,06.01.2026@ 11.00 AM,"Murugan Thirumana Mandapam, No.198/1, Atthipalayam Road, Kuppam Village, Pugalur Taluk, Karur District.","The District Environmental Engineer,Tamilnadu Pollution Control Board, No.86, Arivuthirukkovil, L.G.B.Nagar, Karur-639002.",https://www.tnpcb.gov.in/PDF/Citizen_corner/ph/ExeSumEngMahaganapathi281125.pdf,https://www.tnpcb.gov.in/PDF/Citizen_corner/ph/EIARptEngMahaganapathi281125.pdf
"M/s.G.Sathishkumar Rough Stone & Gravel Quarry, S.F.No.1204/1(Part), 1204/2, 1204/3, 1204/4(Part), 1204/5(Part), 1204/6(Part), 1204/7(Part), 1233/3B, 1233/4B, 1233/5B2, 1233/9B, 1233/10, 1223/1B, 1234/1A & 1234/2B, Punnam Village, Pugalur Taluk, Karur District.",Proposed Rough Stone & Gravel Quarrry over an extent of 1.46.25 Hectares.,30.12.2025@ 11.00 AM,"Bharani Mahal, Door No.5/130, Near Balamalai, Pavithram Village, Pugalur Taluk, Karur District.","The District Environmental Engineer,Tamilnadu Pollution Control Board, No.86, Arivuthirukkovil, L.G.B.Nagar, Karur-639002.",https://www.tnpcb.gov.in/PDF/Citizen_corner/ph/ExeSumEngSathishkumar281125.pdf,https://www.tnpcb.gov.in/PDF/Citizen_corner/ph/EIARptEngSathishkumar281125.pdf
"M/s.R.Sathish, S.F.No.208(Part-8), Paravakkal Village, Peranampattu Taluk, Vellore District.","Proposed Rough Stone Quarrry of 2,42,660 Cubic Meter of production capacity for ten years over an extent of 2.02.40 Hectares.",30.12.2025@ 01.00 PM,"M/s.MDM Mahal, Chendathur, Pernambut to Melpatti Road, Peranambut Taluk, Vellore-635805.","The District Environmental Engineer,Tamilnadu Pollution Control Board, Auxilium College Road, Gandhi Nagar, Vellore-632006.",https://www.tnpcb.gov.in/PDF/Citizen_corner/ph/ExeSumEngSathish201125.pdf,https://www.tnpcb.gov.in/PDF/Citizen_corner/ph/EIARptEngSathish201125.pdf
"M/s.J.Nareshkrishna , S.F.No.208(Part-6), Paravakkal Village, Peranampattu Taluk, Vellore District.","Proposed Rough Stone Quarrry of 2,17,495 Cubic Meter of production capacity for ten years over an extent of 2.03.00 Hectares(overal Extent of cluster",30.12.2025@ 12.00 PM,"M/s.MDM Mahal, Chendathur, Pernambut to Melpatti Road, Peranambut Taluk, Vellore-635805.","The District Environmental Engineer,Tamilnadu Pollution Control Board, Auxilium College Road, Gandhi Nagar, Vellore-632006.",https://www.tnpcb.gov.in/PDF/Citizen_corner/ph/ExeSumEngNareshkrishna201125.pdf,https://www.tnpcb.gov.in/PDF/Citizen_corner/ph/EIARptEngNareshkrishna201125.pdf
"M/s.Sri Sai Constructions, Thiru.Gowthamkrishna(Proprietor), S.F.No.208(Part-5), Paravakkal Village, Peranampattu Taluk, Vellore District.","Proposed Rough Stone Quarrry of 2,40,630 Cubic Meter of production capacity for ten years over an extent of 2.03.00 Hectares.",30.12.2025@ 11.00 AM,"M/s.MDM Mahal, Chendathur, Pernambut to Melpatti Road, Peranambut Taluk, Vellore-635805.","The District Environmental Engineer,Tamilnadu Pollution Control Board, Auxilium College Road, Gandhi Nagar, Vellore-632006.",https://www.tnpcb.gov.in/PDF/Citizen_corner/ph/ExeSumEngSaiConstruction201125.pdf,https://www.tnpcb.gov.in/PDF/Citizen_corner/ph/EIARptEngSaiConstruction201125.pdf
"M/s.Vannathiparai Nagammal Kalludaikum Magalir Sangam Rough Stone Quarry, S.F.No.1619(Part) of Thimmarasanaikanur Bit-II Village, Andipatti Taluk, Theni District.",Proposed Rough Stone Quarrry over an extent of 2.50.0 Ha.,24.12.2025@ 12 PM,"Arulmigu Sri Samuthirammal Thirukovil, T.Rajagopalanpatti, Andipatti Taluk, Theni District-625536.","The District Environmental Engineer,Tamilnadu Pollution Control Board, SAR Complex, 15-4-12A-3, Boothipuram Road, Tjheni District-625531.",https://www.tnpcb.gov.in/PDF/Citizen_corner/ph/ExeSumEngThavamani191125.pdf,https://www.tnpcb.gov.in/PDF/Citizen_corner/ph/EIARptEngThavanmani191125.pdf
"M/s.Vannathiparai Kalieswari Kalludaikum Magalir Sangam Rough Stone Quarry, S.F.No.1432/3(Part) of Thimmarasanaikanur Bit-II Village, Andipatti Taluk, Theni District.",Proposed Rough Stone Quarrry over an extent of 1.60.00 Ha.,24.12.2025@ 10 AM,"Arulmigu Sri Samuthirammal Thirukovil, T.Rajagopalanpatti, Andipatti Taluk, Theni District-625536.","The District Environmental Engineer,Tamilnadu Pollution Control Board, SAR Complex, 15-4-12A-3, Boothipuram Road, Tjheni District-625531.",https://www.tnpcb.gov.in/PDF/Citizen_corner/ph/ExeSumEngParimala191125.pdf,https://www.tnpcb.gov.in/PDF/Citizen_corner/ph/EIARptEngParimala191125.pdf
"M/s.Chettinad Cement Corporation Pvt Ltd, S.F.No.63/1, 63/2, 63/3A, 63/3B, 63/4, 63/5, 63/6A & etc., Sendurai Village, Sendurai Taluk, Ariyalur District.",Proposed Sendurai-Nakkambadi Limekankar quarry Lease over an extent of 18.20.5 Ha.,24.12.2025@ 11 AM,"M/s.Rajalakshmi Mahal, Jayankondam Main Road, Nearby EB Office, Sendurai Post, Sendurai Taluk, Ariyalur District.","The District Environmental Engineer,Tamilnadu Pollution Control Board, No.4/326, Trichy Main Road, Nearby RTO Office, Keelapalur Post, Ariyalur Taluk & District-621707.",https://www.tnpcb.gov.in/PDF/Citizen_corner/ph/ExeSumEngChettinadCement_Sd131125.pdf,https://www.tnpcb.gov.in/PDF/Citizen_corner/ph/EIARptEngChettinadCement_Sd131125.pdf
"M/s.S.Krishnasamy Rough Stone & Gravel Quarry, S.F.No.11/2B1, 11/2B2 & 14/2 of Kottaiyur Village, Virudhunagar Taluk & District.",Fresh Quarrying proposal over an extent of 1.31.0 Ha,23.12.2025@ 11 AM,"M/s.V.O.C Kalyana Mahal, Avudayapuram Village, Virudhunagar Taluk & District.-626204.","The District Environmental Engineer,Tamilnadu Pollution Control Board, No.23, Collectorate Campus, Virudhunagar-626002.",https://www.tnpcb.gov.in/PDF/Citizen_corner/ph/ExeSumEngKrishnasamy101125.pdf,https://www.tnpcb.gov.in/PDF/Citizen_corner/ph/EIARptEngKrishnasamy101125.pdf
"M/s.Chemplast Cuddalore Vinyls Ltd, Chithirapettai, Semmankuppam and Thiyagavalli Village, Cuddalore District.","Proposed Upgradation of existing Marine Terminal Facility with Proposed hydrocarbon transfer pipelines, crossover bridge along Uppanar River River, Se",19.12.2025@ 11 AM,"M/s.K.P.Logambal Mahal A/C, Viruthachalam Main Road, Kannarapettai, Cuddalore Taluk, Cuddalore District-607005.","The District Environmental Engineer,Tamilnadu Pollution Control Board, No.A3, SIPCOT Industrial Complex, Kudikadu, Cuddalore-607005.",https://www.tnpcb.gov.in/PDF/Citizen_corner/ph/ExeSumEngChemplastCudVinyls151125.pdf,https://www.tnpcb.gov.in/PDF/Citizen_corner/ph/EIARptEngChemplastCudVinyls151125.pdf
"M/s.Juvenus Drugs Plot No.38, Survey Nos.16 & 17, TANSIDCO Industrial Estate, Pelakuppam Tindivanam Taluk, Villupuram District.",Tindivam Mega Pharma Cluster over an extent of 5.867.95 Sq.m(1.45 Acres).,19.12.2025@ 10 AM,"M/s.Sree Lakshmi Narayana Mahal, S.F.No.142/4, 142/5A Pattanam Village(Ginge-Tindivanam Road, Rajagopal Nagar), Tindivanam Taluk, Villupuram District-604001.","The District Environmental Engineer,Tamilnadu Pollution Control Board, District Collectorate Master Plan Complex, Backside to Taluk Office, Villupuram-605602.",https://www.tnpcb.gov.in/PDF/Citizen_corner/ph/ExeSumEngJuvenus151125.pdf,https://www.tnpcb.gov.in/PDF/Citizen_corner/ph/EIARptEngJuvenus151125.pdf
"M/s.Global Mines for the proposed Rough Stone proposed Rough Stone and Gravel Quarry, S.F.No.181/2 over an extent of 2.03.05 ha Periyavenmani Village, Maduranthagam Taluk, Chengalpattu District. M/s.Global Mines for the proposed Rough Stone proposed Rough Stone and Gravel Quarry, S.F.No.174/1, 2, 3,",Qluster over an extent of 22.34.0 Ha,19.12.2025@ 11 AM,"M/s.KS Mahal, Puthur Koot Road, Cheyyur-Vandavasi Salai, Cheyyur-603302.","The District Environmental Engineer,Tamilnadu Pollution Control Board, Maraimalai Adigalar Street, Maraimalai Nagar, Chengalpattu District-603209.",https://www.tnpcb.gov.in/PDF/Citizen_corner/ph/ExeSumEngGlobalmines121125.pdf,https://www.tnpcb.gov.in/PDF/Citizen_corner/ph/EIARptEngGlobalmines121125.pdf
"M/s.Chettinad Cement Corporation Pvt Ltd, S.F.No.575/2B, 582/8A, 582/8B, 582/8C, 582/8D, 582/8E & etc., Sendurai Village, Sendurai Taluk, Ariyalur District.",Proposed Sendurai-Unjini Limekankar quarry Lease over an extent of 22.14.5 Ha.,19.12.2025@ 11 AM,"M/s.Rajalakshmi Mahal, Jayankondam Main Road, Nearby EB Office, Sendurai Post, Sendurai Taluk, Ariyalur District.","The District Environmental Engineer,Tamilnadu Pollution Control Board, No.4/326, Trichy Main Road, Nearby RTO Office, Keelapalur Post, Ariyalur Taluk & District-621707.",https://www.tnpcb.gov.in/PDF/Citizen_corner/ph/ExeSumEngChettinadcement131125.pdf,https://www.tnpcb.gov.in/PDF/Citizen_corner/ph/EIARptEngChettinadcement131125.pdf
"M/s.S.Senthil Kumar Rough Stone & Gravel Quarry, S.F.Nos.42/3A, 42/3B, 44/1, 44/2, 44/3, 44/4A(P) and 44/4B, Koraikeni Village, Vanur Taluk, Villupuram District.",Over an extent of 4.84.50 Hectares.,17.12.2025@ 11 AM,"M/s.Dhanslakshmi Mahal, SH-136, Karasanur Village, Vanur Taluk, Villupuram District-604304.","The District Environmental Engineer,Tamilnadu Pollution Control Board, District Collectorate Master Plan Complex, Backside to Taluk Office, Villupuram-605602.",https://www.tnpcb.gov.in/PDF/Citizen_corner/ph/ExeSumEngSenthilkumar151125.pdf,https://www.tnpcb.gov.in/PDF/Citizen_corner/ph/EIARptEngSenthilkumar151125.pdf
"M/s.Chettinad Cement Corporation Private Limited for the proposed Limekankar Quarry Lease over an extent of 3.42.5 Ha at S.F. Nos.39/1, 2, 4, 5, 6, 7, 8, 9, 10, 11, 12, 13, 57/2, 3, 4, 5, 6 & 7 and 15.14.5 Ha at S.F. Nos.41/1, 41/2, 41/3, 41/4, 41/5, 41/6, 41/9, 41/10, 41/11, 41/12, 41/13 & etc., in",Proposed Limekankar quarry Lease over an extent of 3.42.5 Ha and 15.14.5 Ha.,17.12.2025@ 11 AM,"M/s.Annalakshmi Rajapandiyan Thirumana Mahal, Rajiv Nagar, Valajanagaram Post, Ariyalur Taluk, Ariyalur District.","The District Environmental Engineer,Tamilnadu Pollution Control Board, No.4/326, Trichy Main Road, Nearby RTO Office, Keelapalur Post, Ariyalur Taluk & District-621707.",https://www.tnpcb.gov.in/PDF/Citizen_corner/ph/ExeSumEngEheetinadCement_KK131125.pdf,https://www.tnpcb.gov.in/PDF/Citizen_corner/ph/EIARptEngEheetinadCement_KK131125.pdf
"M/s.P.Elangovan Rough Stone & Gravel Quarry, S.F.Nos.46/1, 46/3, 46/4, 46/5, 46/6, 46/7, 46/8, 46/9, 46/11, 46/12, 47/1, 47/2, 47/4, 47/6(P), 47/7(P), 47/8, 47/9A, 47/9B(P), 47/8, 47/9A, 47/9B(P), 47/9C(P), 47/10, 47/11A, 47/11B, 47/11C(P), 47/11D(P), 47/11E(P), 47/11F(P) of kalaiyarkarisalkulam Vil",Fresh Quarrying proposal over an extent of 3.85.50 Ha,16.12.2025@ 11 AM,"M/s.Sathya Mahal, 1/117A, Aruppukottai-Sayalgudi Main Road, M.Reddiapatti, Aruppukottai Taluk, Virudhunagar District.","The District Environmental Engineer,Tamilnadu Pollution Control Board, No.23, Collectorate Campus, Virudhunagar-626002.",https://www.tnpcb.gov.in/PDF/Citizen_corner/ph/ExeSumEngElangovan101125.pdf,https://www.tnpcb.gov.in/PDF/Citizen_corner/ph/EIARptEngElangovan101125.pdf
"M/s.Shri Rajrudhra Minerals Pvt Ltd, S.F.Nos.394/2, 396/2, 402(P), 403(P), 407/1A1, 407/1A2, 407/1B, 407/2A, 407/2B, 408/1(P), 408/2(P), 408/4, 409/(P), and 698(P) of Melkaraipatty Village, Palani Taluk, Dindigul District.",over an extent of 14.40.00 Ha.,11.12.2025@ 11 AM,"M/s.Sri Maha Kaliyamman Kovil Thidal, Melkaraipatty Village, Palani Taluk, Dindigul District.","The District Environmental Engineer,Tamilnadu Pollution Control Board, Collector Office Campus, Dindigul-624004.",https://www.tnpcb.gov.in/PDF/Citizen_corner/ph/ExeSumEngRajrudhra394_61125.pdf,https://www.tnpcb.gov.in/PDF/Citizen_corner/ph/EIARptEngRajrudhra394_61125.pdf
"M/s.Shri Rajrudhra Minerals Pvt Ltd, S.F.No.381/1(P) of Melkaraipatty Village, Palani Taluk, Dindigul District.",over an extent of 5.57.00 Ha.,11.12.2025@ 11 AM,"M/s.Sri Maha Kaliyamman Kovil Thidal, Melkaraipatty Village, Palani Taluk, Dindigul District.","The District Environmental Engineer,Tamilnadu Pollution Control Board, Collector Office Campus, Dindigul-624004.",https://www.tnpcb.gov.in/PDF/Citizen_corner/ph/ExeSumEngRajrudhra381_61125.pdf,https://www.tnpcb.gov.in/PDF/Citizen_corner/ph/EIARptEngRajrudhra381_61125.pdf
"M/s.The Ramco Cements Ltd, S.F.Nos.414/8A, 414/8B, 415/5, 415/6, 415/7 & etc., of Kairulabad Village, Ariyalur Taluk, Ariyalur District.","Proposed Kairulabad Limekankar Quarry lease over an extent of 15.135 Ha & Production in plan period - 3,66,300 Tonnes @ Maximum 1,99,800 TPA.",10.12.2025@ 11 AM,"M/s.Annalaxmi Rajapandiyan Thirumana Mahal, Rajiv Nagar, Valajanagaram Post, Ariyalur Taluk, Ariyalur District.","The District Environmental Engineer,Tamilnadu Pollution Control Board, No.4/326, Trichy Main Road, Nearby RTO Office, Keelapalur Post, Ariyalur Taluk, Ariyalur District-621707.",https://www.tnpcb.gov.in/PDF/Citizen_corner/ph/ExeSumEngRamcoCementsAlr41125.pdf,https://www.tnpcb.gov.in/PDF/Citizen_corner/ph/EIARptEngRamcoCementsAlr41125.pdf
"M/s.B.Kabildev Rough Stone & Gravel Quarry, S.F.No.623/1C, 623/1D, 623/1G, 623/2A, 623/2B, 623/2C, 623/1A, 623/1B, 623/1E & 623/1F of Gopalapuram Village, Vembakottai Taluk, Virudhunagar District.",Fresh quarying proposal over an extent of 1.90.50 Ha.,09.12.2025@ 11 AM,"M/s.Periyathai Kandasamy Kalyana Mandapam, 3/367-A, Manavalan Thottam, Alangulam Village, Rajapalayam Via, Vembakottai Taluk, Virudhunagar District-626127.","The District Environmental Engineer,Tamilnadu Pollution Control Board, No.23, Collectorate Campus, Virudhunagar-626002.",https://www.tnpcb.gov.in/PDF/Citizen_corner/ph/ExeSumEngKapildev61125.pdf,https://www.tnpcb.gov.in/PDF/Citizen_corner/ph/EIARptEngKapildev61125.pdf
"M/s.P.Arumugam Rough Stone and Gravel Quarry, S.F.No.210/12C1A, 12C1B, 8A1A, 12B, 20 & 9C2 of Melur Village, Kulathur Taluk, Pudukottai District.",Proposed Rough Stone and Gravel Quarry extent of 2.13.0 Ha.,06.11.2025@ 11.00 AM,"Samuthayakoodam, Melur Village, Sathiyamangalam Post, Kulathur Taluk, Pudukottai District-622501.","The District Environmental Engineer,Tamilnadu Pollution Control Board, No.01, SIPCOT Industrial Complex, SIPCOT Post, Pudukottai-622002.",https://www.tnpcb.gov.in/PDF/Citizen_corner/ph/ExeSumEngArumugam18925.pdf,https://www.tnpcb.gov.in/PDF/Citizen_corner/ph/EIARptEngArumugam18925.pdf
"M/s.S.Azhagu Rough Stone Quarry, S.F.No.543/3A of Thulaiyanur Village, Thirumayam Taluk, Pudukottai District.",Proposed Rough Stone Quarry extent of 0.61.0 Ha.,30.10.2025@ 11.00 AM,"Varshini Palace Thirumna Mahal, Thirumayam-Madurai Main Road, Thulaiyanur Village, Thirumayam Taluk, Pudukottai District.","The District Environmental Engineer,Tamilnadu Pollution Control Board, No.01, SIPCOT Industrial Complex, SIPCOT Post, Pudukottai-622002.",https://www.tnpcb.gov.in/PDF/Citizen_corner/ph/ExeSumEngAzaghu18925.pdf,https://www.tnpcb.gov.in/PDF/Citizen_corner/ph/EIARptEngAzaghu18925.pdf
"M/s.G.Kumarappan Rough Stone & Gravel Quarry, S.F.Nos.699/4, 700/3(Part), 700/4(Part), 701/1, 701/2, 712/1A, 712/1B1 & 712/1B2 of Ethirkottai Village, Vembakottai Taluk, Virudhunagar District.",Fresh quarrying proposal over an extent of 4.99.0 Ha.,28.10.2025@ 11.00 AM,"M/s.Thevar Uravinmurai Thirumana Mahal, T.Kottaiyur, Thayilpatti, Virudhunagar District-626128","The District Environmental Engineer,Tamilnadu Pollution Control Board, No.23, Collectorate Campus, Virudhunagar-626002.",https://www.tnpcb.gov.in/PDF/Citizen_corner/ph/ExeSumEngKumarappan17925.pdf,https://www.tnpcb.gov.in/PDF/Citizen_corner/ph/EIARptEngKumarappan17925.pdf
"M/s.Shankar Ganesh Rough Stone Quarry, S.F.No.132(Part-2), Venkateshapuram Village, Shoolagiri Taluk, Krishnagiri District.",Proposed Rough Stone Quarry lease over an extent of 1.45.0 Ha.,27.10.2025@ 11.00 AM,"M/s.P.V.R.-L.M.R Kalayana Mantapam, No.344/1, 344/2, Berikai Village, Theertham Road, Shoolagiri Taluk, Krishnagiri District-635105.","The District Environmental Engineer,Tamilnadu Pollution Control Board, Plot No.149-A, Ist Floor, Sipoct Industrial Complex, Phase-I, Hosur-635126 Krishnagiri District.",https://www.tnpcb.gov.in/PDF/Citizen_corner/ph/ExeSumEngShankarSmoorthy17925.pdf,https://www.tnpcb.gov.in/PDF/Citizen_corner/ph/EIARptEngShankarSmoorthy17925.pdf
"M/s.V.M.Sundaraiah Rough Stone Quarry, S.F.No.91(Part-2), Ariyanayagipuram Village, Kadayanallur Taluk, Tenkasi District.",Proposed Rough Stone Quarry over an extent of 3.00.0 Ha.,14.10.2025@ 10.00 AM,"Nagammal Marriage Hall, 20, Kadayanallur-Panboil Road, Melakadayanallur, Kadayanallur Taluk, Tenkasi District-627751.","The District Environmental Engineer,Tamilnadu Pollution Control Board, 31/16th Street, NGO Colony, Melagaram Post, Tenkasi-627818.",https://www.tnpcb.gov.in/PDF/Citizen_corner/ph/ExeSumEngSundaraih11925.pdf,https://www.tnpcb.gov.in/PDF/Citizen_corner/ph/EIARptEngSundariah11925.pdf
"M/s.K.Selvaraj Rough Stone & Gravel Quarry, S.F.Nos.824/2, 825/2A, 825/2B, 826/1(P), 826/2(P), 842/2(P), 843, 845/1A and 845/2A(P) of Tharuvai Village, Palayamkottai Taluk, Tirunelveli District.",Proposed Rough Stone & Gravel Quarry over an extent of 4.45.20 Ha.,14.10.2025@ 11.00 AM,"Alagu Mahal Near to Sengulam Railway Station and Sengulam Vilaku Bus Stop, Trivandrum Main Road, Sengulam Tamil Nadu-627152.","The District Environmental Engineer,Tamilnadu Pollution Control Board, No.30/2, SIDCO Industrial Estate, Pettai, Tirunelveli-627010.",https://www.tnpcb.gov.in/PDF/Citizen_corner/ph/ExeSumEngSelvaraj4925.pdf,https://www.tnpcb.gov.in/PDF/Citizen_corner/ph/EIARptEngSelvaraj4925.pdf
"M/s.Dalmia Cement (Bharat) Ltd - Aamalgamated Aminabad & Khairulabad Limestone Mines under GO.50, S.F.Nos.103/2, 103/3, 104/3, 105/8, 108, 109, 110, 111 & etc., of Aminabad Village & S.F.Nos.448, 449, 452, 453/5, 455/2, 456/1, 478 of Khairulabad Village, Ariyalur Taluk, Ariyalur District.",Over an Extent of 96.190 Ha.,10.10.2025@ 11.00 AM,"M/s.Lalkudiyar Thirumana Mandapam, Ariyalur Main Road, Kallankurichi Village, Ariyalur Taluk, Ariyalur District.","The District Environmental Engineer,Tamilnadu Pollution Control Board, No.4/326, Trichy Main Road, Near by RTO Office, Keelapalur Post, Ariyalur Taluk & District-621707.",https://www.tnpcb.gov.in/PDF/Citizen_corner/ph/ExeSumEngDalmia4925.pdf,https://www.tnpcb.gov.in/PDF/Citizen_corner/ph/EIARptEngDalmia4925.pdf
"M/s.Thejo Engineering Limited, S.F.No.176/3, 181/5, etc., Irullipattu Village, Ponneri Taluk, Thiruvallur District.","Epansion in Industrial Adhesives (48.5 KL/Month), Rubber Products (199 TPM to 486 TPM)and proposed PU Product Manufacturing with production capacity o",09.10.2025@ 11.00 AM,"Muthuvalli Paradise located at GNT Road, Panchetty Village, Ponneri Taluk, Thiruvallur District.","The District Environmental Engineer,Tamilnadu Pollution Control Board, No.88A,, SIPCOT Industrial Complex, Gummidipoondi, Thiruvallur District-601201.",https://www.tnpcb.gov.in/PDF/Citizen_corner/ph/ExeSumEngThejoEngnr4925.pdf,https://www.tnpcb.gov.in/PDF/Citizen_corner/ph/EIARptEngThejoEngnr4925.pdf
"M/s.Bio Tech Engineering Industries, S.F.No.17/7, Pisanathur Village, Gandavakottai Taluk, Pudukottai District.",Proposed Common Bio Medical Waste Treatement Facility(CBMWTF),09.10.2025@ 11.00 AM,"M/s.Murugaiya Thirumana Mahal, Mariyamman Kovil Street, Gandavakottai Village, Gandavakottai Taluk, Pudukottai District.","The District Environmental Engineer,Tamilnadu Pollution Control Board, No.01, SIPCOT Industrial Complex, SIPCOT Post, Pudukottai-622002.",https://www.tnpcb.gov.in/PDF/Citizen_corner/ph/ExeSumEngCBWTF2925_Pdk.pdf,https://www.tnpcb.gov.in/PDF/Citizen_corner/ph/EIARptEngCBWTF2925_Pdk.pdf
"M/s.S.Subramanian, S.F.No.189/2A, 2B, 190/1A, 1B, 2, 4 & 5 in Keelapalur Village & S.F.No.31/1 in Karuppur Senapathy Village, Ariyalur Taluk, Ariyalur District.",Proposed Limekankar Deposit Quarry over an Extent of 3.54.5 Ha.,08.10.2025@ 11.00 AM,"M/s.Dhanalakshmi Thirumana Mahal, S.F.No.261/2A1B, Arunachala Nagar, Keelapalur Village, Ariyalur Taluk, Ariyalur District-621707.","The District Environmental Engineer,Tamilnadu Pollution Control Board, No.4/326, Trichy Main Road, Near by RTO Office, Keelapalur Post, Ariyalur Taluk & District-621707.",https://www.tnpcb.gov.in/PDF/Citizen_corner/ph/ExeSumEngSubramanian4925.pdf,https://www.tnpcb.gov.in/PDF/Citizen_corner/ph/EIARptEngSubramanian4925.pdf
"M/s.B.Karthik Rough Stone & Gravel Quarry, S.F.No.277, Iduvai Village, Tiruppur South Taluk, Tiruppur District.",Proposed Rough Stone & Gravel Quarry over an extent of 2.05.0 Ha.,08.10.2025@ 10.30 AM,"Tiruppur City Municipal Corporation Bamboo Park Hall, Chinnakalipalayam, Iduvai, Tiruppur South Talyk, Tiruppur District-641687","The District Environmental Engineer,Tamilnadu Pollution Control Board,Tiruppur North, II Floor, Kumaran Commercial Complex, Kumaran Road, Tiruppur-641601.",https://www.tnpcb.gov.in/PDF/Citizen_corner/ph/ExeSumEngKarthikRamasamy4925.pdf,https://www.tnpcb.gov.in/PDF/Citizen_corner/ph/EIARptEngKarthikRamasamy4925.pdf
"M/s.S.Vellapandi Rough Stone and Gravel Quarry, S.F.No.575(P) of Pirancheri Village, Manur Taluk, Tirunelveli District.",Proposed Rough Stone & Gravel Quarry over an extent of 2.18.15 Ha.,07.10.2025@ 11.00 AM,"Nambi Mahal, Madurai old bypass road, Gangaikondan, Tirunelveli District-627352.","The District Environmental Engineer,Tamilnadu Pollution Control Board, No.30/2, SIDCO Industrial Estate, Pettai, Tirunelveli-62701.",https://www.tnpcb.gov.in/PDF/Citizen_corner/ph/ExeSumEngVelpandi2925.pdf,https://www.tnpcb.gov.in/PDF/Citizen_corner/ph/EIARptEngVelpandi2925.pdf
"M/s.Sri Durgambika Blue Metals, S.F.No.570(P) & 571(P) of Tharuvai Village, Palayamkottai Taluk, Tirunelveli District.",Proposed Rough Stone & Gravel Quarry over an extent of 1.95.5 Ha.,30.09.2025@ 11.00 AM,"Alagu Mahal Near to Sengulam Railway Station and Sengulam Vilaku Bus Stop, Trivandrum Main Road, Sengulam, Tamil Nadu-627152.","The District Environmental Engineer,Tamilnadu Pollution Control Board, No.30/2, SIDCO Industrial Estate, Pettai, Tirunelveli-62701.",https://www.tnpcb.gov.in/PDF/Citizen_corner/ph/ExeSumEngDurgambika22825.pdf,https://www.tnpcb.gov.in/PDF/Citizen_corner/ph/EIARptEngDurgambika22825.pdf
"M/s.Sri Vinayaga Granites, S.F.Nos.331/1A(Part), 332/1, 332/2, 332/3, 332/4, 332/5 & 332/6, Jegadevipalayam Village, Bargur Taluk, Krishnagiri District.",Proposed Grey Granite Quarry lease over an extent of 3.38.0 Ha.,24.09.2025@ 11.00 AM,"M/s.Sri Maheshwari Mahal, D.No.1/190, NH-77, Thiruvannamalai Main Road, Anchoor Village, Bargur Taluk, Krishnagiri District-635104.","The District Environmental Engineer,Tamilnadu Pollution Control Board, No.149-A, Ist Floor, SIPCOT Industrial Complex, Phase-1, Hosur-635126 Krishnagiri District.",https://www.tnpcb.gov.in/PDF/Citizen_corner/ph/ExeSumEngVinayagaGranites14825.pdf,https://www.tnpcb.gov.in/PDF/Citizen_corner/ph/EIARptEngVinayagaGranites14825.pdf
"M/s.Vishnusurya Projects & Infra Hosur Pvt Ltd, S.F.No.3/2C(P), 4/2(P), 4/5(P), 4/6(P), 4/7 & 4/8(P) Kariyasandiram Village, Shoolagiri Taluk, Krishnagiri District.",Proposed Rough Stone & Gravel Quarry lease over an extent of 3.68.0 Ha.,23.09.2025@ 11.00 AM,"M/s.P.V.R-L.M.R Kalyana Mandapam, No.344/1, 344/2, Theertham Road, Berikai Village, Shoolagiri Taluk, Krishnagiri District-635105.","The District Environmental Engineer,Tamilnadu Pollution Control Board, No.149-A, Ist Floor, SIPCOT Industrial Complex, Phase-1, Hosur-635126 Krishnagiri District.",https://www.tnpcb.gov.in/PDF/Citizen_corner/ph/ExeSumEngVishnusurya14825.pdf,https://www.tnpcb.gov.in/PDF/Citizen_corner/ph/EIARptEngVishnusurya14825.pdf
"M/s.S.Balakrishnan Rough Stone & Gravel Quarry, S.F.No.203/7 of Appayanayyakanpatti Village, Vembakottai Taluk, Virudhunagar District.",Fresh quaryying proposal over an extent of 1.60.5 Ha.,23.09.2025@ 11.00 AM,"M/s.Perunthalaivar Ku.Kamarajar Thirumana mahal, Door No.4/297, Melanmarainadu Village, Vembakottai Taluk, Virudhunagar District.","The District Environmental Engineer,Tamilnadu Pollution Control Board, No.23, Collectorate Campus, Virudhunagar-626002.",https://www.tnpcb.gov.in/PDF/Citizen_corner/ph/ExeSumEngBalakrishnan14825.pdf,https://www.tnpcb.gov.in/PDF/Citizen_corner/ph/EIARptEngBalakrishnan14825.pdf
"M/s.E.Amuthaganesamoorthy Ordinary Earth Quarry, S.FNo.4/1, Kadgampattu Village, Vanur Taluk, Villupuram District.",Proposed Ordinary Earth Quarry Quarry over an extent of 1.22.0 Hectares.,18.09.2025@ 12.00 PM,"M/s.Dhanalakshmi Mahal, SH-136, Karasanur Village, Vanur Taluk, Villupuram District-604304.","The District Environmental Engineer,Tamilnadu Pollution Control Board, District Collectorate Master Plan Complex, Backside to Taluk Office, Villupuram-605602.",https://www.tnpcb.gov.in/PDF/Citizen_corner/ph/ExeSumEngAG14825.pdf,https://www.tnpcb.gov.in/PDF/Citizen_corner/ph/EIARptEngAG14825.pdf
"M/s.G.Velu Rough Stone & Gravel Quarry, S.F.Nos.4/1, 4/2A, 4/2B, 4/2C, 6/1, 6/2A and 6/2B of Thollamur Village, Vanur Taluk, Villupuram District.",Proposed Rough Stone & Gravel Quarry over an extent of 2.80.50 Hectares.,18.09.2025@ 10.30 AM,"M/s.Dhanalakshmi Mahal, SH-136, Karasanur Village, Vanur Taluk, Villupuram District-604304.","The District Environmental Engineer,Tamilnadu Pollution Control Board, District Collectorate Master Plan Complex, Backside to Taluk Office, Villupuram-605602.",https://www.tnpcb.gov.in/PDF/Citizen_corner/ph/ExeSumEngVelu14825.pdf,https://www.tnpcb.gov.in/PDF/Citizen_corner/ph/EIARptEngVelu14825.pdf
"M/s.Kamarajar Port Ltd, Puzhuthivakkam Village, Ponneri Taluk, Thiruvallur District.",Capacity Augmentation of Existing Operational Marine Liquid Terminal (MLT) from 3 MMTPA to 6 MMTPA.,17.09.2025@ 11.00 AM,"Community Hall-Kattupallai Village, located at Kattupalli Village, Ponneri Taluk, Tiruvallur District.","The District Environmental Engineer,Tamilnadu Pollution Control Board, No.88A, SIPCOT Industrial Complex, Gummidipoondi, Tiruvallur District-601201.",https://www.tnpcb.gov.in/PDF/Citizen_corner/ph/ExeSumEngKamarajorport14825.pdf,https://www.tnpcb.gov.in/PDF/Citizen_corner/ph/EIARptEngKamarajorport14825.pdf
"M/s.P.Viswanathan Rough Stone & Gravel Quarry, S.F.No.153/2A of Velampalayam Village, Palladam Taluk, Tiruppur District.",Proposed Rough Stone & Gravel Quarry over an extent of 0.91.0 Ha.,17.09.2025@ 11.00 AM,"M/s.Samudhaya Nalakoodam, S.F.No.88/1A, West Anna Nagar, Velampalayam Village, Palladam Taluk, Tiruppur District-641663","The District Environmental Engineer,Tamilnadu Pollution Control Board, Tiruppur (South), 12A, Pollachi By-pass Road, Palladam-641664, Tiruppur District.",https://www.tnpcb.gov.in/PDF/Citizen_corner/ph/ExeSumEngViswanathan14825.pdf,https://www.tnpcb.gov.in/PDF/Citizen_corner/ph/EIARptEngViswanathan14825.pdf
"M/s.Baettr India Pvt Ltd, S.F.No.32/2, Plot.No.A-3/1, SIPCOT Industrial Park, Thervoykandigai Village, Gummidipoondi Taluk, Thiruvallur District.",Proposed Expansion in Saleable Casting Products from 27500 TPA to 95040 TPA.,26.09.2025@ 11.00 AM,"Community Hall - Sengarai Village located at Sengarai Village, Ellapuram Panchayat Union, Uthukottai Taluk, Tiruvallur District.","The District Environmental Engineer,Tamilnadu Pollution Control Board, No.88A, SICOT Industrial Complex, Gummidipoondi, Thiruvallur District-601201.",https://www.tnpcb.gov.in/PDF/Citizen_corner/ph/ExeSumEngEngBaettrIndia22825.pdf,https://www.tnpcb.gov.in/PDF/Citizen_corner/ph/EIARptEngBaettrIndia22825.pdf
"M/s.Common Bio-Medical Waste Treatment Facility, S.F.No.249/3, Keelakottai Group, Muthuvayal Village, Paramakudi Taluk, Ramanathapuram District.","Common Bio-Medical Waste Treatment Facility, S.F.No.249/3, Keelakottai Group, Muthuvayal Village, Paramakudi Taluk, Ramanathapuram District.",17.09.2025@ 10.30 AM,"M/s.Sri Jeyamani Saraswathi Thirumana Mahal, Door No.66/1A, Bogalur near JSK HP Petrol Pump, Sathirakudi Village, Paramakudi Taluk, Ramanathapuram District.","The District Environmental Engineer,Tamilnadu Pollution Control Board, No.1/1984, Jothi Nagar, Sakkarakkottai Village, Collectorate Post, Ramanathapuram-623504.",https://www.tnpcb.gov.in/PDF/Citizen_corner/ph/ExeSumEngCBMWTFRamnad6825.pdf,https://www.tnpcb.gov.in/PDF/Citizen_corner/ph/EIARptEngCBMWTFRamnad6825.pdf
"M/s.Sri Nainar Balaji Rough Stone & Gravel Quarry, S.F.No.213(P) & 214(P), Srimoolakarai Village, Srivaikundam Taluk, Thoothukudi District.",Over an Extent of 2.99.0 Ha,16.09.2025@ 11.00 AM,"Dr.MRG Mahal, 1/123, Srivai Vagaikulam Main Road, Petmanagaram-P.O, Srivaikundam Taluk, Thoothukudi District.","The District Environmental Engineer,Tamilnadu Pollution Control Board, C7 & C9, SIPCOT Industrial Complex, Meelavittan, Thoothukudi-628008.",https://www.tnpcb.gov.in/PDF/Citizen_corner/ph/ExeSumEngSriNainarBalaji14825.pdf,https://www.tnpcb.gov.in/PDF/Citizen_corner/ph/EIARptEngSriNainarBalaji14825.pdf
"M/s.R.Gopalakrishnan Rough Stone & Gravel Quarry, S.F.No.199/6A of Appayanickenpatti Village, Vembakottai Taluk, Virudhunagar District.",Fresh quarrying proposal over an extent of 1.08.0 Ha.,16.09.2025@ 11.00 AM,"M/s.Perunthalaivar ku.Kamarajar Thirumana Mahal, Door No.4/297, Melanmarainadu Village, Vembakottai Taluk, Virudhunagar District.","The District Environmental Engineer,Tamilnadu Pollution Control Board, No.23, Collectorate Campus, Virudhunagar-626002.",https://www.tnpcb.gov.in/PDF/Citizen_corner/ph/ExeSumEngGopalakrishnan5825.pdf,https://www.tnpcb.gov.in/PDF/Citizen_corner/ph/EIARptEngGopalakrishnan5825.pdf
"M/s.Madhu Srinivasan Rough Stone Quarry, S.F.Nos.1151, 1155, 1212, 1213, 1214, 1215, 1216, 1217, 1218, 1219, 1222, 1225, 1226/A(Part-5) Kamandoddi Village, Shoolagiri Taluk, Krishnagiri District.",Proposed Rough Stone Quarry lease over an extent of 1.27.0 Ha.,11.09.2025@ 10.00 AM,"M/s.GMV Mahal, Kurubarathapalli Village, Sappadi Post, Shoolagiri Taluk, Krishnagiri District-635117.","The District Environmental Engineer,Tamilnadu Pollution Control Board, Plot No.149-A, Ist Fllor, SIPCOT Industrial Complex, Phase-1, Hosur-635126 Krishnagiri District.",https://www.tnpcb.gov.in/PDF/Citizen_corner/ph/ExeSumEngMadhu5825.pdf,https://www.tnpcb.gov.in/PDF/Citizen_corner/ph/EIARptEngMadhu5825.pdf
"M/s.M.Saraswathi Rough Stone & Gravel Quarry, S.F.No.1284/2(Part) & 1284/4, Sivanmalai Village, Kangeyam Taluk, Tiruppur District.",Proposed Rough Stone & Gravel Quarry over an extent of 2.13.0 Ha.,10.09.2025@ 10.30 AM,"M/s.LS Thirumana Mandapam, 770/6, Ponniyagoundenputhur, Savadipalayam Road, Sivanmalai, Kangeyam-638701.","The District Environmental Engineer,Tamilnadu Pollution Control Board,Tiruppur North, II Floor, Kumaran Commercial Complex, Kumaran Road, Tiruppur-641601.",https://www.tnpcb.gov.in/PDF/Citizen_corner/ph/ExeSumEngSaraswathi5825.pdf,https://www.tnpcb.gov.in/PDF/Citizen_corner/ph/EIARptEngSaraswathi5825.pdf
"M/s.A.Subramaniam Rough Stone Quarry, S.F.No.834/2 Part, Sokkanur Village, Kinathukadavu Taluk, Coimbatore District.",Proposed Rough Stone & Gravel Quarry over an extent of 1.21.50 Ha.,09.09.2025@ 11.00 AM,"M/s.MKK Sri Muthukumaran Mahal, Muthugoundanur Village, Palarpathy Post, Kinathukadavu Taluk, Coimbatore District-642109.","The District Environmental Engineer,Tamilnadu Pollution Control Board,Plot No.E-55A, SIDCO Industrial Estate, Pollachi Main Road, Kurichi, Coimbatore -641021.",https://www.tnpcb.gov.in/PDF/Citizen_corner/ph/ExeSumEngSubramaniam5825.pdf,https://www.tnpcb.gov.in/PDF/Citizen_corner/ph/EIARptEngSubramaniam5825.pdf
"M/s.RRP Groups and Exports , S.F.No.571/1, 571/2 & 571/3, Pilathu Village, Vedasandur Taluk, Dindigul District.",Proposed Multi Colur Granite Quarry over an extent of 1.43.5 Ha.,11.09.2025@ 11.00 AM,"M/s.Paramasivan Thangammal Thirumanamandapam, Thennampatti Village, Vedasandur to Vadamadurai Road, Vedasandur Taluk, Dindigul District.","The District Environmental Engineer,Tamilnadu Pollution Control Board, Collector Office Campus, Dindigul-624004.",https://www.tnpcb.gov.in/PDF/Citizen_corner/ph/ExeSumEngRRPAlagu221024.pdf,https://www.tnpcb.gov.in/PDF/Citizen_corner/ph/EIARptEngRRPAlagu221024.pdf
"M/s.A.Arunmuthukumar Rough Stone & Gravel Quarry, S.F.No.291/2A2, 292/1C2 & 293/3B of Irukkandurai Part-II Village, Radhapuram Taluk, Tirunelveli District.",Proposed Rough Stone & Gravel Quarry over an extent of 4.87.80 Ha.,03.09.2025@ 11.30 AM,"Maniyammai Mahal, Artrankarai Pallivasal Road, Radhapuram, Radhapuram Taluk, Tirunelveli District.","The District Environmental Engineer,Tamilnadu Pollution Control Board,No.30/2, SIDCO Industrial Estate, Pettai, Tirunelveli-627010",https://www.tnpcb.gov.in/PDF/Citizen_corner/ph/ExeSumEngArunmuthukumar24725.pdf,https://www.tnpcb.gov.in/PDF/Citizen_corner/ph/EIARptEngArunmuthukumar24725.pdf
"M/s.Tamil Nadu Minerals Ltd, Veeranam Black Granite Quarry, S.F.Nos.74(P), 126/1A, 127 & 144/1 of Veeranam Village, Thandrampattu Taluk, Thiruvannamalai District.",Mining of Black Granite Quarry,22.08.2025@ 11.00 AM,"M/s.Sri Venkateswara Thirumana Mahal, Sathanur Dam Road, Sathanur Village, Thandrampattu Taluk, Thiruvannamalai District-606706.","The District Environmental Engineer,Tamilnadu Pollution Control Board, District Collectorate Master Plan Complex, Vengikkal, Thiruvannamalai-606604.",https://www.tnpcb.gov.in/PDF/Citizen_corner/ph/ExeSumEngVeeranam17725.pdf,https://www.tnpcb.gov.in/PDF/Citizen_corner/ph/EIARptEngVeeranam17725.pdf
"M/s.S.S.Minerals, S.F.No.95/2A, 2B, 4B, 4C, 5A, 5B, 6A, 6B, 97/2B & 2E and 390(P) of Kottathur & Naduvalur Villages of Thuraiyur Taluk, Trichy District.",Proposed Garnet sand Quarry over an extent of 29.12.50 Hectares.,22.08.2025@ 11.00 AM,"M/s.Sri Venkateswara Mahal, 3/783, Perumalmalai Adivaram, Sorathur(PO), Thuraiyur Taluk, Trichy-621002.","The District Environmental Engineer,Tamilnadu Pollution Control Board, No.25, SIDCO Industrial Estate, Thuvakudy, Trichy-15",https://www.tnpcb.gov.in/PDF/Citizen_corner/ph/ExeSumEngSSMinerals17725.pdf,https://www.tnpcb.gov.in/PDF/Citizen_corner/ph/EIARptEngSSMinerals17725.pdf
"M/s.Riverways Mines and Minerals, S.F.No.137/7, 348/1A, 1B, 1C1, 1C2, 1C3, 2B1, 3A, 4, 5, 6B, 7A, 8, 9, 11, 12 & 13 and 390(P) of Kottathur & Naduvalur Villages of Thuraiyur Taluk, Trichy District.",Proposed Garnet sand Quarry over an extent of 29.12.50 Hectares.,22.08.2025@ 11.00 AM,"M/s.Sri Venkateswara Mahal, 3/783, Perumalmalai Adivaram, Sorathur(PO), Thuraiyur Taluk, Trichy-621002.","The District Environmental Engineer,Tamilnadu Pollution Control Board, No.25, SIDCO Industrial Estate, Thuvakudy, Trichy-15",https://www.tnpcb.gov.in/PDF/Citizen_corner/ph/ExeSumEngRiverwaysMines17725.pdf,https://www.tnpcb.gov.in/PDF/Citizen_corner/ph/EIARptEngRiverwaysMines17725.pdf
"M/s.S.G.Granites Multi Colur Granite Quarry, S.F.No.911/1A1, 911/1B1, 913/1A1(Part) & 913/1B1(Part), Alambadi Village, Gujiliamparai Taluk, Dindigul District.",Proposed Multi Colour Granite Quarry over an extent of 2.81.5 Ha.,21.08.2025@ 11.00 AM,"Alambadi Panchayath Samuthaya Koodam, Alambadi Village, Gujiliamparai Taluk, Dindigul District-624703.","The District Environmental Engineer,Tamilnadu Pollution Control Board, Collector Office Campus, Dindigul-624004.",https://www.tnpcb.gov.in/PDF/Citizen_corner/ph/ExeSumEngSGGranites101024.pdf,https://www.tnpcb.gov.in/PDF/Citizen_corner/ph/EIARptEngSGGranites101024.pdf
"M/s.Vishnusurya Projects & Infra Ltd, S.F.No.16/3B, 16/4, 16/5A, 16/5B, 16/6A, 16/6B & 16/6C of Mosavadi Village, Vandavasi Taluk, Thiruvannamalai District.",Mining of Rough Stone & Gravel Quarry.,19.08.2025@ 11.00 AM,"M/s.T.K.M. Kalyanamandapam, Pernamallur Town, Vandavasi Taluk, Thiruvannamalai-604503.","The District Environmental Engineer,Tamilnadu Pollution Control Board, District Collectorate Master Plan Complex, Vengikkal, Thiruvannamalai-606604.",https://www.tnpcb.gov.in/PDF/Citizen_corner/ph/ExeSumEngVishnusurya17725.pdf,https://www.tnpcb.gov.in/PDF/Citizen_corner/ph/EIARptEngVishnusurya17725.pdf
"M/s.Sivaswamy Rathnavelu Rough Stone & Gravel Quarry, S.F.No.700/1(Part), Magaral-B Village, Walajabad Taluk, Kancheepuram District.",Proposed Rough Stone & Gravel Quarry over an extent of 0.89.50 Hectares.,19.08.2025@ 10.30 AM,"M/s.Bhakya Marriage Hall, Near Magaral Police Station, Magaral Village, Walajabad Taluk, Kancheepuram District-631603.","The District Environmental Engineer,Tamil Nadu Pollution Control Board, Plot No.CP-5B, SIPCOT, Oragadam, Sriperumbudur Taluk, Kancheepuram District-602105.",https://www.tnpcb.gov.in/PDF/Citizen_corner/ph/ExeSumEngRathanavelu4725.pdf,https://www.tnpcb.gov.in/PDF/Citizen_corner/ph/EIARptEngRathanavelu4725.pdf
"M/s.Sivaswamy Rathnavelu Rough Stone & Gravel Quarry, S.F.No.700/1(Part) & 700/2, Magaral-B Village, Walajabad Taluk, Kancheepuram District.",Proposed Rough Stone & Gravel Quarry over an extent of 2.34.50 Hectares.,19.08.2025@ 10.30 AM,"M/s.Bhakya Marriage Hall, Near Magaral Police Station, Magaral Village, Walajabad Taluk, Kancheepuram District-631603.","The District Environmental Engineer,Tamil Nadu Pollution Control Board, Plot No.CP-5B, SIPCOT, Oragadam, Sriperumbudur Taluk, Kancheepuram District-602105.",https://www.tnpcb.gov.in/PDF/Citizen_corner/ph/ExeSumEngRathanavelu4725_234.pdf,https://www.tnpcb.gov.in/PDF/Citizen_corner/ph/EIARptEngRathanavelu4725_234.pdf
"M/s.Jayran Mines, S.F.No.1160/1(P), Irudhukottai Village, Denkanikottai Taluk, Krishnagiri District.",Proposed Colour Granite Quarry lease over an extent of 1.09.0 Ha.,19.08.2025@ 11.00 AM,"M/s.Sri Chowdeshwari Convention Hall, Sri Chowdeshwari Complex, Anchetty Main Road, Denkanikottai Village &Taluk, Krishnagiri District-635203.","The District Environmental Engineer,Tamil Nadu Pollution Control Board, Plot No.149-A, Ist Fllor, SIPCOT Industrial Complex, Phase-I, Hosur-635126 Krishnagiri District.",https://www.tnpcb.gov.in/PDF/Citizen_corner/ph/ExeSumEngJayranMines9725.pdf,https://www.tnpcb.gov.in/PDF/Citizen_corner/ph/EIARptEngJayranMines9725.pdf
"M/s.Mangammalpuram Sand Quarry, S.F.No.217(Part), Mangammalpuram Village, Lalgudi Taluk, Tiruchirappalli District.",Sand Quarry Over an extent of 20.00.0 Ha.,13.08.2025@ 11.00 AM,"M/s.Sathya Mahal Near Sri Aachiramavalliyamman Kovil, Main Road, Anbil Village, Lalgudi Taluk, Tiruchirappalli District-621702.","The District Environmental Engineer,Tamil Nadu Pollution Control Board, No.25, SIDCO Industrial Estate, Thuvakudy, Tiruchirappalli-15.",https://www.tnpcb.gov.in/PDF/Citizen_corner/ph/ExeSumEngMangammalpuram14725.pdf,https://www.tnpcb.gov.in/PDF/Citizen_corner/ph/EIARptEngMangammalpuram14725.pdf
"M/s.SSS Mines S.F.No.39/4 of kaganam Village, Vembakkam Taluk, Thiruvannamalai District.",Mining of Rough Stone & Gravel Quarry,13.08.2025@ 01.00 PM,"M/s.Sri Krishna Mahal (A/C), Opposite to Govt.Girls Higher Secondary School, Vembakkam Village & Taluk, Thiruvannamalai District-604410","The District Environmental Engineer,Tamil Nadu Pollution Control Board, District Collectorate Master Plan Complex, Vengikkal, Thiruvannamalai-606604.",https://www.tnpcb.gov.in/PDF/Citizen_corner/ph/ExeSumEngSSSMines9725.pdf,https://www.tnpcb.gov.in/PDF/Citizen_corner/ph/EIARptEngSSSMines9725.pdf
"M/s.SKT Mines Rough Stone & Gravel Quarry, S.F.Nos.44/13A, 56/1A, 56/2A, 56/2B, 56/3, 56/4, 56/5, 56/6, 56/7, 57/1, 58/9, 58/10, 61/4B1, 61/4B2, 61/5B, 61/7, 62, 63/1 & 63/2 of kaganam Village, Vembakkam Taluk, Thiruvannamalai District.",Mining of Rough Stone & Gravel Quarry,13.08.2025@ 12.00 PM,"M/s.Sri Krishna Mahal (A/C), Opposite to Govt.Girls Higher Secondary School, Vembakkam Village & Taluk, Thiruvannamalai District-604410","The District Environmental Engineer,Tamil Nadu Pollution Control Board, District Collectorate Master Plan Complex, Vengikkal, Thiruvannamalai-606604.",https://www.tnpcb.gov.in/PDF/Citizen_corner/ph/ExeSumEngSKTMines9725.pdf,https://www.tnpcb.gov.in/PDF/Citizen_corner/ph/EIARptEngSKTMines9725.pdf
"M/s.K.Boobalan Rough Stone & Gravel Quarry, S.F.Nos.222/4, 223/1 etc., of Chithathur Village, Vembakkam Taluk, Thiruvannamalai District.",Mining of Rough Stone & Gravel Quarry,13.08.2025@ 10.00 AM,"M/s.Sri Krishna Mahal (A/C), Opposite to Govt.Girls Higher Secondary School, Vembakkam Village & Taluk, Thiruvannamalai District-604410","The District Environmental Engineer,Tamil Nadu Pollution Control Board, District Collectorate Master Plan Complex, Vengikkal, Thiruvannamalai-606604.",https://www.tnpcb.gov.in/PDF/Citizen_corner/ph/ExeSumEngBoobalan9725.pdf,https://www.tnpcb.gov.in/PDF/Citizen_corner/ph/EIARptEngBoobalan9725.pdf
"M/s.The Ramco Cements Limited S.F.No. Parts of 100, 101, 103, 109, 119 to 132, 137 to 141, 404, 407 to 413, 415 to 416, 418, 429, 431 to 435, 437 to 440 & 442 to 457 of Maravarperungudi and Parts of 468, 538 to 544, 683 & 684 of T.Koppuchithampatti Villages in Aruppukottai Taluk, Virudhunagar Distri",Proposed Maravarperungudi Lime Kankar Quarry Lease - III for Quarrying of Lime Kankar & Clay (Black Cotton Soil) over an Extent of 158.865 Ha for Prod,08.08.2025@ 11.00 AM,"M/s.Sathya Mahal, 1/117A, Aruppukottai - Sayalgudi Main Road, M.Reddiapatti, Aruppukottai Taluk, Virudhunagar District.","The District Environmental Engineer,Tamil Nadu Pollution Control Board, No.23, Collectorate Campus, Virudhunagar-626002.",https://www.tnpcb.gov.in/PDF/Citizen_corner/ph/ExeSumEngRamcoCements4725.pdf,https://www.tnpcb.gov.in/PDF/Citizen_corner/ph/EIARptEngRamcoCements4725.pdf
"M/s.R.Seenuvasan Rough Stone & Gravel Quarry, S.F.Nos.25/1C, 1D, 1E, 1F, 1G, 26/2A, 26/3A, 25/1H1, 25/1I, 25/1J, 25/1K, 26/1A1, 26/1B1, 65/2, 65/3, Elacheri Village, Vembakkam Taluk, Tiruvannamalai District.",Mining of Rough Stone & Gravel Quarry,06.08.2025@ 01.00 PM,"M/s.Sri Lakshmi Vijaya chandran Marriage Hall, Mangal Koot Road, Vembakkam Taluk, Tiruvannamalai District-631701.","The District Environmental Engineer,Tamil Nadu Pollution Control Board, District Collectorate Master Plan Complex, Vengikkal, Thiruvannamalai-606604.",https://www.tnpcb.gov.in/PDF/Citizen_corner/ph/ExeSumEngSeenuvasan2725.pdf,https://www.tnpcb.gov.in/PDF/Citizen_corner/ph/EIARptEngSeenuvasan2725.pdf
"M/s.N.Dharmalingam Rough Stone & Gravel Quarry, S.F.Nos.27/1, 2,3,4,28/1,2,3,4,5,6,7,8,9,10 &28/11A, Sithalapakkam Village, Vembakkam Taluk, Tiruvannamalai District.",Mining of Rough Stone & Gravel Quarry,06.08.2025@ 12.00 PM,"M/s.Sri Lakshmi Vijaya chandran Marriage Hall, Mangal Koot Road, Vembakkam Taluk, Tiruvannamalai District-631701.","The District Environmental Engineer,Tamil Nadu Pollution Control Board, District Collectorate Master Plan Complex, Vengikkal, Thiruvannamalai-606604.",https://www.tnpcb.gov.in/PDF/Citizen_corner/ph/ExeSumEngDharmalingam2725.pdf,https://www.tnpcb.gov.in/PDF/Citizen_corner/ph/EIARptEngDharmalingam2725.pdf
"M/s.Sri Ganesh Blue Metals, - Unit-II, Rough Stone & Gravel Quarry, S.F.Nos.123/13B2, 125/1A, 125/1B & 125/2 of Menallur and S.F.Nos.91/9C, 91/10B, 93/3A, 93/3B, 93/3C, 93/3D, 93/3E, 93/4A, 93/4B & 93/6 of , Girijapuram Village, Vembakkam Taluk, Tiruvannamalai District.",Mining of Rough Stone & Gravel Quarry,06.08.2025@ 11.00 AM,"M/s.Sri Lakshmi Vijaya chandran Marriage Hall, Mangal Koot Road, Vembakkam Taluk, Tiruvannamalai District-631701.","The District Environmental Engineer,Tamil Nadu Pollution Control Board, District Collectorate Master Plan Complex, Vengikkal, Thiruvannamalai-606604.",https://www.tnpcb.gov.in/PDF/Citizen_corner/ph/ExeSumEngGaneshbluemetals2725.pdf,https://www.tnpcb.gov.in/PDF/Citizen_corner/ph/EIARptEngGaneshbluemetals2725.pdf
"M/s.Gugan Mines, S.F.No.182/1A, 182/1B1, 182/1B2, 182/2, 183, 184, 185 & 186/2 of Kundiyanthandalam Village, Vembakkam Taluk, Thiruvannamalai District.",Mining of Rough Stone & Gravel Quarry.,01.08.2025@ 02.30 PM,"M/s.R.S.E. Mahal, Mamandur, Poongavana Kumarasamy Nagar, No.316/N, Kanchipuram to Vandavasi Road, Vembakkam Taluk, Thiruvannamalai-631702.","The District Environmental Engineer,Tamil Nadu Pollution Control Board, District Collectorate Master Plan Complex, Vengikkal, Thiruvannamalai-606604.",https://www.tnpcb.gov.in/PDF/Citizen_corner/ph/ExeSumEngGuganMines23525.pdf,https://www.tnpcb.gov.in/PDF/Citizen_corner/ph/EIARptEngGuganMines23525.pdf
"M/s.JCK Mines, S.F.Nos.98/2, 98/3, 98/4, 98/7, 100/1, 100/2, 101/2, 101/3, 101/4, 105/1, 105/3, 105/7, 105/8, & 105/11 of Melnarma Village, Cheyyar Taluk & Thiruvannamalai district.",Mining of Rough Stone & Gravel Quarry.,01.08.2025@ 11.00 AM,"M/s.Sri Pugazh Aadhavan Mahal(A/C), Melma Kootroad, Kanchipuram to Vandavasi Road, Cheyyar Taluk, Thiruvannamalai-604408.","The District Environmental Engineer,Tamil Nadu Pollution Control Board, District Collectorate Master Plan Complex, Vengikkal, Thiruvannamalai-606604.",https://www.tnpcb.gov.in/PDF/Citizen_corner/ph/ExeSumEngJCKMines23525.pdf,https://www.tnpcb.gov.in/PDF/Citizen_corner/ph/EIARptEngJCKMines23525.pdf
"M/s.V.Venkatesulu Rough Stone Quarry, S.F.No.754 & 760(Part-6), Kamandoddi Village, Shoolagiri Taluk, Krishnagiri District.",Proposed Rough Stone Quarry lease over an extent of 4.00.0 Ha.,05.08.2025@ 11.00 AM,"M/s.GVM Mahal, Kurubarathapalli Village, Sappadi Post, Shoolagiri Taluk, Krishnagiri District-635117.","The District Environmental Engineer,Tamil Nadu Pollution Control Board, Plot No.149-A, Ist Floor, SIPCOT Industrial Complex, -Phase-I, Hosur-635126. Krishnagiri District.",https://www.tnpcb.gov.in/PDF/Citizen_corner/ph/ExeSumEngVenkatesulu2725.pdf,https://www.tnpcb.gov.in/PDF/Citizen_corner/ph/EIARptEngVenkatesulu2725.pdf
"M/s.S.Soundararajan Rough Stone & Gravel Quarry, S.F.No.922/2, 922/3, 922/4 of Nathikudi Village, Vembakottai Taluk, Virudhunagar District.",Fresh quarrying proposal over an extent of 2.92.0. Ha.,24.07.2025@ 11.00 AM,"M/s.Lord P.C.Arunachalandar Avudaithayammal Thirumana Mandapam, Door No.1210, Poolavurani Village, Sivakasi to Vilampatti Rpad (Poolavurani Bus Stopn), Sivakasi Taluk, Virudhunagar District.","The District Environmental Engineer,Tamil Nadu Pollution Control Board, No.23, Collectorate Campus, Virudhunagar-626002.",https://www.tnpcb.gov.in/PDF/Citizen_corner/ph/ExeSumEngSoundararajan11625.pdf,https://www.tnpcb.gov.in/PDF/Citizen_corner/ph/EIARptEngSoundararajan11625.pdf
"M/s.G.P.K.Granite Industry, S.F.No.884/1B, 1326, 1333/1A, 1B, 2, 1334/1(P), 2(P), 3 & 1334/4 of Thiruthangal Village, Sivakasi Taluk, Virudhunagar District.",Fresh quarrying proposal over an extent of 10.00.0 Ha.,17.07.2025@ 11.00 AM,"M/s.Suriya Mahal A/c, No.263-E, Near Police Station, Sengamalantchiyarpuram Road, Thiruthangal Village, Sivakasi Taluk, Virudhunagar District.","The District Environmental Engineer,Tamil Nadu Pollution Control Board, No.23, Collectorate Campus, Virudhunagar-626002.",https://www.tnpcb.gov.in/PDF/Citizen_corner/ph/ExeSumEngGPKGranite12625.pdf,https://www.tnpcb.gov.in/PDF/Citizen_corner/ph/EIARptEngGPKGranite12625.pdf
"M/s.D.Shanmugam Rough Stone & Gravel Quarry, S.F.No.27/4 & 27/5, Nalmukkal Village, Marakkanam Taluk, Villupuram District.",Proposed Rough Stone & Gravel Quarry over an extent of 1.76.5 Hectares.,15.07.2025@ 12.00 PM,"M/s.V.R.M Mahal A/c, Nadukuppam Road, Siruvadi-Murukeri, Marakkanam Taluk, Villupuram District-604301","The District Environmental Engineer,Tamil Nadu Pollution Control Board, District Collectoreate Master Plan Complex, Backside to Taluk Office, Villupuram-605602",https://www.tnpcb.gov.in/PDF/Citizen_corner/ph/ExeSumEngShanmugam11625.pdf,https://www.tnpcb.gov.in/PDF/Citizen_corner/ph/EIARptEngShanmugam11625.pdf
"M/s.M.Venkadesan Rough Stone & Gravel Quarry, S.F.No.81/2 & 82/9A, T.Nallalam Village, Marakkanam Taluk, Villupuram District.",Proposed Rough Stone & Gravel Quarry over an extent of 2.30.50 Hectares.,15.07.2025@ 10.30 AM,"M/s.V.R.M Mahal A/c, Nadukuppam Road, Siruvadi-Murukeri, Marakkanam Taluk, Villupuram District-604301","The District Environmental Engineer,Tamil Nadu Pollution Control Board, District Collectoreate Master Plan Complex, Backside to Taluk Office, Villupuram-605602",https://www.tnpcb.gov.in/PDF/Citizen_corner/ph/ExeSumEngVenkadesan11625.pdf,https://www.tnpcb.gov.in/PDF/Citizen_corner/ph/EIARptEngVenkadesan11625.pdf
"M/s.Thirupathi Govind , S.F.No.416/35(Part-3),(Government Poramboke Land), Vinnamangalam Village, Ambur Taluk, Tirupathur District.",Proposed Rough Stone Quarry over an extent of 2.00.0 Ha.,11.07.2025@ 03.45 PM,"M/s.Ashok Mahal, 95/2, M.C.Road, Chennai-Bangalore National Highways, Alankuppam Village, Ambur Taluk, Tirupathur District-635814","The District Environmental Engineer,Tamil Nadu Pollution Control Board, Plot No.PP2, SIDCO Industrial Estate, Trunk Road, Vaniyambadi, Tirupathur District-635751.",https://www.tnpcb.gov.in/PDF/Citizen_corner/ph/ExeSumEngTGovind6925.pdf,https://www.tnpcb.gov.in/PDF/Citizen_corner/ph/EIARptEngTGovind6925.pdf
"M/s.RDS Infrastructure, S.F.No.419(Part-4),(Government Poramboke Land), Vinnamangalam Village, Ambur Taluk, Tirupathur District.",Proposed Rough Stone Quarry over an extent of 1.00.0 Ha.,11.07.2025@ 03.00 PM,"M/s.Ashok Mahal, 95/2, M.C.Road, Chennai-Bangalore National Highways, Alankuppam Village, Ambur Taluk, Tirupathur District-635814","The District Environmental Engineer,Tamil Nadu Pollution Control Board, Plot No.PP2, SIDCO Industrial Estate, Trunk Road, Vaniyambadi, Tirupathur District-635751.",https://www.tnpcb.gov.in/PDF/Citizen_corner/ph/ExeSumEngRDSInfra9625.pdf,https://www.tnpcb.gov.in/PDF/Citizen_corner/ph/EIARptEngRDSInfra9625.pdf
"M/s.R.Purushothaman, S.F.No.420/1(Part-6),(Government Poramboke Land), Vinnamangalam Village, Ambur Taluk, Tirupathur District.",Proposed Rough Stone Quarry over an extent of 0.81.0 Ha.,11.07.2025@ 01.15 PM,"M/s.Ashok Mahal, 95/2, M.C.Road, Chennai-Bangalore National Highways, Alankuppam Village, Ambur Taluk, Tirupathur District-635814","The District Environmental Engineer,Tamil Nadu Pollution Control Board, Plot No.PP2, SIDCO Industrial Estate, Trunk Road, Vaniyambadi, Tirupathur District-635751.",https://www.tnpcb.gov.in/PDF/Citizen_corner/ph/ExeSumEngPurusothaman9625.pdf,https://www.tnpcb.gov.in/PDF/Citizen_corner/ph/EIARptEngPurusothaman9625.pdf
"M/s.N.R.Paranthaman, S.F.No.416/35(Part-5), Vinnamangalam Village, Ambur Taluk, Tirupathur District.",Proposed Rough Stone Quarry over an extent of 1.62.0 Ha.,11.07.2025@ 12.30 PM,"M/s.Ashok Mahal, 95/2, M.C.Road, Chennai-Bangalore National Highways, Alankuppam Village, Ambur Taluk, Tirupathur District-635814","The District Environmental Engineer,Tamil Nadu Pollution Control Board, Plot No.PP2, SIDCO Industrial Estate, Trunk Road, Vaniyambadi, Tirupathur District-635751.",https://www.tnpcb.gov.in/PDF/Citizen_corner/ph/ExeSumEngParanthaman9625.pdf,https://www.tnpcb.gov.in/PDF/Citizen_corner/ph/EIARptEngParanthaman9625.pdf
"M/s.B.Karthik, S.F.No.419(Part-10), (Government Poramboke Land),Vinnamangalam Village, Ambur Taluk, Tirupathur District.",Proposed Rough Stone Quarry over an extent of 1.00.0 Ha.,11.07.2025@ 11.45 AM,"M/s.Ashok Mahal, 95/2, M.C.Road, Chennai-Bangalore National Highways, Alankuppam Village, Ambur Taluk, Tirupathur District-635814","The District Environmental Engineer,Tamil Nadu Pollution Control Board, Plot No.PP2, SIDCO Industrial Estate, Trunk Road, Vaniyambadi, Tirupathur District-635751.",https://www.tnpcb.gov.in/PDF/Citizen_corner/ph/ExeSumEngKarthick9625.pdf,https://www.tnpcb.gov.in/PDF/Citizen_corner/ph/EIARptEngKarthick9625.pdf
"M/s.R.Janarthanan, S.F.No.419(Part-9), (Government Poramboke Land),Vinnamangalam Village, Ambur Taluk, Tirupathur District.",Proposed Rough Stone Quarry over an extent of 0.80.0 Ha.,11.07.2025@ 11.00 AM,"M/s.Ashok Mahal, 95/2, M.C.Road, Chennai-Bangalore National Highways, Alankuppam Village, Ambur Taluk, Tirupathur District-635814","The District Environmental Engineer,Tamil Nadu Pollution Control Board, Plot No.PP2, SIDCO Industrial Estate, Trunk Road, Vaniyambadi, Tirupathur District-635751.",https://www.tnpcb.gov.in/PDF/Citizen_corner/ph/ExeSumEngJanrathan9625.pdf,https://www.tnpcb.gov.in/PDF/Citizen_corner/ph/EIARptEngJanrathan9625.pdf
"M/s.K.Nagamuthukumar Rough Stone Quarry, S.F.No.263/1(Part-2) of Sivaganapuram Village, Nilakottai Taluk, Dindigul District.",Proposed Rough Stone Quarry over an extent of 2.00.05 Ha.,09.07.2025@ 11.00 AM,"M/s.Samuthaya Kalayarangam, C.Puthur, Sivaganapuram Village, Nilakottai Taluk, Dindigul District.","The District Environmental Engineer,Tamil Nadu Pollution Control Board, Collectore Office Campus, Dindigul-624004.",https://www.tnpcb.gov.in/PDF/Citizen_corner/ph/ExeSumEngNagamuthukumar22525.pdf,https://www.tnpcb.gov.in/PDF/Citizen_corner/ph/EIARptEngSelvamNagamuthu22525.pdf
"M/s.B.Selvam Rough Stone Quarry, S.F.No.263/1(Part-3) of Sivaganapuram Village, Nilakottai Taluk, Dindigul District.",Proposed Rough Stone Quarry over an extent of 1.62.00 Ha.,09.07.2025@ 11.00 AM,"M/s.Samuthaya Kalayarangam, C.Puthur, Sivaganapuram Village, Nilakottai Taluk, Dindigul District.","The District Environmental Engineer,Tamil Nadu Pollution Control Board, Collectore Office Campus, Dindigul-624004.",https://www.tnpcb.gov.in/PDF/Citizen_corner/ph/ExeSumEngSelvam22525.pdf,https://www.tnpcb.gov.in/PDF/Citizen_corner/ph/EIARptEngSelvamNagamuthu22525.pdf
"M/s.M.R.Govindan Rough Stone & Gravel Quarry, S.F.No.331/4A, 331/4B, 331/5A, 331/5B, 331/6, 331/7A, 331/7B, 331/8A and 331/8B of Siruthamur Village, Uthiramerur Taluk, Kancheepuram District.",Proposed Rough Stone and Gravel Quarry over an extent of 1.76.50 Hectares.,09.07.2025@ 10.30 AM,"M/s.RRK Mahal, No.167, Thirumukkudal, Thirumukkudal-Pinayur road, Uthiramerur Taluk, Kancheepuram District-631606.","The District Environmental Engineer,Tamil Nadu Pollution Control Board, Plot No.CP-5B, SIPCOT, Oragadam, Sriperumbudur Taluk, Kancheepuram District-602105.",https://www.tnpcb.gov.in/PDF/Citizen_corner/ph/ExeSumEngGovindan5525_331.pdf,https://www.tnpcb.gov.in/PDF/Citizen_corner/ph/EIARptEngGovindan5525_331.pdf
"M/s.M.R.Govindan Rough Stone & Gravel Quarry, S.F.No.3/1A, 3/1B, 3/2 & 5/2 of Sirumailur Village and S.F.No.86/1, 86/2, 87/1(part) of Sithalampakkam Village, Uthiramerur Taluk, Kancheepuram District.",Proposed Rough Stone and Gravel Quarry over an extent of 4.37.50 Hectares.,09.07.2025@ 10.30 AM,"M/s.RRK Mahal, No.167, Thirumukkudal, Thirumukkudal-Pinayur road, Uthiramerur Taluk, Kancheepuram District-631606.","The District Environmental Engineer,Tamil Nadu Pollution Control Board, Plot No.CP-5B, SIPCOT, Oragadam, Sriperumbudur Taluk, Kancheepuram District-602105.",https://www.tnpcb.gov.in/PDF/Citizen_corner/ph/ExeSumEngGovindan5525_3.pdf,https://www.tnpcb.gov.in/PDF/Citizen_corner/ph/EIARptEngGovindan5525_3.pdf
"M/s.M.Devaraj Rough Stone & Gravel Quarry of 1.60.5 Ha at S.F.No.311/3 & 311/4B and M/s.A.Duraisamy Rough Stone & gravel Quarry of 1.08.0 Ha at SF.No.315/2B of Kodangipalayam Village, Palladam Taluk, Tiruppur District named by M/s.Kodangipalayam Rough Stone & Gravel Quarry Cluster.",2 Proposed Rough Stone & Gravel Quarries over an extent of 2.68.5 Hectres.,08.07.2025@ 02.30 PM,"M/s.Sri Venkateswara Mahal, S.F.No.375/2A, Trichy Main Road, Karanampettai, Kodangipalayam Village, Palladam Taluk, Tiruppur District-641401.","The District Environmental Engineer,Tamil Nadu Pollution Control Board, Tiruppur(South), 12A Pollachi By-pass Road, Palladam-641664, Tiruppur District.",https://www.tnpcb.gov.in/PDF/Citizen_corner/ph/ExeSumEngDevarajDuraisamy5625.pdf,https://www.tnpcb.gov.in/PDF/Citizen_corner/ph/EIARptEngDevarajDuraisamy5625.pdf
"M/s.R.Gunasekar Rough Stone & Gravel Quarry of 1.69.5 Ha at S.F.No.103/3B2 and M/s.P.Gowtham Rathinam Rough Stone & gravel Quarry of 1.29.0 Ha at SF.No.91/1A(P) and M/s.D.R.Karuppusamy Rough Stone & Gravel Quarry of 1.00.11 Ha at S.F.No.102/2B of Kodangipalayam Village, Palladam Taluk, Tiruppur Dist",3 Proposed Rough Stone & Gravel Quarries over an extent of 3.98.61 Hectres.,08.07.2025@ 10.30 AM,"M/s.Sri Venkateswara Mahal, S.F.No.375/2A, Trichy Main Road, Karanampettai, Kodangipalayam Village, Palladam Taluk, Tiruppur District-641401.","The District Environmental Engineer,Tamil Nadu Pollution Control Board, Tiruppur(South), 12A Pollachi By-pass Road, Palladam-641664, Tiruppur District.",https://www.tnpcb.gov.in/PDF/Citizen_corner/ph/ExeSumEngGunaGowthamKsamy5625.pdf,https://www.tnpcb.gov.in/PDF/Citizen_corner/ph/EIARptEngGunaGowthamKsamy5625.pdf
"M/s.P.Sabapathi Rough Stone & Gravel Quarry, S.F.Nos.153/2, 3, 4A, 4B, 4C & 5 of Veerapatti Village, Illupur Taluk, Pudukottai District.",Proposed Rough Stone and Gravel Quarry over an extent of 1.18.5 Ha.,26.06.2025@ 11.00 AM,"M/s.A.A.R.Thirumana Mahal, Pudugai-Viralimalai Road, Kaalaipatti, Illupur Taluk, Pudukottai District.","The District Environmental Engineer,Tamil Nadu Pollution Control Board, No.01, SIPCOT Industrial Complex, SIPCOT Post, Pudukottai-622002.",https://www.tnpcb.gov.in/PDF/Citizen_corner/ph/ExeSumEngSabapathi13525.pdf,https://www.tnpcb.gov.in/PDF/Citizen_corner/ph/EIARptEngSabapathi13525.pdf
"M/s.A.A.Kumaresan Rough Stone & Gravel Quarry, S.F.No.376/1B, 376/2, 375/10, 375/11, 375/12, 375/13, 375/14, 375/15 & 375/16, Morattupalayam Village, Uthukuli Taluk, Tiruppur District.",Proposed Rough Stone and Gravel Quarry over an extent of 2.62.0 Ha.,24.06.2025@ 10.30 AM,"Thathaiyan Kovil Thirumana Mandapam, Annamar Kovil Back Side, Kavundampalayam, Morattupalayam Road, Uthukuli Taluk, Tiruppur District-638752.","The District Environmental Engineer,Tamil Nadu Pollution Control Board, Tiruppur North, II Floor, Kumaran Commercial Complex, Kumaran Road, Tiruppur-641601.",https://www.tnpcb.gov.in/PDF/Citizen_corner/ph/ExeSumEngKumaresan13525.pdf,https://www.tnpcb.gov.in/PDF/Citizen_corner/ph/EIARptEngKumaresan13525.pdf
"M/s.M.Antony Gomez Rough Stone & Gravel Quarry, S.F.No.76/15A, 15B, 15C3, 16A, 77/5, 6, 7, 9 & 10 Pazhayaseevaran-B Village, Walajabad Taluk, Kancheepuram District.",Proposed Rough Stone and Gravel Quarry over an extent of 3.63.50 Hectares.,23.06.2025@ 10.30 AM,"M/s. JS Mahal, Uthukadu Koot Road, Uthukadu Village, Walajabad Taluk, Kancheepuram District-631601","The District Environmental Engineer,Tamil Nadu Pollution Control Board, Plot No.CP-5B, SIPCOT, Oragadam, Sriperumbudur Taluk, Kancheepuram District-602105.",https://www.tnpcb.gov.in/PDF/Citizen_corner/ph/ExeSumEngAntony21425.pdf,https://www.tnpcb.gov.in/PDF/Citizen_corner/ph/EIARptEngAntony21425.pdf
"M/s.S.Devendiran Rough Stone & Gravel Quarry, S.F.No.33, 34/3, 34/4, 34/5, 34/6, & 34/8 of Killukulavaipatti Village, Kulathur Taluk, Pudukottai District.",Proposed Rough Stone and Gravel Quarry over an extent of 2.28.0 Ha.,19.06.2025@ 11.00 AM,"Dr.Siddhar swamikalin Sri Balamurugan Aalaya Annathaana Mandapam, Opposite to Balamurugan Temple, Koppampatti Village, Kulathur Taluk, Pudukottai District-622203.","The District Environmental Engineer,Tamil Nadu Pollution Control Board, No.01, SIPCOT Industrial Complex, SIPCOT Post, Pudukottai-622002.",https://www.tnpcb.gov.in/PDF/Citizen_corner/ph/ExeSumEngDevendiren13525.pdf,https://www.tnpcb.gov.in/PDF/Citizen_corner/ph/EIARptEngDevendiren13525.pdf
"M/s.M.Dayalan Rough Stone & Gravel Quarry, S.F.No.293/1B, 293/2A, 293/2B, 293/2C, 295, 300/1A(Part), 301/1A1B, 301/1A2(Part) & 301/1A3B Devariyambakkam Village,Walajabad Taluk, Kancheepuram District.",Proposed Rough Stone and Gravel Quarry over an extent of 2.59.25 Hectares.,18.06.2025@ 10.30 AM,"M/s. JS Mahal, Uthukadu Koot Road, Uthukadu Village, Walajabad Taluk, Kancheepuram District-631601","The District Environmental Engineer,Tamil Nadu Pollution Control Board, Plot No.CP-5B, SIPCOT, Oragadam, Sriperumbudur Taluk, Kancheepuram District-602105.",https://www.tnpcb.gov.in/PDF/Citizen_corner/ph/ExeSumEngDhayalan21425.pdf,https://www.tnpcb.gov.in/PDF/Citizen_corner/ph/EIARptEngDhayalan21425.pdf
"M/s.V.Saravanan Rough Stone & Gravel Quarry, S.F.No.171/2(P) & 176/2, Idayarpalayam Village, Sulur Taluk, Coimbatore District.",Proposed quarrying of 1.84.0 Hectares of Rough Stone & Gravel.,17.06.2025@ 12.00 PM,"M/s.Suya Uthavi Kulu Kootamaippu Building, Pachapalayam Panchayt, Periyakuili, Sultanpet Panchayat Union, Coimbatore District-641201.","The District Environmental Engineer,Tamil Nadu Pollution Control Board, Coimbatore South, E-55A, SIDCO Industrial Estate, Pollachi Main Road, Kurichi, Coimbatore-641021.",https://www.tnpcb.gov.in/PDF/Citizen_corner/ph/ExeSumEngSaravanan14525.pdf,https://www.tnpcb.gov.in/PDF/Citizen_corner/ph/EIARptEngSaravanan14525.pdf
"M/s.S.Sakthivel Rough Stone & Gravel Quarry, S.F.No.334/1D & 334/2A, Pachapalayam Village, Sulur Taluk, Coimbatore District.",Proposed quarrying of 1.64.0 Hectares of Rough Stone & Gravel.,17.06.2025@ 10.00 AM,"M/s.Suya Uthavi Kulu Kootamaippu Building, Pachapalayam Panchayt, Periyakuili, Sultanpet Panchayat Union, Coimbatore District-641201.","The District Environmental Engineer,Tamil Nadu Pollution Control Board, Coimbatore South, E-55A, SIDCO Industrial Estate, Pollachi Main Road, Kurichi, Coimbatore-641021.",https://www.tnpcb.gov.in/PDF/Citizen_corner/ph/ExeSumEngSakthivel14525.pdf,https://www.tnpcb.gov.in/PDF/Citizen_corner/ph/EIARptEngSakthivel14525.pdf
"M/s.T.Ponnusamy Rough Stone & Gravel Quarry, S.F.No.679/A, 679/B(P), 680/A(P), 680/B(P), Thennilai West Village, Pugalur Taluk, Karur District.",Over an extent of 4.23.80 Hectares.,17.06.2025@ 11.00 AM,"Sri Lakshmi Mahal, No.4/61, Kodumudi Road, Thennilai Village, Pugalur Taluk, Karur District-639206.","The District Environmental Engineer,Tamil Nadu Pollution Control Board, No.86, Arivuthirukkovil Road, L.G.B.Nagar, L.N.S Village, Karur-639002.",https://www.tnpcb.gov.in/PDF/Citizen_corner/ph/ExeSumEngPonnusamy13525.pdf,https://www.tnpcb.gov.in/PDF/Citizen_corner/ph/EIARptEngPonnusamy13525.pdf
"M/s.P.K.Sankar Raj Rough Stone and Gravel Quarry, S.F.No.244/1 of Pavali Village, Virudhunagar Taluk, Virudhunagar District.",Fresh quarrying proposal over an extent of 4.61.50 Ha.,17.06.2025@ 11.00 AM,"M/s.Sri Renugadevi Thirumana Mandapam, Door No.1/161, Mangammal Salai, Sengundrapuram Panchayat, Virudhunagar Taluk, Virudhunagar District.-626103","The District Environmental Engineer,Tamil Nadu Pollution Control Board, No.23, Collectorate Campus, Virudhunagar-626002.",https://www.tnpcb.gov.in/PDF/Citizen_corner/ph/ExeSumEngSankarraj8525.pdf,https://www.tnpcb.gov.in/PDF/Citizen_corner/ph/EIARptEngSankarraj8525.pdf
"M/s.Maruvathur Limestone Mine, S.F.No.49/1A, 49/1B, 49/8A(P), 69/1B2, 69/1B3, 69/3C, 70/3A(P), 70/4B & 70/3B, Perali(South) Village, Kunnam Taluk, Perambalur District.",Over an extent of 3.545 Hectares.,11.06.2025@ 10.30 AM,"Sri Amman Mahal, Ariyalur Main Road, Kavulpalayam Village, Perambalur Taluk, Perambalur District-621708.","The District Environmental Engineer,Tamil Nadu Pollution Control Board, No.175L/10, Flat No.C2 & C4, Pallivasal Street, Neatby Post Office, Thuraimangalam, Perambalur District-621220",https://www.tnpcb.gov.in/PDF/Citizen_corner/ph/ExeSumEngMaruvathur8525.pdf,https://www.tnpcb.gov.in/PDF/Citizen_corner/ph/EIARptEngMaruvathur8525.pdf
"M/s.Dhavamani Jayaraman Rough Stone Quarry, S.F.No.916/4A, 8 & 918/1, 2,3,4, Nathikudi Village, Vembakottai Taluk, Virudhunagar District.",Proposed Rough Stone quarry over an extent of 6.65.00 Ha.,10.06.2025@ 11.00 AM,"M/s.Lord P.C. Arunachalanadar Avudaithayammal Thirumana Mandapam, Door No.1210, Poolavurani Village, Sivakasi to Vilampatti Road, (Poolavurani Bus Stop), Sivakasi Taluk, Virudhunagar District.","The District Environmental Engineer,Tamil Nadu Pollution Control Board, No.23, Collectorate Campus, Virudhunagar-626002.",https://www.tnpcb.gov.in/PDF/Citizen_corner/ph/ExeSumEngDhavamani8525.pdf,https://www.tnpcb.gov.in/PDF/Citizen_corner/ph/EIARptEngDhavamaniJeyaraman8525.pdf
"M/s.P.Jeyaraman Rough Stone Quarry, S.F.No.913(P), 914, 915/2, 916/3A, 916/3B, 916/5 & 917/2 , Nathikudi Village, Vembakottai Taluk, Virudhunagar District.",Proposed Rough Stone quarry over an extent of 4.97.50 Ha.,10.06.2025@ 11.00 AM,"M/s.Lord P.C. Arunachalanadar Avudaithayammal Thirumana Mandapam, Door No.1210, Poolavurani Village, Sivakasi to Vilampatti Road, (Poolavurani Bus Stop), Sivakasi Taluk, Virudhunagar District.","The District Environmental Engineer,Tamil Nadu Pollution Control Board, No.23, Collectorate Campus, Virudhunagar-626002.",https://www.tnpcb.gov.in/PDF/Citizen_corner/ph/ExeSumEngJeyaraman8525.pdf,https://www.tnpcb.gov.in/PDF/Citizen_corner/ph/EIARptEngDhavamaniJeyaraman8525.pdf
"M/s.J.M.Minerals Rough Stone & Gravel Quarry, S.F.No.5/1, 5/2, & 4/2, Chokkanthangal Village, Marakkanam Taluk, Villupuram District.",Proposed Rough Stone & Gravel quarry over an extent of 3.00.0 Hectares.,30.05.2025@ 11.00 AM,"M/s.V.R.M Mahal A/c, Nadukuppam Road, Siruvadi-Murukeri, Marakkanam Taluk, Villupuram District-604301.","The District Environmental Engineer,Tamil Nadu Pollution Control Board, District Collectorate Master Plan Complex, Backside to Taluk Office, Villupuram-605602.",https://www.tnpcb.gov.in/PDF/Citizen_corner/ph/ExeSumEngJMMinerals29425.pdf,https://www.tnpcb.gov.in/PDF/Citizen_corner/ph/EIARptEngJMMinerals29425.pdf
"M/s.R.Sathishkumar, S.F.No.203/1B, Orattukuppai Village, Madukkarai Taluk, Coimbatore District.",Proposed quarrying of Rough Stone & Gravel in 1.13.00 Hectares.,29.05.2025@ 11.00 AM,"M/s.Gayathiri Mahal, Golf Club, Malumichampatti Road, Chettipalayam, Coimbatore-641201.","The District Environmental Engineer,Tamil Nadu Pollution Control Board, Coimbatore South, E-55A, SIDCO Industrial Estate, Pollachi Main Road, Kurichi, Coimbatore-641021.",https://www.tnpcb.gov.in/PDF/Citizen_corner/ph/ExeSumEngSathishkumar22425.pdf,https://www.tnpcb.gov.in/PDF/Citizen_corner/ph/EIARptEngSathishkumar22425.pdf
"M/s.K.Kalisamy Rough Stone & Gravel Quarry, S.F.No.409/1B2, 409/2 & 409/3, Mooduthurai Village, Mettupallayam Taluk & Coimbatore District.",Proposed Rough Stone & Gravel quarry over an extent of 1.73.00 Ha.,28.05.2025@ 11.00 AM,"Community hall, Meenampalayam, Mooduthurai Village, Mettupalayam Taluk, Coimbatore District.","The District Environmental Engineer,Tamil Nadu Pollution Control Board, Coimbatore North, No.5, Ramasamy Nagar, Kavundampalayam, Coimbatore-641030",https://www.tnpcb.gov.in/PDF/Citizen_corner/ph/ExeSumEngKalisamy23425.pdf,https://www.tnpcb.gov.in/PDF/Citizen_corner/ph/EIARptEngKalisamy23425.pdf
"M/s.S.Maheswari, S.F.Nos.95/3B1 & 100/4, Karunsamigoundampalayam Village, Madukkarai Taluk, Coimbatore District.",Proposed quarrying of Rough Stone & Gravel in 1.75.5 Hectares.,26.05.2025@ 11.00 AM,"M/s.Shree Ganapathy Mahal, Bodipalayam Road, Madukkarai Market, Madukkarai Taluk, Coimbatore District.","The District Environmental Engineer,Tamil Nadu Pollution Control Board, Coimbatore South, E-55A, SIDCO Industrial Estate, Pollachi Main Road, Kurichi, Coimbatore-641021.",https://www.tnpcb.gov.in/PDF/Citizen_corner/ph/ExeSumEngMaheswari22425.pdf,https://www.tnpcb.gov.in/PDF/Citizen_corner/ph/EIARptEngMaheswari22425.pdf
"M/s.A.Krishnamoorthy, S.F.No.135(Part-6) of Iyangunam Village, Kilpennathur Taluk, Thiruvannamalai District.",Mining of Rough Stone Quarry,22.05.2025@ 1.00 PM,"M/s.Kasthuri Azhwar Thirumana Mandapam, Somasipadi, Tindivanam Main Road, Kilpennathur Taluk, Thiruvannamalai-606611","The District Environmental Engineer,Tamil Nadu Pollution Control Board, District Collectorate Master Plan Complex, Vengikkal, Thiruvannamalai-606604",https://www.tnpcb.gov.in/PDF/Citizen_corner/ph/ExeSumEngKrishnamoorthy16425.pdf,https://www.tnpcb.gov.in/PDF/Citizen_corner/ph/EIARptEngKrishnamoorthy16425.pdf
"M/s.P.Adhimoolam,S.F.No 135(Part-5)(Govt.Poramboke land)of Iyangunam Village, Kilpennathur Taluk, Thiruvannamalai District.",Mining of Rough Stone Quarry,22.05.2025@ 12.00 PM,"M/s.Kasthuri Azhwar Thirumana Mandapam, Somasipadi, Tindivanam Main Road, Kilpennathur Taluk, Thiruvannamalai-606611","The District Environmental Engineer,Tamil Nadu Pollution Control Board, District Collectorate Master Plan Complex, Vengikkal, Thiruvannamalai-606604",https://www.tnpcb.gov.in/PDF/Citizen_corner/ph/ExeSumEngAadhimoolam16425.pdf,https://www.tnpcb.gov.in/PDF/Citizen_corner/ph/EIARptEngAdhimoolam16425.pdf
"M/s.A.Kalpana,S.F.No 135(Part-4) of Iyangunam Village, Kilpennathur Taluk, Thiruvannamalai District.",Mining of Rough Stone Quarry,22.05.2025@ 11.00 AM,"M/s.Kasthuri Azhwar Thirumana Mandapam, Somasipadi, Tindivanam Main Road, Kilpennathur Taluk, Thiruvannamalai-606611","The District Environmental Engineer,Tamil Nadu Pollution Control Board, District Collectorate Master Plan Complex, Vengikkal, Thiruvannamalai-606604",https://www.tnpcb.gov.in/PDF/Citizen_corner/ph/ExeSumEngKalpana16425.pdf,https://www.tnpcb.gov.in/PDF/Citizen_corner/ph/EIARptEngKalpana16425.pdf
"M/s.The India Cements Ltd, Vallur Village, Ponneri Taluk, Thiruvallur District.",Expansion of Cement production capacity from 0.9 Million Tonnes per Annum to 6.0 Million Tonnes per Annum.,08.05.2025@ 10.30 AM,"Parking Yard Opposite to the factory located at Vallur Village, Ponneri Taluk, Thiruvallur District.","The District Environmental Engineer,Tamil Nadu Pollution Control Board, No.88A, SIPCOT Industrial Complex, Gummidipoondi, Tiruvallur District-601201.",https://www.tnpcb.gov.in/PDF/Citizen_corner/ph/ExeSumEngIndiaCements4425.pdf,https://www.tnpcb.gov.in/PDF/Citizen_corner/ph/EIARptEngIndiaCements4425.pdf
"M/s.Teru Murugan Blue Metal Rough Stone and Gravel Quarry, S.F.No.134 & 135/1, Thennilai East Village, Pugalur Taluk, Karur District.",Over an extent of 6.83.5 Hectres.,06.05.2025@ 11.00 AM,"V.P.Kalyana Mahal, No.762/2, Covai Road, Kaatumunnur, K.Paramathi Via, Pugalur Taluk, Karur District.","The District Environmental Engineer,Tamilnadu Pollution Control Board, No.86, Arivuthirukkovil Road, L.G.B Nagar, L.N.S Village, Karur-639002.",https://www.tnpcb.gov.in/PDF/Citizen_corner/ph/ExeSumEngTerumurugan26325.pdf,https://www.tnpcb.gov.in/PDF/Citizen_corner/ph/EIARptEngTerumurugan26325.pdf
"M/s.Tamilnadu Minerals Ltd(Multi Colour Granite Quarry), S.F.No.120(Part), Naganur Village, Kulithalai Taluk, Karur District.",Over an extent of 10.12.0 Hectres.,29.04.2025@ 11.00 AM,"Rajini Thirumana Mahal, Manaparai-Kulithalai Main Road, Thogaimalai, Kulithalai Taluk, Karur District.","The District Environmental Engineer,Tamilnadu Pollution Control Board, No.86, Arivuthirukkovil Road, L.G.B Nagar, L.N.S Village, Karur-639002.",https://www.tnpcb.gov.in/PDF/Citizen_corner/ph/ExeSumEngTaminKar21325.pdf,https://www.tnpcb.gov.in/PDF/Citizen_corner/ph/EIARptEngTaminKar21325.pdf
"M/s.R.S.Senthilkumar, S.F.No.285/3(P), 286/2(P), Pachapalayam Village, Sulur Taluk, Coimbatore District.",Proposed quaryying of 1.95.0 Hectres of Rough Stone & Gravel.,29.04.2025@ 12.00 Noon,"M/s.Suya Uthavi kulu Kootamaippu Building, Pachapalayam Panchayat, Periyakuili Sultanpet Panchayat Union, Coimbatore District.","The District Environmental Engineer,Tamilnadu Pollution Control Board, Coimbatore South, E-55A, SIDCO Industrial Estate, Pollachi Main Road, Kurichi, Coimbatore-641021.",https://www.tnpcb.gov.in/PDF/Citizen_corner/ph/ExeSumEngSenthilkumar21325.pdf,https://www.tnpcb.gov.in/PDF/Citizen_corner/ph/EIARptEngSenthilkumar21325.pdf
"M/s.V.Shanmugam, S.F.No.238/1, Pachapalayam Village, Sulur Taluk, Coimbatore District.",Proposed quaryying of 1.98.0 Hectres of Rough Stone & Gravel.,29.04.2025@ 10.00 AM,"M/s.Suya Uthavi kulu Kootamaippu Building, Pachapalayam Panchayat, Periyakuili Sultanpet Panchayat Union, Coimbatore District.","The District Environmental Engineer,Tamilnadu Pollution Control Board, Coimbatore South, E-55A, SIDCO Industrial Estate, Pollachi Main Road, Kurichi, Coimbatore-641021.",https://www.tnpcb.gov.in/PDF/Citizen_corner/ph/ExeSumEngShanmugam21325.pdf,https://www.tnpcb.gov.in/PDF/Citizen_corner/ph/EIARptEngShanmugam21325.pdf
"M/s.S.Jacob Rajamani, Lakshmipuram, Kovilpatti Taluk, Thoothukudi District, S.F.Nos.613(Part) & 643(Part) of Irukkandurai Part-I Village, Radhapuram Taluk, Tirunelveli District.",Proposed Rough Stone & Gravel Quarry over an extent of 2.97.57 Ha.,22.04.2025@ 11.00 AM,"Rethinam Thirumana Mandapam, Kanyakumari- Radhapuram Road, Cheetikulam, Radhapuram Taluk, Tirunelveli District.","The District Environmental Engineer,Tamilnadu Pollution Control Board, No.30/2, SIDCO Industrial Estate, Pettai, Tirunelveli-627010.",https://www.tnpcb.gov.in/PDF/Citizen_corner/ph/ExeSumEngJacobRajamani18325.pdf,https://www.tnpcb.gov.in/PDF/Citizen_corner/ph/EIARptEngJacobRajamani18325.pdf
"M/s.Apple Granites Multi Colour Granite Quarry , S.F.No.299/1(P), 299/2A(P), 299/2B(P), 301(P), 302/2(P) & 302/3(P), Kallai Village, Kulithalai Taluk, Karur District.",Over an extent of 2.97.0 Hectares.,15.04.2025@ 11.00 AM,"Rajini Thirumana Mahal, Manapparai-Kulithalai Main Road, Thogaimalai, Kulithalai Taluk, Karur District.","The District Environmental Engineer,Tamilnadu Pollution Control Board, No.86, Arivuthirukkovil Road, L.G.B.Nagar, L.N.S Village, Karur-639002..",https://www.tnpcb.gov.in/PDF/Citizen_corner/ph/ExeSumEngAppleGranites11325.pdf,https://www.tnpcb.gov.in/PDF/Citizen_corner/ph/EIARptEngAppleGranites11325.pdf
"M/s.Tamilnadu Minerals Limited, S.F.No.254(Part), Pathalahalli Village, Karimangalam Taluk, Dharmapuri District.",Proposed Black Granite Quarry over an extent of 29.00.23 Ha.,09.04.2025@ 11.00 AM,"M/s.K.P.M Thirumana Mandapam, Kambainallur Village, Karimangalam Taluk, Dharmapuri District-635202.","The District Environmental Engineer,Tamilnadu Pollution Control Board, Adhiyamankottai-Hosur bye pass Road, A.Reddihalli Village, Dharmapuri Taluk, Dharmapuri District-636809.",https://www.tnpcb.gov.in/PDF/Citizen_corner/ph/ExeSumEngTaminPathalahalli26225.pdf,https://www.tnpcb.gov.in/PDF/Citizen_corner/ph/EIARptEngTaminPathalahalli26225.pdf
"M/s.Tamilnadu Minerals Limited, S.F.No.896, Ajjanahalli Village, Pennagaram Taluk, Dharmapuri District.",Proposed Black Granite Quarry over an extent of 17.50.0 Ha.,08.04.2025@ 11.00 AM,"M/s.R.N.Mahal(Ramanagammal) Near Vasantham Theatre, Eriyur Village, Pennagaram Taluk, Dharmapuri District-636810","The District Environmental Engineer,Tamilnadu Pollution Control Board, Adhiyamankottai-Hosur bye pass Road, A.Reddihalli Village, Dharmapuri Taluk, Dharmapuri District-636809.",https://www.tnpcb.gov.in/PDF/Citizen_corner/ph/ExeSumEngTaminAjjanahalli26225.pdf,https://www.tnpcb.gov.in/PDF/Citizen_corner/ph/EIARptEngTaminAjjanahalli26225.pdf
"M/s.ARS Steels and Alloy International Pvt Ltd, Plot No.E-39-52, B-1/s, B1 Part, SIPCOT Industrial Complex, Gummidipoondi, Thiruvallur District-601201.","Proposed Expansion of Steel Melting Plant from 1,42,000 TPA to 2,88,000 TPA of MS Billets and 2,50,000 TPA of TMT Bars.",08.04.2025@ 10.30 AM,"Jayakumari Hall, of Hotel JFN Paradise located at No.87/A/1, GNT Road, Pethikuppam Gate, Gummidipoondi-601201.","The District Environmental Engineer, Tamil Nadu Pollution Control Board, No.88A, SIPCOT Industrial Complex, Gummidipoondi, Thiruvallur District-601201.",https://www.tnpcb.gov.in/PDF/Citizen_corner/ph/ExeSumEngARSSteel3225.pdf,https://www.tnpcb.gov.in/PDF/Citizen_corner/ph/EIARptEngARSSteel3225.pdf
"M/s.G.Pandurangan Rough Stone and Gravel Quarry, S.F.No.84/1(P), 85(P), 86/1, 86/2, 87/1, 87/2, 88, 109/2, 109/3A, 109/3B, 110/1B, 110/2B(P) and 110/2C(P) of Sengundrapuram Village, Virudhunagar Taluk, Virudhunagar District.",Fresh quarrying proposal in over an extent of 3.25.5 Ha.,08.04.2025@ 11.00 AM,"M/s.Sri Renugadevi Thirumana Mandapam, Door No.1/161, Mangammal Salai, Sengundrapuram Panchayat, Virudhunagar Taluk, Virudhunagar District-626103.","The District Environmental Engineer,Tamilnadu Pollution Control Board, No.23, Collectorate Campus, Virudhunagar-626002.",https://www.tnpcb.gov.in/PDF/Citizen_corner/ph/ExeSumEngPandurangan26225.pdf,https://www.tnpcb.gov.in/PDF/Citizen_corner/ph/EIARptEngPandurangan26225.pdf
"M/s.Chettinad Cement Corporation Private Limited, S.F.No.226/2B, 226/2C, 226/2D & etc.,of Kallankurichi Village, Ariyalur Taluk, Ariyalyur District.",Over an extent of 4.37.0 Ha.,03.04.2025@ 11.00 AM,"M/s.Lalkudiyar Thirumana Mandapam, Ariyalur Main Road, Kallankurichi Village, Ariyalur Taluk, Ariyalyur District.","The District Environmental Engineer,Tamilnadu Pollution Control Board, No.4/326, Trichy Main Road, Nearby RTO Office, Keelapalur Post, Ariyalur Taluk & District-621707.",https://www.tnpcb.gov.in/PDF/Citizen_corner/ph/ExeSumEngChettinadKK21225.pdf,https://www.tnpcb.gov.in/PDF/Citizen_corner/ph/EIARptEngChettinadKK21225.pdf
"M/s.P.Senniyappan Rough Stone & Gravel Quarry, S.F.No.302/1A, 303/2A1, 303/2A2B(Part) & 302/1B of Poomalur Village, Palladam Taluk, Tiruppur District.",Proposed Rough Stone & Gravel Quarry over an extent of 1.19.5 Ha.,03.04.2025@ 03.00 PM,"M/s.Sri Amman Kalai Arangam, Bhathrakaliamman Temple, Pallipalayam, Poomalur Village, Palladam Taluk, Tiruppur District.","The District Environmental Engineer,Tamilnadu Pollution Control Board, Tiruppur(South), 12A, Pollachi By-pass Road, Palladam, Tiruppur District - 641664.",https://www.tnpcb.gov.in/PDF/Citizen_corner/ph/ExeSumEngSenniyappan15225.pdf,https://www.tnpcb.gov.in/PDF/Citizen_corner/ph/EIARptEngSenniyappan15225.pdf
"M/s.N.Kumarasamy Rough Stone & Gravel Quarry, S.F.No.3253/2B, 261/1B1, 261/1C1 & 261/2 of Poomalur Village, Palladam Taluk, Tiruppur District.",Proposed Rough Stone & Gravel Quarry over an extent of 3.93.0 Ha.,03.04.2025@ 10.00 AM,"M/s.Sri Amman Kalai Arangam, Bhathrakaliamman Temple, Pallipalayam, Poomalur Village, Palladam Taluk, Tiruppur District.","The District Environmental Engineer,Tamilnadu Pollution Control Board, Tiruppur(South), 12A, Pollachi By-pass Road, Palladam, Tiruppur District - 641664.",https://www.tnpcb.gov.in/PDF/Citizen_corner/ph/ExeSumEngKumarasamy15225.pdf,https://www.tnpcb.gov.in/PDF/Citizen_corner/ph/EIARptEngKumarasamy15225.pdf
"M/s.T.Naveen Kiran Rough Stone & Gravel Quarry, S.F.No.207/2A of Ichipatti Village, Palladam Taluk, Tiruppur District.",Proposed Rough Stone & Gravel Quarry over an extent of 2.83.4 Ha.,28.03.2025@ 11.00 AM,"M/s.Sri Sivasakthi Mahal, Somanur Road, Kombakkaduputhur, Village, Palladam Taluk, Tiruppur District-641668.","The District Environmental Engineer,Tamilnadu Pollution Control Board, Tiruppur(South), 12A, Pollachi By-pass Road, Palladam, Tiruppur District - 641664.",https://www.tnpcb.gov.in/PDF/Citizen_corner/ph/ExeSumEngNaveenkiran14225.pdf,https://www.tnpcb.gov.in/PDF/Citizen_corner/ph/EIARptEngNaveenkiran14225.pdf
"M/s.Chettinad Cement Corporation Private Limited, S.F.No.33/1A & 33/1B of Karuppur(Senapathy) Village, Ariyalur Taluk, Ariyalyur District.",Over an extent of 2.30.0 Ha.,27.03.2025@ 11.00 AM,"M/s.Dhanalakshmi Thirumana Mahal, S.F.No.261/2A1B, Arunachala Nagar, Keelapalur Village, Ariyalur District-621707.","The District Environmental Engineer,Tamilnadu Pollution Control Board, No.4/326, Trichy Main Road, Nearby RTO Office, Keelapalur Post, Ariyalur Taluk & District-621707.",https://www.tnpcb.gov.in/PDF/Citizen_corner/ph/ExeSumEngChettinadKP21225.pdf,https://www.tnpcb.gov.in/PDF/Citizen_corner/ph/EIARptEngChettinadKP21225.pdf
"M/s.Kodangipalayam & Ichipatti Rough Stone & Gravel Quarries- Cluster, S.F.Nos.35/2B, 35/2C, 27/2A, 63/3A(Part), 54/1(Part), 55/1A1(Part), 38/3, 39/1, 26/2, 26/3, 26/4, 26/5A, 26/5B, & 11/2A of Kodangipalayam Village 150/2A, 150/2C, 150/2D & 150/2E of Ichipatti Village, Palladam Taluk, Tiruppur Dist",7 Proposed Rough Stone & Gravel Quarry over an extent of 13.89.40 Ha.,27.03.2025@ 11.00 AM,"M/s.Sri Venkateshwara Mahal, S.F.No.375/2A, Trichy Main Road, Karanampettai, Kodangipalayam Village, Paladam Taluk, Tiruppur District-641401.","The District Environmental Engineer,Tamilnadu Pollution Control Board, Tiruppur(South), 12A, Pollachi By-pass Road, Palladam, Tiruppur District - 641664.",https://www.tnpcb.gov.in/PDF/Citizen_corner/ph/ExeSumEngKondangipalayam14225.pdf,https://www.tnpcb.gov.in/PDF/Citizen_corner/ph/EIARptEngKondangipalayam14225.pdf
"Tamilnadu Generation Distribution Corporation Limited- M/s.Tamilnadu Green Energy Corporation Limited (TNGECL) proposed Sillahalla Pumped Storage Hydro-Electric Project Stage-1(4*250 MW), The Nilgris District.",Proposed Pumped Storage Hydro Project Stage-1 to Generate Power of 1000 MW(4*250 MW).,[Postponed],"Office of Superintending Engineer-Generation Circle, Tamilnadu Green Energy Corporation Limited Kundah Bridge Post, Kundah Taluk, The Nilgris-643219.","The District Environmental Engineer,Tamilnadu Pollution Control Board, Additional Collectorate New Building, Block II, Ground Floor, Finger Post, Udhagamandalam, The Nilgris-643006.",https://www.tnpcb.gov.in/PDF/Citizen_corner/ph/ExeSumEngTNGECL14225.pdf,
"M/s.T.Ponnambalam Rough Stone & Gravel Quarry, S.F.Nos.135/1, 135/2, 135/3A, 135/3B, 135/4 & 135/5 of Mennallur Village, Vembakkam Taluk, Tiruvannamalai District.",Mining of Rough Stone & Gravel Quarry.,18.03.2025@ 11.00 AM,"M/s.R.S.E Mahal, Mamandur, Poongavana Kumarasamy Nagar, No.316/N, Kanchipuram to Vandavasi Road, Vembakkam Taluk, Tiruvannamalai-631702.","The District Environmental Engineer,Tamilnadu Pollution Control Board, District Collectorate Master Plan Complex, Vengikkal, Tiruvannamalai-606604.",https://www.tnpcb.gov.in/PDF/Citizen_corner/ph/ExeSumEngPonnambalam12225.pdf,https://www.tnpcb.gov.in/PDF/Citizen_corner/ph/EIARptEngPonnambalam12225.pdf
"M/s.Pranita Granites, S.F.No.10(Part)Pasinayanapalli Village, Bargur Taluk, Krishnagiri District.",Proposed Colour Granite Quarry lease over an extent of 3.46.0 Ha.,18.03.2025@ 11.00 AM,"M/s.Sri Boopathy Padma Mahal, Thiruvannamalai Main Road, Kannandahalli Village, Bargur Taluk, Krishnagiri District-635203.","The District Environmental Engineer,Tamilnadu Pollution Control Board, Plot No.149-A, Ist Floor, SIPCOT Industrial Complex, Phase-I, Hosur-635126 Krishnagiri District.",https://www.tnpcb.gov.in/PDF/Citizen_corner/ph/ExeSumEngPranita12225.pdf,https://www.tnpcb.gov.in/PDF/Citizen_corner/ph/EIARptEngPranita12225.pdf
"M/s.The Ramco Cements Ltd, Thammanayakkanpatti & Vachchakarapatti Villages, Virudhunagar Taluk & District.",Proposed Expansion of Ramasamy Raja Nagar Cement plant by inclusion of Revamped Old Line-II Operations to existing Lines I & III (Operations of all 3,11.03.2025@ 11.00 AM,"M/s.Haro Om Mahal, R.R Nagar to Kanniseri Road, Gandhinagar Bus Stop, Thammanayakkanpatti, Virudhunagar Taluk & District.","The District Environmental Engineer, Tamilnadu Pollution Control Board, No.23 Collectorate Campus, Virudhunagar-626002.",https://www.tnpcb.gov.in/PDF/Citizen_corner/ph/ExeSumEngRamcoCemtsVdn3225.pdf,https://www.tnpcb.gov.in/PDF/Citizen_corner/ph/EIARptEngRamcoCemtsVdn3225.pdf
"M/s.Udhayam Mines and Minerals Pvt Ltd, S.F.Nos.172/2B, 172/2C, 172/2D & 172/7, Periyavenmani Village, Maduranthagam Taluk, Chengalpattu District.",Proposed Rough Stone & Gravel Quarry over an extent of 4.04.5 Ha.,05.03.2025@ 11.00 AM,"M/s.KS Mahal, Puthur Koot Road, Cheyyur-Vandavasi Salai, Cheyyur-603302.","The District Environmental Engineer, Tamilnadu Pollution Control Board, Maraimalai Adigalar Street, Maraimalai Nagar, Chengalpattu District-603209.",https://www.tnpcb.gov.in/PDF/Citizen_corner/ph/ExeSumEngUdayam29125.pdf,https://www.tnpcb.gov.in/PDF/Citizen_corner/ph/EIARptEngAKUdayam29125.pdf
"M/s.A K Blue Metals Pvt Ltd, S.F.Nos.204/1, 204/2, 204/3, 205, 206/1, 206/2, 206/3, 206/4, 206/5, 206/6, 206/7, 206/8, 206/9, Periyavenmani Village, Maduranthagam Taluk, Chengalpattu District.",Proposed Rough Stone & Gravel Quarry over an extent of 5.53.0 Ha.,05.03.2025@ 11.00 AM,"M/s.KS Mahal, Puthur Koot Road, Cheyyur-Vandavasi Salai, Cheyyur-603302.","The District Environmental Engineer, Tamilnadu Pollution Control Board, Maraimalai Adigalar Street, Maraimalai Nagar, Chengalpattu District-603209.",https://www.tnpcb.gov.in/PDF/Citizen_corner/ph/ExeSumEngAK29125.pdf,https://www.tnpcb.gov.in/PDF/Citizen_corner/ph/EIARptEngAKUdayam29125.pdf
"M/s.APK Minerals Pvt Ltd, S.F.No.207/4B, 5B, 6B, 7B, 8B, 9, 208/1A, 2A, 2B1, 2B2, 5A, 5C, 5D, 5E, 5F, 5G, 212/1L, 1M & 1N, Pazhaveri Village, Uthiramerur Taluk, Kancheepuram District.",Proposed Rough Stone & Gravel Quarry over an extent of 2.23.12 Hectares.,28.02.2025@ 12.00 PM,"R.R.K. Mahal, No.167, Thirumukkudal, Thirumukkudal-Penayur Road, Uthiramerur Taluk, Kancheepuram District-631606.","The District Environmental Engineer, Tamil Nadu Pollution Control Board, Plot No.CP-5B, SIPCOT, Oragadam, Sriperumbudur Taluk, Kancheepuram District-602105.",https://www.tnpcb.gov.in/PDF/Citizen_corner/ph/ExeSumEngAPKMinerals10125_2_23.pdf,https://www.tnpcb.gov.in/PDF/Citizen_corner/ph/EIARptEngApkMinerals10125.pdf
"M/s.APK Minerals Pvt Ltd, S.F.No.263/1A, 1B, 1C, 1M1, 1M2, 1N1, 1N2, 1O, 1P1, 1P2, 1Q, 1R, 1S, 1T, 264/1, 2, 3, 4, 5, 6, 7, 8A, 8B, 9, 10, 11A, 11B, 12A, 12B, 12C, 13, 14, 15, 16A, 16B, 17, 18A, 18B, 19, 20A, 20B, 21, 22, 265/1, 2, 3, 4, & 5, Pazhaveri Village, Uthiramerur Taluk, Kancheepuram Distri",Proposed Rough Stone & Gravel Quarry over an extent of 2.58.0 Hectares.,28.02.2025@ 10.30 AM,"R.R.K. Mahal, No.167, Thirumukkudal, Thirumukkudal-Penayur Road, Uthiramerur Taluk, Kancheepuram District-631606.","The District Environmental Engineer, Tamil Nadu Pollution Control Board, Plot No.CP-5B, SIPCOT, Oragadam, Sriperumbudur Taluk, Kancheepuram District-602105.",https://www.tnpcb.gov.in/PDF/Citizen_corner/ph/ExeSumEngAPKMinerals10125_2_58.pdf,https://www.tnpcb.gov.in/PDF/Citizen_corner/ph/EIARptEngApkMinerals10125.pdf
"M/s.V.Ganesan Rough Stone & gravel Quarry, S.F.No.103/3A1A, 103/3A2 & 103/3B1 of Kodangipalayam Village, Palladam Taluk, Tiruppur District.",Proposed Rough Stone & Gravel Quarry over an extent of 1.81.0 Ha.,25.02.2025@ 03.00 PM,"M/s.Sri Venkateshwara Mahal, S.F.No.375/2A, Trichy Main Road, Karanampettai, Kodangipalayam Village, Palladam Taluk, Tiruppur District-641401.","The District Environmental Engineer,Tamilnadu Pollution Control Board, Tiruppur(South), 12A, Pollachi By-pass Road, Palladam, Tiruppur District-641664.",https://www.tnpcb.gov.in/PDF/Citizen_corner/ph/ExeSumEngGanesan22125.pdf,https://www.tnpcb.gov.in/PDF/Citizen_corner/ph/EIARptEngGanesan22125.pdf
"M/s.P.Gopal Rough Stone & gravel Quarry, S.F.No.27/2B(Part) of Kodangipalayam Village, Palladam Taluk, Tiruppur District.",Proposed Rough Stone & Gravel Quarry over an extent of 1.68.5 Ha.,25.02.2025@ 11.00 AM,"M/s.Sri Venkateshwara Mahal, S.F.No.375/2A, Trichy Main Road, Karanampettai, Kodangipalayam Village, Palladam Taluk, Tiruppur District-641401.","The District Environmental Engineer,Tamilnadu Pollution Control Board, Tiruppur(South), 12A, Pollachi By-pass Road, Palladam, Tiruppur District-641664.",https://www.tnpcb.gov.in/PDF/Citizen_corner/ph/ExeSumEngGopal22125.pdf,https://www.tnpcb.gov.in/PDF/Citizen_corner/ph/EIARptEngGopal22125.pdf
"M/s.S.Rathnavelu, S.F.No.700/1(Part) & 700/2, Magaral B Village, Walajabad Taluk Taluk, Kancheepuram District.",Proposed Rough Stone & Gravel Quarry over an extent of 2.34.50 Hectares.,Postponed,"Azhagan Mahal, Kancheepuram -Uthiramerur Road, Arpakkam, Walajabad Taluk, Kancheepuram District-631603.","The District Environmental Engineer,Tamilnadu Pollution Control Board, Plot No.CP-5B, SIPCOT, Oragadam, Sriperumbudur Taluk, Kancheepuram District-602105.",https://www.tnpcb.gov.in/PDF/Citizen_corner/ph/ExeSumEngRathnavelu10125.pdf,https://www.tnpcb.gov.in/PDF/Citizen_corner/ph/EIARptEngRathnavelu10125.pdf
"M/s.Apollo Tyres Ltd ( Captive Power Plant), S.F.No.491, Plot No.B-25, SIPCOT Industrial Growth Centre-Oragadam, Mathur Village, Sriperumbudur Taluk, Kancheepuram District.",Proposed Expansion of Coal Based Co-Gen Thermal Power Plant from 4.6MW to 14.6MW.,20.02.2025@ 10.30 AM,"Brahma Sakthi Mahal, Oragadam - Sriperumbudur Road, Vallakottai, Sriperumbudur Taluk, Kancheepuram District-602105.","The District Environmental Engineer,Tamilnadu Pollution Control Board, Plot No.CP-5B, SIPCOT, Oragadam, Sriperumbudur Taluk, Kancheepuram District-602105.",https://www.tnpcb.gov.in/PDF/Citizen_corner/ph/ExeSumEngApolloTyres10125.pdf,https://www.tnpcb.gov.in/PDF/Citizen_corner/ph/EIARptEngApolloTyres10125.pdf
"M/s.Vijay Blue Metals, S.F.No.327/1(Part), Gopanapalli Village, Hosur Taluk, Krishnagiri District.",Proposed Rough Stone Quarry lease over an extent of 2.62.0 Ha(Govt Poramboke Land).,13.02.2025@ 11.30 AM,"M/s.CMK Kalyana Mandapam, Nagondapalli Village, Denkanikottai Main Road, Hosur Taluk, Krishnagiri District-635109","The District Environmental Engineer,Tamilnadu Pollution Control Board, Plot No.149-A, Ist Floor, SIPCOT Industrial Complex, Phase-I, Hosur-635126 Krishnagiri District.",https://www.tnpcb.gov.in/PDF/Citizen_corner/ph/ExeSumEngVijayBlemetals9125.pdf,https://www.tnpcb.gov.in/PDF/Citizen_corner/ph/EIARptEngVijayBlemetals9125.pdf
"M/s.Victory Rocks, S.F.No.327/3, Gopanapalli Village, Hosur Taluk, Krishnagiri District.",Proposed Rough Stone Quarry lease over an extent of 1.33.5 Ha.,13.02.2025@ 10.30 AM,"M/s.CMK Kalyana Mandapam, Nagondapalli Village, Denkanikottai Main Road, Hosur Taluk, Krishnagiri District-635109","The District Environmental Engineer,Tamilnadu Pollution Control Board, Plot No.149-A, Ist Floor, SIPCOT Industrial Complex, Phase-I, Hosur-635126 Krishnagiri District.",https://www.tnpcb.gov.in/PDF/Citizen_corner/ph/ExeSumEngVictoryRocks9125.pdf,https://www.tnpcb.gov.in/PDF/Citizen_corner/ph/EIARptEngVictoryRocks9125.pdf
"M/s.V.Nagaraja Rough Stone Quarry, S.F.No.287/1, Venkateshapuram Village, Shoolagiri Taluk, Krishnagiri District.",Proposed Rough Stone Quarry lease over an extent of 2.16.0 Ha.(Patta land).,12.02.2025@ 11.30 AM,"M/s.PVR-LMR Kalyana Mandapam, No.344/1, 344/2, Theertham Road, Berikai Village, Shoolagiri Taluk, Krishnagiri District-635105.","The District Environmental Engineer,Tamilnadu Pollution Control Board, Plot No.149-A, Ist Floor, SIPCOT Industrial Complex, Phase-I, Hosur-635126 Krishnagiri District.",https://www.tnpcb.gov.in/PDF/Citizen_corner/ph/ExeSumEngNagaraja9125.pdf,https://www.tnpcb.gov.in/PDF/Citizen_corner/ph/EIARptEngNagaraja9125.pdf
"M/s.Sumuka Blue Metals & M Sand, S.F.No.294(Part-II), Venkateshapuram Village, Shoolagiri Taluk, Krishnagiri District.",Proposed Rough Stone Quarry lease over an extent of 3.75.0 Ha.,12.02.2025@ 10.30 AM,"M/s.PVR-LMR Kalyana Mandapam, No.344/1, 344/2, Theertham Road, Berikai Village, Shoolagiri Taluk, Krishnagiri District-635105.","The District Environmental Engineer,Tamilnadu Pollution Control Board, Plot No.149-A, Ist Floor, SIPCOT Industrial Complex, Phase-I, Hosur-635126 Krishnagiri District.",https://www.tnpcb.gov.in/PDF/Citizen_corner/ph/ExeSumEngSumukaBluemetals9125.pdf,https://www.tnpcb.gov.in/PDF/Citizen_corner/ph/EIARptEngSumukaBluemetals9125.pdf
"M/s.Udangudi Super Critical Power Project, S.F.No.594 & others, Udangudi Village, Tiruchendur Taluk, Thoothukudi District.","M/s.Udangudi Super Critical Power Project, S.F.No.594 & others, Udangudi Village, Tiruchendur Taluk, Thoothukudi District.",[View],,"The District Environmental Engineer,Tamilnadu Pollution Control Board, No.C7 & C9, SIPCOT Industrial Complex, Meelavittan, Thoothukudi-628008.",https://www.tnpcb.gov.in/PDF/Citizen_corner/ph/ExeSumEngUdangudi2125.pdf,https://www.tnpcb.gov.in/PDF/Citizen_corner/ph/EIARptEngUdangudi2125.pdf
"M/s.Royal Stones, S.F.No.1/7(Part-7), Panamarathupatti Village, Salem Taluk, Salem District.",Proposed Rough Stone Quarry lease over an extent of 1.00.0 Ha.,05.02.2025@ 11.00 AM,"M/s.Sri Vijay Mahal Thirumana Mandapam, No.5/188, NH-44 Service Road, Gajjalnaickenpatti Village, Panamarathupatti Union, Salem Taluk, Salem District-636201.","The District Environmental Engineer,Tamilnadu Pollution Control Board, 1/276, Meyyanur Main Road, Salem-636004.",https://www.tnpcb.gov.in/PDF/Citizen_corner/ph/ExeSumEngRoyalStoneSivakumar311224.pdf,https://www.tnpcb.gov.in/PDF/Citizen_corner/ph/EIARptEngRoyalStoneSivakumar311224.pdf
"M/s.V.Gopalakrishnan, S.F.No.291/1A, Pachapalayam Village, Sulur Taluk, Coimbatore District.",Proposed quaryying of 2.43.5 Hectares of Rough Stone & Gravel.,28.01.2025@ 12.00 PM,"M/s.Suya Uthavi Kulu Kootamaipu Building, Pachapalayam Panchayat, Periyakuili, Sultanpet Panchayat Union Coimbatore District-641201.","The District Environmental Engineer,Tamilnadu Pollution Control Board, Coimbatore South, E-55A, SIDCO Industrial Estate, Pollachi Main Road, Kurichi, Coimbatore-641021.",https://www.tnpcb.gov.in/PDF/Citizen_corner/ph/ExeSumEngGopalTNBluemetals241224.pdf,https://www.tnpcb.gov.in/PDF/Citizen_corner/ph/EIARptEngGopalTNBluemetals241224.pdf
"M/sA.Krishnasamy , S.F.No.167/2B, 2C, 2D(P) & 170/6(P), Pachapalayam Village, Sulur Taluk, Coimbatore District.",Proposed quaryying of 3.50.4 Hectares of Rough Stone & Gravel.,28.01.2025@ 10.00 AM,"M/s.Suya Uthavi Kulu Kootamaipu Building, Pachapalayam Panchayat, Periyakuili, Sultanpet Panchayat Union Coimbatore District-641201.","The District Environmental Engineer,Tamilnadu Pollution Control Board, Coimbatore South, E-55A, SIDCO Industrial Estate, Pollachi Main Road, Kurichi, Coimbatore-641021.",https://www.tnpcb.gov.in/PDF/Citizen_corner/ph/ExeSumEngKsamyDurai241224.pdf,https://www.tnpcb.gov.in/PDF/Citizen_corner/ph/EIARptEngKsamyDurai241224.pdf
"M/s.S.Danapal Rough Stone Quarry, S.F.No.106(Part-1), Palapatti Village, Vazhappadi Taluk, Salem District.",Proposed Rough Stone Quarry lease over an extent of 1.00.0 Ha.,24.01.2025@ 11.00 AM,"M/s.Aishwaryam Mahal, Belur Main Road, Perumal Kovil Bus Stop, yothiyapattanam, Minnampalli Village, Vazhappadi Taluk, Salem District-636103","The District Environmental Engineer,Tamilnadu Pollution Control Board, No.1/276, Siva Towers, Meyyanur Road, Salem-636004.",https://www.tnpcb.gov.in/PDF/Citizen_corner/ph/ExeSumEngDhanapalRaja171224.pdf,https://www.tnpcb.gov.in/PDF/Citizen_corner/ph/EIARptEngDhanapalRaja171224.pdf
"M/s.V.Sasikumar Rough Stone & Gravel Quarry, S.F.No.30/1, 30/3, 30/4, 30/5, 30/6, 30/7, 30/8A, 30/9, 30/10, 30/11 & 31/2 of Killukulavaipatti Village, Kulathur Taluk, Pudukottai District.",Proposed Rough Stone Quarry extent of 2.07.0 Ha.,07.01.2025@ 12.00 PM,"Dr.Siddhar Swamigalin Sri Balamurugan Aalaya Annathaana Mandapam, Opposite to Balamurugan Temple, Koppampatti Village, Kulathur Taluk, Pudukottai District-622203.","The District Environmental Engineer,Tamilnadu Pollution Control Board, No.01, SIPCOT Industrial Complex, SIPCOT Post, Pudukottai-622002.",https://www.tnpcb.gov.in/PDF/Citizen_corner/ph/ExeSumEngSasikumar291124.pdf,https://www.tnpcb.gov.in/PDF/Citizen_corner/ph/EIARptEngSasikumar291124.pdf
"M/s.K.Natraj Rough Stone & Gravel Quarry, S.F.No.111/1B, 111/2, 115/9, 115/10 of Themmavur Village & 40/5 of Killukulavaipatti Village, Kulathur Taluk, Pudukottai District.",Proposed Rough Stone Quarry extent of 2.86.0 Ha.,07.01.2025@ 11.00 AM,"Dr.Siddhar Swamigalin Sri Balamurugan Aalaya Annathaana Mandapam, Opposite to Balamurugan Temple, Koppampatti Village, Kulathur Taluk, Pudukottai District-622203.","The District Environmental Engineer,Tamilnadu Pollution Control Board, No.01, SIPCOT Industrial Complex, SIPCOT Post, Pudukottai-622002.",https://www.tnpcb.gov.in/PDF/Citizen_corner/ph/ExeSumEngNatraj291124.pdf,https://www.tnpcb.gov.in/PDF/Citizen_corner/ph/EIARptEngNatraj291124.pdf
"M/s.M.N.Balasundaram Rough Stone & Gravel Quarry, S.F.Nos.8/1A, 8/1B, 8/1C, 8/1D, 8/1E, 8/1F, 8/1G, 8/1H, 8/1I, 8/1J, 8/1K, 8/1L, 8/1M, 8/3A & 8/3B, Sithalapakkam Village, Vembakkam Taluk, Tiruvannamalai District.",Mining of Rough Stone & Gravel Quarry.,07.01.2025@ 01.00 PM,"M/s.R.S.E Mahal, Mamandur, Poongavana Kumarasamy Nagar, No.316/N, Kanchipuram to Vandavasi Road, Vembakkam Taluk, Tiruvannamalai-631702","The District Environmental Engineer,Tamilnadu Pollution Control Board, District Collectorate Master Plan Complex, Vengikkal, Tiruvannamalai-606604.",https://www.tnpcb.gov.in/PDF/Citizen_corner/ph/ExeSumEngBalasundaram281124.pdf,https://www.tnpcb.gov.in/PDF/Citizen_corner/ph/EIARptEngBalasundaram281124.pdf
"M/s.Sri Elumalaiyan Blue Metals, S.F.Nos.137/1, 137/2A, 137/2B, 137/2C, 139/1(P), 139/2, 139/3, 139/4, 139/5, 139/6, 139/7, 139/8, 139/9, 139/10, 139/11, 139/12, 141/1, 141/2, 141/3, 141/4A, 141/4B, 141/4C, 141/5A, 141/5B, 141/6, 141/8, 141/9, 141/10, 143/6A2, 143/12, 143/13, 143/14, 143/15 of Menal",Mining of Rough Stone & Gravel Quarry.,07.01.2025@ 11.00 AM,"M/s.R.S.E Mahal, Mamandur, Poongavana Kumarasamy Nagar, No.316/N, Kanchipuram to Vandavasi Road, Vembakkam Taluk, Tiruvannamalai-631702","The District Environmental Engineer,Tamilnadu Pollution Control Board, District Collectorate Master Plan Complex, Vengikkal, Tiruvannamalai-606604.",https://www.tnpcb.gov.in/PDF/Citizen_corner/ph/ExeSumEngElumalaiyan281124.pdf,https://www.tnpcb.gov.in/PDF/Citizen_corner/ph/EIARptEngElumalaiyan281124.pdf
"M/s.P.Sankar Rough Stone & gravel Quarry, S.F.No.22/1, Ezhacheri Village, Vembakkam Taluk, Tiruvannamalai District.",Mining of Rough Stone & Gravel Quarry.,07.01.2025@ 12.00 PM,"M/s.R.S.E Mahal, Mamandur, Poongavana Kumarasamy Nagar, No.316/N, Kanchipuram to Vandavasi Road, Vembakkam Taluk, Tiruvannamalai-631702","The District Environmental Engineer,Tamilnadu Pollution Control Board, District Collectorate Master Plan Complex, Vengikkal, Tiruvannamalai-606604.",https://www.tnpcb.gov.in/PDF/Citizen_corner/ph/ExeSumEngSankar281124.pdf,https://www.tnpcb.gov.in/PDF/Citizen_corner/ph/EIARptEngSankar281124.pdf
"M/s.Tamil Nadu Minerals Limited, S.F.No.486(Part) & 736/4, Jakkery Village, Denkanikottai Taluk, Krishnagiri District.",Proposed Colur Granite Quarry lease over an extent of 27.04.5 Ha.,07.01.2025@ 11.00 AM,"M/s. Kala Mahal, No.798/2 & 800/1-3-4, Kundumaranpalli Village, Kelamangalam, Denkanikottai Taluk, Krishnagiri District-635112.","The District Environmental Engineer,Tamilnadu Pollution Control Board, Plot No.149-A, Ist Floor, SIPCOT Industrial Complex, Phase-I, Hosur-635126 Krishnagiri District.",https://www.tnpcb.gov.in/PDF/Citizen_corner/ph/ExeSumEngTAMIN_Jakkery281124.pdf,https://www.tnpcb.gov.in/PDF/Citizen_corner/ph/EIARptEngTAMIN_Jakkery281124.pdf
"M/s.Red Gravel and Ordinary Stone Quarry, S.F.No.295/2A, 295/2B, 295/2D, 238/1, 238/3B, Keelaramandhi Village, Kamuthi Taluk, Ramanathapuram District.",Over an extent of 4.55.0 Ha.,07.01.2025@ 10.30 AM,"M/s. Natarajan Velammal Thirumana Mandapam, L.F.Road, Kamuthi Taluk, Ramanathapuram District.","The District Environmental Engineer,Tamilnadu Pollution Control Board, No.1/1984, Jothi Nagar, Sakkarakkottai Village, Collectorate Post, Ramanathapuram-623504.",https://www.tnpcb.gov.in/PDF/Citizen_corner/ph/ExeSumEngKarthik121124.pdf,https://www.tnpcb.gov.in/PDF/Citizen_corner/ph/EIARptEngKarthik121124.pdf
"M/s.Ragavendra Minerals and Chemicals Limestone Quarry, S.F.No.809/2, 3, 4 & 5(P), Thennilai Village, Kadavur Taluk, Karur District.",Over an extent of 2.51.5 Hectares.,02.01.2025@ 11.00 AM,"Vasatham Mahal, Palayam Main Road, E.B.Office near, Chinthamanipatty, Kelapaguthi Village, Kadavur Taluk, Karur District.","The District Environmental Engineer,Tamilnadu Pollution Control Board, No.86, Arivuthirukkovil Road, L.G.B.Nagar, L.N.S.Village, Karur-639002.",https://www.tnpcb.gov.in/PDF/Citizen_corner/ph/ExeSumEngRagavendra291124.pdf,https://www.tnpcb.gov.in/PDF/Citizen_corner/ph/EIARptEngRagavendra291124.pdf
"M/s.E.Dhanapal LimeStone Quarry, S.F.No.806/5, 806/6 & 807/3, Thennilai Village, Kadavur Taluk, Karur District.",Over an extent of 3.15.0 Hectares.,02.01.2025@ 12.00 PM,"Vasatham Mahal, Palayam Main Road, E.B.Office near, Chinthamanipatty, Kelapaguthi Village, Kadavur Taluk, Karur District.","The District Environmental Engineer,Tamilnadu Pollution Control Board, No.86, Arivuthirukkovil Road, L.G.B.Nagar, L.N.S.Village, Karur-639002.",https://www.tnpcb.gov.in/PDF/Citizen_corner/ph/ExeSumEngDhanapal291124.pdf,https://www.tnpcb.gov.in/PDF/Citizen_corner/ph/EIARptEngDhanapal291124.pdf
"M/s.M.Gandhi Multi Coloured Granite Quarry, S.F.No.135/1A, 136/1A & 136/2, Naganur Village, Kulithalai Taluk, Karur District.",Over an Extent of 2.93.0 Hectares.,24.12.2024@ 11.00 AM,"Rajini Thirumana Mahal Manapparai-Kulithalai Main Road, Thogaimalai, Kulithalai Taluk, Karur District-639104","The District Environmental Engineer,Tamilnadu Pollution Control Board, Arivuthirukkovil Road, L.G.B.Nagar, L.N.S.Village, Karur-639002.",https://www.tnpcb.gov.in/PDF/Citizen_corner/ph/ExeSumEngGandhi221124.pdf,https://www.tnpcb.gov.in/PDF/Citizen_corner/ph/EIARptEngGandhi221124.pdf
"M/s.K.Sakthivel Multi Coloured Granite Quarry, S.F.No.351, Nallur Village, Kulithalai Taluk, Karur District.",Over an Extent of 251.5 Hectares.,24.12.2024@ 12.00 PM,"Rajini Thirumana Mahal Manapparai-Kulithalai Main Road, Thogaimalai, Kulithalai Taluk, Karur District-639104","The District Environmental Engineer,Tamilnadu Pollution Control Board, Arivuthirukkovil Road, L.G.B.Nagar, L.N.S.Village, Karur-639002.",https://www.tnpcb.gov.in/PDF/Citizen_corner/ph/ExeSumEngSakthivel221124.pdf,https://www.tnpcb.gov.in/PDF/Citizen_corner/ph/EIARptEngSakthivel221124.pdf
"M/s.Chemplast Sanmar Limited, Mettur Taluk, Salem District.",Proposed Expansion of Refrigerant Gases Manufacturing unit.,23.12.2024@ 11.00 AM,"JKB Mahal, Thoppur-Bhavani Main Road, Near Karumalaikoodal Police Station, P.N.Patti, Mettur Taluk, Salem District-636402","The District Environmental Engineer,Tamilnadu Pollution Control Board, Siva Towers, Meyyanur main road, Salem District-636004.",https://www.tnpcb.gov.in/PDF/Citizen_corner/ph/ExeSumEngChemplast151124.pdf,https://www.tnpcb.gov.in/PDF/Citizen_corner/ph/EIARptEngChemplast151124.pdf
"M/s.Chemplast Sanmar Limited, Mettur Taluk, Salem District.",Proposed Expansion of Poly Vinyl Chloride(PVC) Paste Resin from 66000 TPA to 145000 TPA.,23.12.2024@ 11.30 AM,"JKB Mahal, Thoppur-Bhavani Main Road, Near Karumalaikoodal Police Station, P.N.Patti, Mettur Taluk, Salem District-636402","The District Environmental Engineer,Tamilnadu Pollution Control Board, Siva Towers, Meyyanur main road, Salem District-636004.",https://www.tnpcb.gov.in/PDF/Citizen_corner/ph/ExeSumEngChemplastPVC151124.pdf,https://www.tnpcb.gov.in/PDF/Citizen_corner/ph/EIARptEngChemplastPVC151124.pdf
"M/s.Tamilnadu Generation and Distribution Corporation(TANGEDCO), Government of Tamilnadu, Eranavur Village, Thiruvottiyur Taluk, Chennai District.",Proposed (1*660MW) Ennore TPS Expansion Project.,20.12.2024@ 11.00 AM,"M/s.Perunthalaivar Kamarajar Maligai, No.5, Mahalakshmi Nagar, Ernavur, Chennai-57.","The District Environmental Engineer,Tamilnadu Pollution Control Board, Manali(MERRC), No.33/80,Ist Main Road, Ramakrishna Nagar,Ernavoor,Chennai-600057.",https://www.tnpcb.gov.in/PDF/Citizen_corner/ph/ExeSumEngTANGEDCO131124.pdf,https://www.tnpcb.gov.in/PDF/Citizen_corner/ph/EIARptEngTANGEDCO131124.pdf
"M/s.P.S.Mines and Minerals, S.F.No.134/1, 134/4, 134/5B, 134/6 & 134/7, Padalur(East) Village, Alathur Taluk, Perambalur District.",Over an Extent of 2.38.0 Hectares.,20.12.2024@ 10.30 AM,"Anbu Mahal, Opposite to Aruna Petrol Bunk, Padalur, Alathur Taluk, Perambalur District.","The District Environmental Engineer,Tamilnadu Pollution Control Board, No.175L/10, Flat No.C2 & C, Pallivasal Street, Nearby Post Office, Thuraimangalam, Peramblaur District-621220.",https://www.tnpcb.gov.in/PDF/Citizen_corner/ph/ExeSumEngPSMines131124.pdf,https://www.tnpcb.gov.in/PDF/Citizen_corner/ph/EIARptEngPSMines131124.pdf
"M/s.C.Senthil kumar Fireclay Quarry - I, S.F.No.361/2(Part) & 361/3, Therani Village, Alathur Taluk, Perambalur District.",Over an extent of 2.22.5 Hectares.,19.12.2024@ 10.30 AM,"Raaj Mahal, Near Weekly Market, Main Road, Padalur, Alathur Taluk, Perambalur District-621109.","The District Environmental Engineer,Tamilnadu Pollution Control Board, No.175L/10, Flat No.C2 & C, Pallivasal Street, Nearby Post Office, Thuraimangalam, Peramblaur District-621220",https://www.tnpcb.gov.in/PDF/Citizen_corner/ph/ExeSumEngSenthilkumar121124.pdf,https://www.tnpcb.gov.in/PDF/Citizen_corner/ph/EIARptEngSenthilkumar121124.pdf
"M/s.C.Senthil kumar Fireclay Quarry- II, S.F.No.336/4(Part), 336/5, 336/8 & 336/9, Therani Village, Alathur Taluk, Perambalur District.",Over an extent of 3.21.50 Hectares.,19.12.2024@ 11.30 AM,"Raaj Mahal, Near Weekly Market, Main Road, Padalur, Alathur Taluk, Perambalur District-621109.","The District Environmental Engineer,Tamilnadu Pollution Control Board, No.175L/10, Flat No.C2 & C, Pallivasal Street, Nearby Post Office, Thuraimangalam, Peramblaur District-621220",https://www.tnpcb.gov.in/PDF/Citizen_corner/ph/ExeSumEngSenthil121124.pdf,https://www.tnpcb.gov.in/PDF/Citizen_corner/ph/EIARptEngSenthil121124.pdf
"M/s.S.S.Minerals Fireclay Quarry, S.F.No.434/1, 434/3(Part) & 435/1, Therani Village, Alathur Taluk, Perambalur District.",Over an extent of 4.13.5 Hectares.,19.12.2024@ 12.30 PM,"Raaj Mahal, Near Weekly Market, Main Road, Padalur, Alathur Taluk, Perambalur District-621109.","The District Environmental Engineer,Tamilnadu Pollution Control Board, No.175L/10, Flat No.C2 & C, Pallivasal Street, Nearby Post Office, Thuraimangalam, Peramblaur District-621220",https://www.tnpcb.gov.in/PDF/Citizen_corner/ph/ExeSumEngSSMinerals121124.pdf,https://www.tnpcb.gov.in/PDF/Citizen_corner/ph/EIARptEngSSMinerals121124.pdf
"M/s.Kuthavakkam Properties Pvt Ltd, S.F.Nos.136/1B(P), 136/1C(P), 136/2A, 136/2B, 136/2C, 136/2D, 136/2E, 371/2(P), 372/4(P), 372/6, 372/7, 372/8(P), 373(P), 376/3(P), 376/5(P), 377/5(P), 377/4(P), 377/3(P), 377/6, 377/7(P), Athimugam Village, Shoolagiri Taluk, Krishnagiri District.",Proposed Rough Stone Quarry lease over an extent of 4.64.0 Ha.,11.12.2024@ 11.00 AM,"M/s. P.V.R-L.M.R Kalyana Mandapam, No.344/1, 344/2, Theertham Road, Berikai Village, Shoolagiri Taluk, Krishnagiri District-635105.","The District Environmental Engineer,Tamilnadu Pollution Control Board, Plot No.149-A, Ist Floor, SIPCOT Industrial Complex, Phase-I, Hosur-635126 Krishnagiri District.",https://www.tnpcb.gov.in/PDF/Citizen_corner/ph/ExeSumEngKVK71124.pdf,https://www.tnpcb.gov.in/PDF/Citizen_corner/ph/EIARptEngKVK71124.pdf
"M/s.V.Nagarajan Rough Stone & Gravel Quarry, S.F.No.34/1B1, 35/2B, 35/3 & 35/4 of Nalmukkal Village, Marakkanam Taluk, Villupuram District.",Proposed Rough Stone & Gravel Quarry with an extent of4.75.00 Hectares.,11.12.2024@ 11.00 AM,"M/s. A.M.S Mahal, No.201/1, Main Road, Murukeri Village, Siruvari Post, Marakkanam Taluk, Villupuram District.","The District Environmental Engineer,Tamilnadu Pollution Control Board, District Collectorate Master Plan Complex, Backside to Taluk Office, Villupuram-605 602.",https://www.tnpcb.gov.in/PDF/Citizen_corner/ph/ExeSumEngNagarajan51124.pdf,https://www.tnpcb.gov.in/PDF/Citizen_corner/ph/EIARptEngNagarajan51124.pdf
"M/s.P.Aruldoss, Rough Stone & Gravel Quarry, S.F.No.41/2, 66/1A(P), 66/1B & 66/8, T.C Kandigai Village, Tiruttani Taluk, Thiruvallur District-631205.","Proposed Rough Stone & Gravel Quarry over an extent of 2.94.5 Hectares. Latitude: 13 0 09'15.82""N to 13 0 09'22.89""N Longitude: 79 0 28'24.73""E to 79",11.12.2024@ 11.00 AM,"Sri Venkateshwara Kalyana Mandapam, Chittoor Road, K.G.Kandigai, Tiruttani Taluk, Thiruvallur District.","The District Environmental Engineer,Tamilnadu Pollution Control Board, Master Plan Complex, S.F.No.1/6D & 1/5B, Perumbakkam Village, Tiruvallur-602001.",https://www.tnpcb.gov.in/PDF/Citizen_corner/ph/ExeSumEngAruldoss251024.pdf,https://www.tnpcb.gov.in/PDF/Citizen_corner/ph/EIARptEngAruldoss251024.pdf
"M/s.Shri Chennai Mines, S.F.No.211(Part), Alur Village, Hosur Taluk, Krishnagiri District.",Proposed Rough Stone Quarry lease over an extent of 1.00.0 Ha.,10.12.2024@ 11.00 AM,"M/s. Sri Sathya Sai MArriage Hall, SIPCOT Service road, SIPCOT Phase II, Moranapalli Village, Hosur Taluk, Krishnagiri District 635109.","The District Environmental Engineer,Tamilnadu Pollution Control Board, Plot No.149-A, Ist Floor, SIPCOT Industrial Complex, Phase-I, Hosur-635126 Krishnagiri District.",https://www.tnpcb.gov.in/PDF/Citizen_corner/ph/ExeSumEngChnMines71124.pdf,https://www.tnpcb.gov.in/PDF/Citizen_corner/ph/EIARptEngChnMines71124.pdf
"M/s.Shree Thevar Blue Metals, S.F.No.244/1A, 244/2A1 & 244/2A2, K.Pudukottai Village, Dindigul West Taluk, Dindigul District.",Proposed Rough Stone & Gravel Quarry over an extent of 2.43.0 Ha.,[Postponed],"M/s. VR.AN.Annamalai Chettiar Mandapam, Reddiarchatram, Dindigul West Taluk, Dindigul District-624622.","The District Environmental Engineer,Tamilnadu Pollution Control Board, Collector Office Campus, Dindigul-624004.",https://www.tnpcb.gov.in/PDF/Citizen_corner/ph/ExeSumEngThevarbluemetal221024.pdf,https://www.tnpcb.gov.in/PDF/Citizen_corner/ph/EIARptEngThevarbluemetal221024.pdf
"M/s.Triway Warehouses & Holdings Pvt Ltd, S.F.No.14/1A, 14/1B, 14/2 & 15/3, Netrampakkam Village, Maduranthagam Taluk, Chengalpattu District.",Proposed Rough Stone & Gravel Quarry over an extent of 4.54 Ha.,06.12.2024@ 11.00 AM,"Sri Sarawathi Mahal, Maduranthagam Road, Sarvambakkam Village, Maduranthagam Taluk, Chengalpattu District-603309","The District Environmental Engineer,Tamilnadu Pollution Control Board, Maraimalai Adigalar Street, Maraimalai Nagar, Chengalpattu District-603209.",https://www.tnpcb.gov.in/PDF/Citizen_corner/ph/ExeSumEngTriway291024291024.pdf,https://www.tnpcb.gov.in/PDF/Citizen_corner/ph/EIARptEngTriway291024.pdf
"M/s.N.T.Saisada Rough Stone & Gravel Quarry, S.F.No.151(Part) & 152/4 of Kurmbapalayam Village, Sathyamangalam Taluk, Erode District.",Proposed Rough Stone & Gravel Quarry over an extent of 10.49.36 Ha.,04.12.2024@ 11.00 AM,"Vinnapalli Community Hall, Next to Vinnapalli Panchyat Office, Vinnapali Bus Stop, Sathyamangalam Taluk, Erode District-638402.","The District Environmental Engineer,Tamilnadu Pollution Control Board, Plot No.J2(W), SIPCOT Industrial Growth Centre, Perundurai, Erdoe District-638052.",https://www.tnpcb.gov.in/PDF/Citizen_corner/ph/ExeSumEngSasisada291024.pdf,https://www.tnpcb.gov.in/PDF/Citizen_corner/ph/EIARptEngSasisada291024291024.pdf
"M/s.Sundramoorthy, S.F.Nos.88/1, 88/2A, and 88/4A over an extent of 1.63.98 Ha(Mining Area) and Block-II, S.F.No.75/6, 75/7, 75/8, 75/9, 85/1, 2 over an etent of 0.72.0 Ha, Nelvaipalayam Village, Cheyyur Taluk, Chengalpattu District.",Proposed only for stocking the mined material or dumping the waste/reject material or for parking vehicles or establishing mine office.,03.12.2024@ 11.00 AM,"Jayanthi Mahal Koovathur, SH-49, East Coast Road, Chengalpattu District-603305.","The District Environmental Engineer,Tamilnadu Pollution Control Board, Maraimalai Adigalar Street, Maraimalai Nagar, Chengalpattu District-603209.",https://www.tnpcb.gov.in/PDF/Citizen_corner/ph/ExeSumEngSundramoothy291024.pdf,https://www.tnpcb.gov.in/PDF/Citizen_corner/ph/EIARptEngSundramoorthy291024.pdf
"M/s.V.Maheswari Rough Stone & Gravel Quarry, S.F.No.863(P), Manakadavu Village, Dharapuram Taluk, Tiruppur District.",Proposed Rough Stone & Gravel Quarry over an extent of 3.00.0 Ha.,03.12.2024@ 11.00 AM,"M/s. Ramachandran Hall, New By-pass Road, Palani Road Opposite, Ram Nagar, Kolathupalayam Village, Dharapuram Taluk, Tiruppur District-638673","The District Environmental Engineer,Tamilnadu Pollution Control Board, Tiruppur South, No.12A, Pollachi By-pass Road, Palladam-641664.",https://www.tnpcb.gov.in/PDF/Citizen_corner/ph/ExeSumEngMaheswari251024.pdf,https://www.tnpcb.gov.in/PDF/Citizen_corner/ph/EIARptEngMaheswari251024.pdf
"M/s.B.Vishnu Kumar Rough Stone & Gravel Quarry, S.F.No.441/A1(Part), A2(Part), A3(Part) & A4(Part), Keeranur Village, Kangeyam Taluk, Tiruppur District.",Proposed Rough Stone & Gravel Quarry over an extent of 2.00.21 Ha.,03.12.2024@ 10.30 AM,"M/s. Sri Kumaran Mahal, Keeranur Village, Kangeyam Taluk, Tiruppur District-638701","The District Environmental Engineer,Tamilnadu Pollution Control Board,Tiruppur North, II Floor, Kumaran Commercial Comercial Complex, Kumaran Road, Tiruppur-641601",https://www.tnpcb.gov.in/PDF/Citizen_corner/ph/ExeSumEngVishnuSasi151024.pdf,https://www.tnpcb.gov.in/PDF/Citizen_corner/ph/EIARptEngVishnuSasi151024.pdf
"M/s.S.A.Ramachandran Rough Stone & Gravel Quarry, S.F.No.220/1A, 220/1C & 223/2F of Ichipatti Village, Palladam Taluk, Tiruppur District.",Proposed Rough Stone & Gravel Quarry over an extent of 3.21.5 Ha.,29.11.2024@ 11.00 AM,"M/s. Shri Sivasakthi Mahal, Somanur Road, Kombakkaduputhur, Ichipatti Village, Palladam Taluk, Tiruppur District-641668","The District Environmental Engineer,Tamilnadu Pollution Control Board, Tiruppur South, No.12A, Pollachi By-pass Road, Palladam-641664.",https://www.tnpcb.gov.in/PDF/Citizen_corner/ph/ExeSumEngRamachandran251024.pdf,https://www.tnpcb.gov.in/PDF/Citizen_corner/ph/EIARptEngRamachandran251024.pdf
"M/s.A.Ramamoorthy Rough Stone & Gravel Quarry, S.F.No.1131/1B, 1131/3 & 1131/4 ofKatchaikatti Village, Vadipatti Taluk, Madurai District.",Proposed Rough Stone & Gravel Quarry over an extent of 1.36.5 Ha.,28.11.2024@ 11.00 AM,"Vadipatti Taluk Office, Vadipatti, Madurai District-625218.","The District Environmental Engineer,Tamilnadu Pollution Control Board, Kappalur, Madurai-625 008.",https://www.tnpcb.gov.in/PDF/Citizen_corner/ph/ExeSumEngRamamoorthi181024.pdf,https://www.tnpcb.gov.in/PDF/Citizen_corner/ph/EIARptEngRamamoorthi181024.pdf
"M/s.R.Karthick Rough Stone & Gravel Quarry, S.F.No.984/2A1(Part), Mudalipalayam Village, Kangeyam Taluk, Tiruppur District.",Proposed Rough Stone & Gravel Quarry over an extent of 1.61.95 Ha.,28.11.2024@ 11.45 AM,"Palani Arulmigu Thandayuthapani Swamy Thirukoil Pathayathirai Bakthargal Thangum Mandapam, Kangeyam-Dharapuram Road, Uthiyur, Kangeyam Taluk, Tiruppur District-638703.","The District Environmental Engineer,Tamilnadu Pollution Control Board,Tiruppur North, II Floor, Kumaran Commercial Comercial Complex, Kumaran Road, Tiruppur-641601",https://www.tnpcb.gov.in/PDF/Citizen_corner/ph/ExeSumEngKarthikSusila151024.pdf,https://www.tnpcb.gov.in/PDF/Citizen_corner/ph/EIARptEngKarthikSusila151024.pdf
"M/s.A.Selvaraj Rough Stone & Gravel Quarry in Cluster located at S.F.No.860/1, 860/2A(Part), 861/1 & 861/2, Mudalipalayam Village, Kangeyam Taluk, Tiruppur District.",Proposed Rough Stone & Gravel Quarry over an extent of 3.66.00 Ha.,28.11.2024@ 10.00 AM,"Palani Arulmigu Thandayuthapani Swamy Thirukoil Pathayathirai Bakthargal Thangum Mandapam, Kangeyam-Dharapuram Road, Uthiyur, Kangeyam Taluk, Tiruppur District 638703.","The District Environmental Engineer,Tamilnadu Pollution Control Board,Tiruppur North, II Floor, Kumaran Commercial Comercial Complex, Kumaran Road, Tiruppur-641601",https://www.tnpcb.gov.in/PDF/Citizen_corner/ph/ExeSumEngSelvarj151024.pdf,https://www.tnpcb.gov.in/PDF/Citizen_corner/ph/EIARptEngSelvarj151024.pdf
"M/s.K.Paramasivam Black Granite (Dolerite Quarry), Survey Number:407/3(Part), Siruvalai Village, Vikravandi Taluk, Villupuram District.",Proposed Project of Black Granite(Dolerite) Quarry over an extent of 1.0.00.,27.11.2024@ 11.00 AM,"M/s.Siva Mahal, S.F.No.60(P), 61(P), Near Bus Stand, Soorapattu Village, Vikravandi Taluk, Villupuram - 605402.","The District Environmental Engineer,Tamilnadu Pollution Control Board,District Collectorate Master Plan Complex, Backside to Taluk Office, Villupuram-605602.",https://www.tnpcb.gov.in/PDF/Citizen_corner/ph/ExeSumEngParamasivam241024.pdf,https://www.tnpcb.gov.in/PDF/Citizen_corner/ph/EIARptEngParamasivam241024.pdf
"M/s.Dhana Blue Metals at S.F. No. 361/1A, 361/2A2, 361/2B1, 366/1, 366/2, 366/3, 366/4, 366/5, 367/1, 367/2, 367/3A, 367/3B, 367/3C and 367/4 of Nambarai Village, Arcot Taluk, Ranipet District","Proposed Rough Stone Quarry of 3,71,250 Cubic Meter of Rough Stone and 50,304 Cubic Meter of gravel production capacity for five years over an extent",22.11.2024@ 11.00 AM,"M/s.Sri Sakthi Thirumana Mandapam, Kavanoor Salai, Timiri, Ranipet District - 632512.","The District Environmental Engineer,Tamilnadu Pollution Control Board, Plot No.H1G: A-417, Tamil Nadu Housing Board, Seekarajapuram, Walaja Taluk, Ranipet District-632 515.",https://www.tnpcb.gov.in/PDF/Citizen_corner/ph/ExeSumEngDhana151024.pdf,https://www.tnpcb.gov.in/PDF/Citizen_corner/ph/EIARptEngDhana151024.pdf
"M/s.The Ramco Cements Ltd, S.F.No.51/2, 51/3, 51/4, 51/5A, 51/5B, 51/C & etc., in Periyanagalur Village, Ariyalur Taluk , Ariyalur District.",Proposed Amalgamation of Periyanagalur Limestone Mines over an extent of 53.32.0 Ha.,22.11.2024@ 11.00 AM,"M/s.Pari Mahal, Trichy-Chidambaram National Highway, Opposite to Thelur EB Office, Thelur Village & Post, Ariyalur Taluk , Ariyalur District.","The District Environmental Engineer,Tamilnadu Pollution Control Board, No.4/326, Trichy Main Road, Near by RTO Office, Keelapalur Post, Ariyalur Taluk & District-621707.",https://www.tnpcb.gov.in/PDF/Citizen_corner/ph/ExeSumEngRamcoPeriyanagalur101024.pdf,https://www.tnpcb.gov.in/PDF/Citizen_corner/ph/EIARptEngRamcoPeriyanagalur101024.pdf
"M/s.M.S.M.Mining, S.F.No.217/2, 217/3, 217/5, 217/7, 224/1A1, 252/4A1, 252/4B1, 252/5A2A, 252/5A2B, 252/5A2C, 252/5A3A, 252/5A4A, 252/5A4B, 252/5A4C, 252/5B, 252/11A, 252/11B, 252/11C, 252/11D, 252/11E, 252/11F, 252/11G, 252/11H, & 252/12A, Pazhaveri Village, Uthiramerur Taluk, Kancheepuram District",Proposed Rough Stone & Gravel Quarry over an extent of 2.78.50 Hectares.,21.11.2024@ 01.00 PM,"R.R.K.Mahal, No.167, Thirumukkudal, Thirumukkudal-Penayur Road, Uthiramerur Taluk, Kancheepuram District.","The District Environmental Engineer,Tamilnadu Pollution Control Board,Plot.No.CP-5B, SIPCOT, Oragadam, Sriperumbudur Taluk, Kancheepuram District-602105.",https://www.tnpcb.gov.in/PDF/Citizen_corner/ph/ExeSumEngMSM101024.pdf,https://www.tnpcb.gov.in/PDF/Citizen_corner/ph/EIARptEngMSM101024.pdf
"M/s.Murugappa Blue Metals, S.F.No.15/1(P), 15/2(P), 15/3(P), 15/4(P), 15/5(P), 15/6(P), 15/7, 15/8, 15/9, 15/10, 15/11, 15/12, 15/13A, 15/13B, 15/14, 15/15A, 15/15B, 15/16, 16/1, 16/2, 16/3(P), 16/4(P), Sirumailor Village, Uthiramerur Taluk, Kancheepuram District.",Proposed Rough Stone & Gravel Quarry over an extent of 1.39.81 Ha.,21.11.2024@ 11.45 AM,"R.R.K.Mahal, No.167, Thirumukkudal, Thirumukkudal-Penayur Road, Uthiramerur Taluk, Kancheepuram District.","The District Environmental Engineer,Tamilnadu Pollution Control Board,Plot.No.CP-5B, SIPCOT, Oragadam, Sriperumbudur Taluk, Kancheepuram District-602105.",https://www.tnpcb.gov.in/PDF/Citizen_corner/ph/ExeSumEngMurugappa101024.pdf,https://www.tnpcb.gov.in/PDF/Citizen_corner/ph/EIARptEngMurugappa101024.pdf
"M/s.N.Murugan Rough Stone & Gravel Quarry, S.F.No.415/2A & 415/2B, Pinayur Village, Uthiramerur Taluk, Kancheepuram District.",Proposed Rough Stone & Gravel Quarry over an extent of 0.96.50 Hectares.,21.11.2024@ 10.30 AM,"R.R.K.Mahal, No.167, Thirumukkudal, Thirumukkudal-Penayur Road, Uthiramerur Taluk, Kancheepuram District.","The District Environmental Engineer,Tamilnadu Pollution Control Board,Plot.No.CP-5B, SIPCOT, Oragadam, Sriperumbudur Taluk, Kancheepuram District-602105.",https://www.tnpcb.gov.in/PDF/Citizen_corner/ph/ExeSumEngMurugan101024.pdf,https://www.tnpcb.gov.in/PDF/Citizen_corner/ph/EIARptEngMurugan101024.pdf
"M/s.The Ramco Cements Ltd, S.F.No.204/10, 204/11, 204/12, 204/13, 204/14, 204/15, & etc., in Ottakovil Village, Ariyalur Taluk , Ariyalur District.",Proposed Limekankar Quarry over an extent of 57.36.0 Ha.,19.11.2024@ 11.00 AM,"S.F.No.220/1C of Project site(Ariyalur-Sendurai main road), neary by FCI Godown, Ottakovil Village, Ariyalur Taluk , Ariyalur District-621705.","The District Environmental Engineer,Tamilnadu Pollution Control Board, No.4/326, Trichy Main Road, Near by RTO Office, Keelapalur Post, Ariyalur Taluk & District-621707.",https://www.tnpcb.gov.in/PDF/Citizen_corner/ph/ExeSumEngRamcoOttakovil101024.pdf,https://www.tnpcb.gov.in/PDF/Citizen_corner/ph/EIARptEngRamcoOttakovil101024.pdf
"M/s.Ultra Mines Private Ltd, S.F.No.133/1(Part), 133/2, 133/4, 134/1 & 134/2, Venkatesapuram Village, Shoolagiri Taluk, Krishnagiri District.",Proposed Rough Stone & Gravel Quarry lease over an extent of 4.40.0 Ha.,13.11.2024@ 11.00 AM,"M/s.P.V.R-L.M.R Kalyana Mantapam, No.344/1, 344/2, Theertham Road, Berikkai Village, Shoolagiri Taluk, Krishnagiri District-635105.","The District Environmental Engineer,Tamilnadu Pollution Control Board, Plot No.149-A, Ist Floor, SIPCOT Industrial Complex, Phase-I, Hosur-635126 Krishnagiri District.",https://www.tnpcb.gov.in/PDF/Citizen_corner/ph/ExeSumEngUltramines101024.pdf,https://www.tnpcb.gov.in/PDF/Citizen_corner/ph/EIARptEngUltramines101024.pdf
"M/s.Sakthipriyan Cements, Survey Numbers:30/2, 30/3, 30/4, Dheevanur Village, Tindivanam Taluk, Villupuram District.",Proposed standalone cement grinding unit of 500 TPD.,13.11.2024@ 11.00 AM,"M/s.Sree Renugadevi Marriage Mahal, SF.No.66/2H2, Gingee Main Road, Deevanur Village, Tindivanam Taluk, Villupuram District-604206.","The District Environmental Engineer,Tamilnadu Pollution Control Board, District Collectorate Master Plan Complex, Backside to Taluk Office, Villupuram-605602.",https://www.tnpcb.gov.in/PDF/Citizen_corner/ph/ExeSumEngSakthi81024.pdf,https://www.tnpcb.gov.in/PDF/Citizen_corner/ph/EIARptEngSakthi81024.pdf
"M/s.N.Karthik Namakkal Kittu, S.F.No.1(P) (Bit-1A), Kondamanaickenpatti Village of Sendamangalam Taluk, Namakkal District.",Proposed Rough Stone Quarry over an extent of 2.36.0 Ha.,13.11.2024@ 10.30 AM,"M/s.Aiswarya Mahal, No.4/167-3A, Naina Malai Road, Opposite to Taluk Office Sendamangalam Taluk, Namakkal District-637409.","The District Environmental Engineer,Tamilnadu Pollution Control Board, Collectorate Campus, Near RTO Office, Namakkal-637003.",https://www.tnpcb.gov.in/PDF/Citizen_corner/ph/ExeSumEngKKSK81024.pdf,https://www.tnpcb.gov.in/PDF/Citizen_corner/ph/EIARptEngKKSK81024.pdf
"M/s.Tamil Nadu Minerals Limited, Sathanur Black Granite Quarry, S.F.No.315, 316 & 317/1, Sathanur Village, Thandrampattu Taluk, Thiruvannamalai District.",Mining of Black Granite Quarry.,13.11.2024@ 11.00 AM,"M/s.Sri Venkateshwara Thirumana Mahal, Sathanur Dam Road, Sathanur Village, Thandrampattu Taluk, Thiruvannamalai District-606706.","The District Environmental Engineer,Tamilnadu Pollution Control Board, District Collectorate Master Plan Complex, Vengikkal, Thiruvannamalai-606604",https://www.tnpcb.gov.in/PDF/Citizen_corner/ph/ExeSumEngTamin_Sathanur11024.pdf,https://www.tnpcb.gov.in/PDF/Citizen_corner/ph/EIARptEngTamin_Sathanur11024.pdf
"M/s.Suganya Blue Metals Rough Stone & Gravel Quarry, S.F.No.108/2D, 109/1, 109/2C, 109/3A, 109/3B, 109/4, 109/6, 109/10A, 109/10B, 109/12, 110/1A, 110/1B, 110/1C, 110/1D, 110/1E, 110/1F, 110/1G, 110/1H, 110/1I, 110/1J, 110/1K, 110/1L & 110/1M of Ulagani Village, Kallikudi Taluk, Madurai District.",Proposed Rough Stone and Gravel Quarry over an extent of 3.48.0 Ha.,06.11.2024@ 11.00 AM,"M/s.Vaigai Mahal, No.15/1/1, Virudhunagar Road, Melakottai Vilakku, Thirumangalam, Madurai District.","The District Environmental Engineer,Tamilnadu Pollution Control Board, Kappalur, Madurai-625008.",https://www.tnpcb.gov.in/PDF/Citizen_corner/ph/ExeSumEngSuganya11024.pdf,https://www.tnpcb.gov.in/PDF/Citizen_corner/ph/EIARptEngSuganya11024.pdf
"M/s.Construction of barrage with head sluices across the River Coleroon (12 km downstream of Lower Anicut) at RD 74/3 Mile in Adhanur Village of Kattumannarkoil Taluk, Cuddalore District with Cultural Command Area - 6601 Ha (53 Nos. Villages) and Kumaramangalam Village of Mayiladuthurai Taluk & Dist",Construction of barrage with head sluices across the River Coleroon (12 km downstream of Lower Anicut) at RD 74/3 Mile in Adhanur Village of Kattumann,29.10.2024@ 11.00 AM,"Saravana Mahal, Thiruchitrambalam, Mayiladuthurai.","The District Environmental Engineer,Tamilnadu Pollution Control Board, District Collectorate Master Plan Complex, Nagapattinam-611003.",https://www.tnpcb.gov.in/PDF/Citizen_corner/ph/ExeSumEngConstructBarrageNpm25924.pdf,https://www.tnpcb.gov.in/PDF/Citizen_corner/ph/EIARptEngConstructBarrageNpm25924.pdf
"M/s.Construction of barrage with head sluices across the River Coleroon(12 KM downstream of Lower Anicut) at RD 74/3 Mile in Adhanur Village of Kattumannarkoil Taluk, Cuddalore District with Cultural Command Area-6601 Ha(53 Numbers Villages) and Kumaramangalam Village of Mayiladuthurai Taluk & Distr",Construction of barrage with head sluices across the River Coleroon(12 KM downstream of Lower Anicut) at RD 74/3 Mile in Adhanur Village of Kattumanna,23.10.2024@ 11.00 AM,"N.A.P.Mahal, Nadu Palli Street, Ayangudi Village, Kattumannarkoil Taluk, Cuddalore District-608306","The District Environmental Engineer,Tamilnadu Pollution Control Board, No.A3, SIPCOT Industrial Complex, Kudikadu, Cuddalore-607005.",https://www.tnpcb.gov.in/PDF/Citizen_corner/ph/ExeSumEngConBarrage13924.pdf,https://www.tnpcb.gov.in/PDF/Citizen_corner/ph/EIARptEngConBarrage13924.pdf
"M/s.M.Nallaiyah Rough Stone and Gravel Quarry, S.F.No.210/7C1 & 210/8A1B og Melur Village, Kulathur Taluk, Pudukkottai District.",Proposed Rough Stone and Gravel Quarry extent of 1.53.5 Ha.,22.10.2024@ 11.00 AM,"Samuthayakoodam, Melur Village, Sathiyamangalam Post, Kulathur Taluk, Pudukkottai District-622501.","The District Environmental Engineer,Tamilnadu Pollution Control Board, No.01, SIPCOT Industrial Complex, SIPCOT Post, Pudukkottai-622002.",https://www.tnpcb.gov.in/PDF/Citizen_corner/ph/ExeSumEngNallaiyah13924.pdf,https://www.tnpcb.gov.in/PDF/Citizen_corner/ph/EIARptEngNallaiyah13924.pdf
"M/s.Meenakshi Granites, S.F.Nos.348/1(P), 348/2(P), 348/5, 348/6, 349/1, 349/3, 349/4, 350/1, 350/2, 350/3, 350/5(P) & 350/6 of Karapadi Village, Sathyamangalam Taluk(now Nambiyur Taluk), Erode District.",Proposed Multi Colour Granite Quarry of over an Extent of 8.96.6 Ha.,17.10.2024@ 10.00 AM,"M/s. V.N.C Thirumana Mahal, Sellappampalayam Village, Kavilipalayam(Via), Nambiyur Taluk, Erode District-638459.","The District Environmental Engineer,Tamilnadu Pollution Control Board, Plot No.J2(W), SIPCOT Industrial Growth Centre, Perundurai, Erode District-638052.",https://www.tnpcb.gov.in/PDF/Citizen_corner/ph/ExeSumEngMeenakshi12924.pdf,https://www.tnpcb.gov.in/PDF/Citizen_corner/ph/EIARptEngMeenakshi12924.pdf
"M/s.M.Kowshik Dhev, S.F.No.362/1(Part)(Bit-1), Guttur Village, Bargur Taluk, Krishnagiri District.",Proposed Black Granite Quarry lease over an Extent of 1.02.0 Ha(Government Poramboke land).,16.10.2024@ 11.00 PM,"M/s. Arasu Thirumana Mandapam Madarahalli to Mathur Road, N Mottor Village, Kannandahalli Panchayat, Bargur Taluk, Krishnagiri District-635207.","The District Environmental Engineer,Tamilnadu Pollution Control Board, Plot No.149-A, Ist Floor, SIPCOT Industrial Complex, Phase-I, Hosur-635126 Krishnagiri District.",https://www.tnpcb.gov.in/PDF/Citizen_corner/ph/ExeSumEngGuttur13924.pdf,https://www.tnpcb.gov.in/PDF/Citizen_corner/ph/EIARptEngGuttur13924.pdf
"M/s.D.Gnanaguru Rough Stone & Gravel Quarry, S.F.No.99/1, 99/3A, 100/1, 100/2 & 100/5A, Thollamur Village, Vanur Taluk, Villupuram District.",Over an Extent of 2.22.5 Hectares.,16.10.2024@ 12.00 PM,"M/s. Dhanalakshmi Mahal, SH-136, Kalasanur Village, Vanur Taluk, Villupuram District-604304.","The District Environmental Engineer,Tamilnadu Pollution Control Board, District Collectorate Master Plan Complex, Backside to Taluk Office, Villupuram-605602.",https://www.tnpcb.gov.in/PDF/Citizen_corner/ph/ExeSumEngGnanaguru30824.pdf,https://www.tnpcb.gov.in/PDF/Citizen_corner/ph/EIARptEngGnanaguru30824.pdf
"M/s.K.Rajamani Rough Stone & Gravel Quarry, Survey Numbers:171/1A & 171/1B, Karasanur Village, Vanur Taluk, Villupuram District.",Over an Extent of 2.02.5 Hectares.,16.10.2024@ 10.00 AM,"M/s. Dhanalakshmi Mahal, SH-136, Kalasanur Village, Vanur Taluk, Villupuram District-604304.","The District Environmental Engineer,Tamilnadu Pollution Control Board, District Collectorate Master Plan Complex, Backside to Taluk Office, Villupuram-605602.",https://www.tnpcb.gov.in/PDF/Citizen_corner/ph/ExeSumEngRajamani30824.pdf,https://www.tnpcb.gov.in/PDF/Citizen_corner/ph/EIARptEngRajamani30824.pdf
"M/s.Shri Ponguru Blue Metal Mines, S.F.No 80/3 & 80/4, Gopichettipalayam Village, Pappireddipatti Taluk, Dharmapuri District.",Rough Stone & Gravel Quarry over an extent of 2.53.5 Ha.,15.10.2024@ 11.00 AM,"KT Varadharaj Gounder Thirumana Mandapam, Near Govt Hospital Road, Ramiyanahalli, Pappireddipatti Taluk, Dharmapuri District - 635302.","The District Environmental Engineer,Tamilnadu Pollution Control Board,Adhiyamankottai-Hosur bye pass Road, A.Reddihalli Village, Dharmapuri Taluk & District-636809",https://www.tnpcb.gov.in/PDF/Citizen_corner/ph/ExeSumEngPonguru6924.pdf,https://www.tnpcb.gov.in/PDF/Citizen_corner/ph/EIARptEngPonguru6924.pdf
"M/s.S.Chinnanna Rough Stone Quarry, S.F.No.136(Part-1), Venkatesapuram Village, Shoolagiri Taluk, Krishnagiri District.",Proposed Rough Stone Quarry lease over an extent of 2.80.0 Ha.,10.10.2024@ 11.00 AM,"M/s. P.V.R-L.M.R Kalyan Mandapam, No.344/1, 344/2, Theertham Road, Berikai Village, Shoolagiri Taluk, Krishnagiri District-635105.","The District Environmental Engineer,Tamilnadu Pollution Control Board,Plot No.149-A, Ist Floor, SIPCOT Industrial Complex, Phase-I, Hosur-635126 Krishnagiri District.",https://www.tnpcb.gov.in/PDF/Citizen_corner/ph/ExeSumEngChinnanna5924.pdf,https://www.tnpcb.gov.in/PDF/Citizen_corner/ph/EIARptEngChinnanna5924.pdf
"M/s.A.Veeraragavan Rough Stone & Gravel Quarry in the Survey Numbers:75/1, 75/4, 75/5, 75/6 & 76/3B2, Eraiyur Village, Vanur Taluk, Villupuram District.",Over an extent of 2.42.63 Hectares.,09.10.2024@ 11.00 AM,"M/s. Dhanalakshmi Mahal, SH-136, Kalasanur Village, Vanur Taluk, Villupuram District-604304.","The District Environmental Engineer,Tamilnadu Pollution Control Board, District Collectorate Master Plan Complex, Backside to Taluk Office, Villupuram-605602.",https://www.tnpcb.gov.in/PDF/Citizen_corner/ph/ExeSumEngVeeraragavan30824.pdf,https://www.tnpcb.gov.in/PDF/Citizen_corner/ph/EIARptEngVeeraragavan30824.pdf
"M/s.Sri Venkateshwara Blue Metals, S.F.No.202/1(Part-A), Kondappannayanapalli Village, Krishnagiri Taluk, Krishnagiri District.",Proposed Rough Stone Quarry lease over an extent of 3.00.0 Ha.,08.10.2024@ 11.00 AM,"M/s. Sri Srinivasa Kalyana Mandapam, Sri Ramar Kovil (St), Boodimutlu(Vill), Veppanpalli(Po), Krishnagiri Taluk, Krishnagiri District-635121","The District Environmental Engineer,Tamilnadu Pollution Control Board,Plot No.149-A, Ist Floor, SIPCOT Industrial Complex, Phase-I, Hosur-635126 Krishnagiri District.",https://www.tnpcb.gov.in/PDF/Citizen_corner/ph/ExeSumEngVenkateswara5924.pdf,https://www.tnpcb.gov.in/PDF/Citizen_corner/ph/EIARptEngVenkateswara5924.pdf
"M/s.Sivasakthi Rock Exports , S.F.No.480/1(part) of Nadanthai Village, Paramathi Velur Taluk, Namakkal District.",Existing Multi Colour Granite Quarry over an extent of 1.62.0 Ha.,04.10.2024@ 11.30 AM,"M/s. Maniyanur Kongu Velalar Thirumana Mandapam, Maniyanur Village, Paramathi Velur Taluk, Namakkal District-637201","The District Environmental Engineer,Tamilnadu Pollution Control Board, 298/A, Salem Main Road, Thiruvallurvar Nagar, Kumarapalayam, Namakkal District.",https://www.tnpcb.gov.in/PDF/Citizen_corner/ph/ExeSumEngSivasakthi3924.pdf,https://www.tnpcb.gov.in/PDF/Citizen_corner/ph/EIARptEngSivasakthi3924.pdf
"M/s.V.Punitha Multi Colour Granite Quarry, S.F.No.482 of Nadanthai Village, Paramathi Velur Taluk, Namakkal District.",Existing Multi Colour Granite Quarry over an extent of 2.86.5 Ha.,04.10.2024@ 11.00 AM,"M/s. Maniyanur Kongu Velalar Thirumana Mandapam, Maniyanur Village, Paramathi Velur Taluk, Namakkal District-637201","The District Environmental Engineer,Tamilnadu Pollution Control Board, 298/A, Salem Main Road, Thiruvallurvar Nagar, Kumarapalayam, Namakkal District.",https://www.tnpcb.gov.in/PDF/Citizen_corner/ph/EIARptEngPunitha3924.pdf,https://www.tnpcb.gov.in/PDF/Citizen_corner/ph/EIARptEngPunitha3924.pdf
"M/s.S.K.P.Murugan Multi Colour Granite Quarry, S.F.No.348(part) & 349/2(part) of Sithampoondi Village, Paramathi Velur Taluk, Namakkal District.",Existing Multi Colour Granite Quarry over an extent of 1.50.5 Ha.,04.10.2024@ 10.30 AM,"M/s. Maniyanur Kongu Velalar Thirumana Mandapam, Maniyanur Village, Paramathi Velur Taluk, Namakkal District-637201","The District Environmental Engineer,Tamilnadu Pollution Control Board, 298/A, Salem Main Road, Thiruvallurvar Nagar, Kumarapalayam, Namakkal District.",https://www.tnpcb.gov.in/PDF/Citizen_corner/ph/ExeSumEngSithampoondi3924.pdf,https://www.tnpcb.gov.in/PDF/Citizen_corner/ph/EIARptEngSithampoondi3924.pdf
"M/s.Tamil Nadu Minerals Ltd, S.F.No.170/1, Siruvalai Village, Vikravandi Taluk, Villupuram District.",Proposed project of Block Granite Quarry over an extent of 20.28.0 Hectares.,03.10.2024@ 11.00 AM,"M/s. Siva Mahal, S.F.No.60(P), 61(P), Near Bus Stand, Soorapattu Village, Vikravandi Taluk, Villupuram - 605402.","The District Environmental Engineer,Tamilnadu Pollution Control Board, District Collectorate Master Plan Complex, Backside to Taluk Office, Villupuram-605602.",https://www.tnpcb.gov.in/PDF/Citizen_corner/ph/ExeSumEngTaminSiruvalai30824.pdf,https://www.tnpcb.gov.in/PDF/Citizen_corner/ph/EIARptEngTaminSiruvalai30824.pdf
"M/s.IREL(India) Limited, Kiliyoor Taluk, Kanniyakumari District. (i)Resurvey Nos.16-19, 45-54, 55p, 57p, 58-61, 69-81, 82p, 83p, 84-88, 89p, 90p, 91p, 92-95, 96p, 97-110, 123-124, 126-129, 136-140, 141p in Keezhimidalam-A Village (204.0652 Ha) . (ii)Resurvey Nos.80, 82-101, 105-112, 113p, 114, 115p,","Proposed Mining of Atomic Minerals(Monazite, Zircon, Ilmenite, Rutile, Sillimanite and Garnet) over an Extent of 1144.0618 Ha @1.50 MTPA ROM.",Postponed,"O/o.Revenue Divisional Officer, Padmanabhapuram Sun-Division @Thuckalay, Kanniyakumari District.","The District Environmental Engineer,Tamilnadu Pollution Control Board, 318/46A, Water Tank Road, Nagercoil-629001.",https://www.tnpcb.gov.in/PDF/Citizen_corner/ph/ExeSumEngIREL30824.pdf,https://www.tnpcb.gov.in/PDF/Citizen_corner/ph/EIARptEngIREL30824.pdf
"M/s.The India Cements Ltd, S.F.No.15/1, 16/2, 18, 19/3, 19/4, 19/5B, 20/2B, 21, 22/1, 23/2, 23/3A, 24/2, 24/3, 24/4, 25/2, 25/3, 25/4, 32, 33/1A, 34/1, 34/5, 37/1,37/3, 37/4, 50/8, 50/9, 50/10, 51/2B, 51/3, 52/6B, 52/7B, 54/3B, 55/4, 62/4, 62/5, 64/4A, 67/1A, 68/1, 1654/1, 154/2 in Chinnagoundanur V",Proposed Mothaiyanur Limestone Mine-(G.O.No.211)over an extent of 50.84 Ha.,01.10.2024@ 10.30 AM,"M/s. RKS Mahal, Kuppanur, Sankagiri to Edappadi main road, Salem District-637303","The District Environmental Engineer,Tamilnadu Pollution Control Board, Siva Towers, Meyyanur Main Road, Salem District-636004.",https://www.tnpcb.gov.in/PDF/Citizen_corner/ph/ExeSumEngIndiaCements23824.pdf,https://www.tnpcb.gov.in/PDF/Citizen_corner/ph/EIARptEngIndiaCements23824.pdf
"M/s.R.Kumar Rough Stone & Gravel Quarry, S.F.No.136/3, 142/1, 2A, 2B, 3, 4, 5A, 143/1, 2, 3, 144/1A, 1B, 1C, 3A, 3B, 3C, 4, 5A, 5B, 5C, 6, 7, 145/1, 2, 3, 146/9, 10A, 11, 147/2, 3, 4, 5, 6, 7, 8B, 9B, 10, 11A, 12A, 13, 148/2A(P) & 2B2, Udaiyalipatti Village, Kulathur Taluk, Pudukkottai District.",Proposed Rough Stone & Gravel Quarry Cluster over an extent of 6.73.0 Ha.,01.10.2024@ 11.00 AM,"M.R.Thirumana Mahal, Kunnandarkoil Village, Kulathur Taluk, Pudukkottai District-622502.","The District Environmental Engineer,Tamilnadu Pollution Control Board, No.01, SIPCOT Industrial Complex, SIPCOT Post, Pudukkottai-622002.",https://www.tnpcb.gov.in/PDF/Citizen_corner/ph/ExeSumEngKUV23824.pdf,https://www.tnpcb.gov.in/PDF/Citizen_corner/ph/EIARptEngKUV23824.pdf
"M/s.Tamil Nadu Minerals Ltd Grey Granite Quarry, S.F.No.283(Part), Sulamalai Village, Bargur Taluk, Krishnagiri District.",Proposed Grey Granite Quarry lease over an extent of 34.35.5 Ha.,26.09.2024@ 11.00 AM,"M/s.Sri Maheshwari Mahal, D.No.1/190, NH-77, Thiruvanamallai Main Road, Anchoor Village, Bargur Taluk, Krishnagiri District.","The District Environmental Engineer,Tamilnadu Pollution Control Board, Plot No.149-A, Ist Floor, SIPCOT Industrial Complex, Phase-I, Hosur-635126 Krishnagiri District.",https://www.tnpcb.gov.in/PDF/Citizen_corner/ph/ExeSumEngTaminSulamalai22824.pdf,https://www.tnpcb.gov.in/PDF/Citizen_corner/ph/EIARptEngTaminSulamalai22824.pdf
"M/s.R.Arumugam Rough Stone Quarry, S.F.No.102/1A, 102/1B, 102/1C, 102/1D, 102/1E, 102/1F, 102/1G, 102/1H & 102/1I, Lekkanayakkanpatti Village, Marungapuri Taluk, Tiruchirappalli District.",Proposed Rough Granite Quarry over an extent of 2.62.0 Hectares.,26.09.2024@ 11.00 AM,"M/s.Arulmigu Boothanayagi Amman Thirukovil Thirumana Mandapam, Thuvarankurichi, Marungapuri Taluk, Tiruchirappalli District-621314","The District Environmental Engineer,Tamilnadu Pollution Control Board, No.25, SIDCO Industrial Estate, Thuvakudy, Tiruchirappalli-620 015",https://www.tnpcb.gov.in/PDF/Citizen_corner/ph/ExeSumEngArumugam14824.pdf,https://www.tnpcb.gov.in/PDF/Citizen_corner/ph/EIARptEngArumugam14824.pdf
"M/s.Vasantharaj Ordinary Earth Quarry, Suvey Numbers:71/2 & 88/1, Kondalankuppam Village, Vanur Taluk, Villupuram District.",Over an extent of 1.93.5 Hectares.,25.09.2024@ 11.00 AM,"M/s.Dhanalakshmi Mahal, SH-136, Karasanur Village, Vanur Taluk, Villupuram District.604304","The District Environmental Engineer,Tamilnadu Pollution Control Board, District Collectorate Master Plan Complex, Backside to Taluk Office, Villupuram-605602.",https://www.tnpcb.gov.in/PDF/Citizen_corner/ph/ExeSumEngVasatharaj21824.pdf,https://www.tnpcb.gov.in/PDF/Citizen_corner/ph/EIARptEngVasatharaj21824.pdf
"M/s.S.Venkatesan Grey Granite Quarry, S.F.No.9(Part), Jagadevipalayam Village, Bargur Taluk, Krishnagiri District.",Proposed Grey Granite Quarry lease over an extent of 3.22.0 Ha.,25.09.2024@ 11.00 AM,"M/s.Sri Maheshwari Mahal, D.No.1/190, NH-77, Thiruvanamallai Main Road, Anchoor Village, Bargur Taluk, Krishnagiri District.","The District Environmental Engineer,Tamilnadu Pollution Control Board, Plot No.149-A, Ist Floor, SIPCOT Industrial Complex, Phase-I, Hosur-635126 Krishnagiri District.",https://www.tnpcb.gov.in/PDF/Citizen_corner/ph/ExeSumEngVenkatesan21824.pdf,https://www.tnpcb.gov.in/PDF/Citizen_corner/ph/EIARptEngVenkatesan21824.pdf
"M/s.D.Karunanidhi Black Granite Quarry, S.F.No.720/3B, 725/1(Part), 725/2A, 726/B1(Part) & 726/B2A, Irudukottai Village, Denkanikottai Taluk, Krishnagiri District.",Proposed Black Granite Quarry lease over an extent of 1.36.45 Ha.,24.09.2024@ 11.00 AM,"M/s.Sri Chowdeshwari Convention Hall, Sri Chowdeshwari Complex, Anchetty main road, Denkanikottai Village & Taluk, Krishnagiri District-635107.","The District Environmental Engineer,Tamilnadu Pollution Control Board, Plot No.149-A, Ist Floor, SIPCOT Industrial Complex, Phase-I, Hosur-635126 Krishnagiri District.",https://www.tnpcb.gov.in/PDF/Citizen_corner/ph/ExeSumEngKarunanidhi21824.pdf,https://www.tnpcb.gov.in/PDF/Citizen_corner/ph/EIARptEngKarunanidhi21824.pdf
"M/s.Kousic & Co.Blue Metals Rough Stone Quarry, S.F.No.770/2B(P), 778/3B1(P) & 778/3B2(P), Anjur Village, Pugalur Taluk, Karur District.",Over an extent of 3.23.00 Hectares,20.09.2024@ 11.00 AM,"S.K.Subramani Valagam(Temporary Shed)SF.No.569 A, Kangeyam-Kodumudi Road, Rengasamy Kovil, Kolanthapalayam, Anjur Village, Pugalur Taluk, Karur District.","The District Environmental Engineer,Tamilnadu Pollution Control Board, S.F.No.654 part, 655 Part, L.N.S.Village, L.G.B.Nagar, Arivuthirukkovil Road, Karur-639002.",https://www.tnpcb.gov.in/PDF/Citizen_corner/ph/ExeSumEngKousic7824.pdf,https://www.tnpcb.gov.in/PDF/Citizen_corner/ph/EIARptEngKousic7824.pdf
"M/s.P.Pazhanisami Rough Stone Quarry, S.F.No.773/2, 776/3, 777/1, 778/1A(P) & 807/2C2, Anjur Village, Pugalur Taluk, Karur District.",Over an extent of 4.47.85 Hectares,20.09.2024@ 12.00 PM,"S.K.Subramani Valagam(Temporary Shed)SF.No.569 A, Kangeyam-Kodumudi Road, Rengasamy Kovil, Kolanthapalayam, Anjur Village, Pugalur Taluk, Karur District.","The District Environmental Engineer,Tamilnadu Pollution Control Board, S.F.No.654 part, 655 Part, L.N.S.Village, L.G.B.Nagar, Arivuthirukkovil Road, Karur-639002.",https://www.tnpcb.gov.in/PDF/Citizen_corner/ph/ExeSumEngPalanisamy7824.pdf,https://www.tnpcb.gov.in/PDF/Citizen_corner/ph/EIARptEngPalanisamy7824.pdf
"M/s.R.Rabeendran Rough Stone Quarry, S.F.No.378/2B2, 378/2C, 380/4A, 380/4B2(Part) & 381/2A(Part), Sergudi Village, Musiri Taluk, Tiruchirappalli District.",Proposed Rough Granite Quarry over an extent of 3.19.0 Hectares.,19.09.2024@ 11.00 AM,"M/s.Sivapakiyalakshmi Mahal, Thathiengarpettai Main Road (Near to High School) Thumbalam, Musiri, Tiruchirappalli-621211","The District Environmental Engineer,Tamilnadu Pollution Control Board, No.25, SIDCO Industrial Estate, Thuvakudy, Tiruchirappalli-620 015",https://www.tnpcb.gov.in/PDF/Citizen_corner/ph/ExeSumEngRabeendran14824.pdf,https://www.tnpcb.gov.in/PDF/Citizen_corner/ph/EIARptEngRabeendran14824.pdf
"M/s.A.A.Enterprises, S.F.No.609A(Part)(Bit-5), Nagojanahalli Village, Pochampalli Taluk, Krishnagiri District.",Proposed Colour Granite Quarry lease over an extent of 1.54.0 Ha.(Government Poromboke Land).,19.09.2024@ 11.00 AM,"M/s.Samudaya koodam, N.Thattakkal Village, Nagarasampatti Panchyat, Pochampalli Taluk, Krishnagiri District-635204.","The District Environmental Engineer,Tamilnadu Pollution Control Board, Plot No.149-A, Ist Floor, SIPCOT Industrial Complex, Phase-I, Hosur-635126 Krishnagiri District.",https://www.tnpcb.gov.in/PDF/Citizen_corner/ph/ExeSumEngAAEnterprises13824.pdf,https://www.tnpcb.gov.in/PDF/Citizen_corner/ph/EIARptEngAAEnterprises13824.pdf
"M/s.Karunai Granites Pvt Ltd, S.F.No.294/4, 295/2A, 295/2B, 295/2C, 298/2, 298/1C2, 301/1(P), 301/2 & 301/3A, Jagadevipalayam Village, Bargur Taluk, Krishnagiri District.",Proposed Grey Granite Quarry lease over an extent of 11.59.0 Ha.,18.09.2024@ 12.00 PM,"M/s.Sri Boopathy Padama Mahal, Thiruvannamali Main Road, Kannandahalli Village, Bargur Taluk, Krishnagiri District-635203.","The District Environmental Engineer,Tamilnadu Pollution Control Board, Plot No.149-A, Ist Floor, SIPCOT Industrial Complex, Phase-I, Hosur-635126 Krishnagiri District.",https://www.tnpcb.gov.in/PDF/Citizen_corner/ph/ExeSumEngKarunai13824.pdf,https://www.tnpcb.gov.in/PDF/Citizen_corner/ph/EIARptEngKarunai13824.pdf
"M/s.Omexa Formulary Pvt Ltd, Plot No.27 & 28, In TANSIDCO Industrial Park, Pellakuppam Village, Tindivanam Taluk, Villupuram District.",Proposed Manufacturing of Monoclonal antibodies with capacity of 520 Kg/Annum & Formulation products(Syringes & Vials) with capacity of 164000 Numbers,18.09.2024@ 11.00 AM,"M/s.Sree Lakshmi Narayana Mahal, S.F.No.142/4, 142/5A Pattanam Village (Gingee-Tindivanam Road, Rajagopal Nagar) Tindivanam Taluk, Villupuram District-604001.","The District Environmental Engineer,Tamilnadu Pollution Control Board, Collectorate Master Plan Complex, Backside to Taluk Office, Villupuram-605602",https://www.tnpcb.gov.in/PDF/Citizen_corner/ph/ExeSumEngOmexa12824.pdf,https://www.tnpcb.gov.in/PDF/Citizen_corner/ph/EIARptEngOmexa12824.pdf
"M/s.D.Sakthivel Rough Stone & Gravel Quarry, S.F.No.217/2A(Part), 217/2B, 217/4, 221/3(Part), 221/4A(Part), 221/4B(Part), 222/1(Part), 222/2, 222/3A, 222/3B1 & 223/2B of Thirumal Village, Kallikudi Taluk, Madurai District.",Proposed Rough Stone & Gravel Quarry over an extent of 4.75.01 Ha,18.09.2024@ 11.00 AM,"M/s.Community Hall, Thirumal Village, Kallikudi Taluk, Madurai District.","The District Environmental Engineer,Tamilnadu Pollution Control Board,Kappalur, Madurai-625008.",https://www.tnpcb.gov.in/PDF/Citizen_corner/ph/ExeSumEngSakthivel6824.pdf,https://www.tnpcb.gov.in/PDF/Citizen_corner/ph/EIARptEngSakthivel6824.pdf
"M/s.R.K.Panneer Selvam Rough Stone & Gravel Quarry, S.F.No.3/2, Anjagoundanpatti Village, Aravakurichi Taluk, Karur District.",Proposed Rough Stone & Gravel Quarry over an extent of 0.88.00 Hectares,12.09.2024@ 10.00 AM,"Premier Plus Marriage Hall, Pannapatti, Eurumarpatti Village, Aravakurichi Taluk, Karur District.","The District Environmental Engineer,Tamilnadu Pollution Control Board, S.F.No.654 part, 655 Part, L.N.S.Village, L.G.B.Nagar, Arivuthirukkovil Road, Karur-639002.",https://www.tnpcb.gov.in/PDF/Citizen_corner/ph/ExeSumEngPaneerselvam7824.pdf,https://www.tnpcb.gov.in/PDF/Citizen_corner/ph/EIARptEngPaneerselvam7824.pdf
"M/s.P.Prabhakaran Rough Stone & Gravel Quarry, S.F.No.2/1B(P), 2/4A(P), Anjagoundanpatti Village, Aravakurichi Taluk, Karur District.",Proposed Rough Stone & Gravel Quarry over an extent of 0.70.93 Hectares,12.09.2024@ 11.00 AM,"Premier Plus Marriage Hall, Pannapatti, Eurumarpatti Village, Aravakurichi Taluk, Karur District.","The District Environmental Engineer,Tamilnadu Pollution Control Board, S.F.No.654 part, 655 Part, L.N.S.Village, L.G.B.Nagar, Arivuthirukkovil Road, Karur-639002.",https://www.tnpcb.gov.in/PDF/Citizen_corner/ph/ExeSumEngPrabhakaran7824.pdf,https://www.tnpcb.gov.in/PDF/Citizen_corner/ph/EIARptEngPrabhakaran7824.pdf
"M/s.K.Deivendran Multi Colour Granite Quarry, S.F.No.12/1A, 12/1B, 12/1C, 12/1D, 12/1E, 12/2A, 12/2B, 12/2C, 12/3A, 12/3B, 12/3C, 12/3D, 12/3E, 12/4A, 12/4B & 12/5A, Veeriyampalayam Village, Krishnarayapuram Taluk, Karur District.",Over an extent of 2.30.00 Hectares.,10.09.2024@ 11.00 AM,"Sri Sivasakthi Mahal, No.1 Rice Mill Street, Palaiyajayakondam, Krishnarayapuram Taluk, Karur District.","The District Environmental Engineer,Tamilnadu Pollution Control Board, S.F.No.654 part, 655 Part, L.N.S.Village, L.G.B.Nagar, Arivuthirukkovil Road, Karur-639002.",https://www.tnpcb.gov.in/PDF/Citizen_corner/ph/EIARptEngDeivendran6824.pdf,https://www.tnpcb.gov.in/PDF/Citizen_corner/ph/EIARptEngDeivendran6824.pdf
"M/s.S.Kandasamy Rough Stone and Gravel Quarry, S.F.No.272/2A, 2B, 2C & 2D, Chettikurichi Village, Kayathar Taluk, Thoothukudi District.",Proposed Rough Stone & Gravel Quarry over an extent of 3.28.0 Ha,10.09.2024@ 11.00 AM,"M/s.Surya Mahal, 24/1 & 24/2, Madurai Main Road, Kayathar, Thoothukudi District.","The District Environmental Engineer,Tamilnadu Pollution Control Board,C7 & C9, SIPCOT Industrial Complex, Meelavittan, Thoothukudi-628008.",https://www.tnpcb.gov.in/PDF/Citizen_corner/ph/ExeSumEngKandasamy3824.pdf,https://www.tnpcb.gov.in/PDF/Citizen_corner/ph/EIARptEngKandasamy3824.pdf
"M/s.Square Enterprises Rough Stone Quarry, S.F.No.629(Part), Nagamangalam Village, Denkanikottai Taluk, Krishnagiri District.",Proposed Rough Stone Quarry Quarry lease over an extent of 3.20.5Ha(Government Porampoke land).,04.09.2024@ 12.00 PM,"M/s.Palnokku Kattidam, Near Nagathnai Bus Stop, Nagamangalam Village, Denkanikottai Taluk, Krishnagiri District-635123","The District Environmental Engineer,Tamilnadu Pollution Control Board,Plot No.149-A, Ist Floor, SIPCOT Industrial Complex, Phase-I, Hosur-635126 Krishnagiri District.",https://www.tnpcb.gov.in/PDF/Citizen_corner/ph/ExeSumEngSquare26724.pdf,https://www.tnpcb.gov.in/PDF/Citizen_corner/ph/EIARptEngSquare26724.pdf
"M/s.K.Madhusudhanan Rough Stone Quarry, S.F.No.629(Part), Nagamangalam Village, Denkanikottai Taluk, Krishnagiri District.",Proposed Rough Stone Quarry Quarry lease over an extent of 4.00.0 Ha(Government Porampoke land).,04.09.2024@ 11.00 AM,"M/s.Palnokku Kattidam, Near Nagathnai Bus Stop, Nagamangalam Village, Denkanikottai Taluk, Krishnagiri District-635123","The District Environmental Engineer,Tamilnadu Pollution Control Board,Plot No.149-A, Ist Floor, SIPCOT Industrial Complex, Phase-I, Hosur-635126 Krishnagiri District.",https://www.tnpcb.gov.in/PDF/Citizen_corner/ph/ExeSumEngMadhusudhanan26724.pdf,https://www.tnpcb.gov.in/PDF/Citizen_corner/ph/EIARptEngMadhusudhanan26724.pdf
"M/s.Chennai United Metal Industries Pvt Ltd, S.F.No.997/1A, 1B, 1C and etc., of Sirupuzhalpettai Village and S.F.No.501/1, 2, 3A and etc., of Getnamallee Village, Gummidipoondi Taluk, Thiruvallur District-601201",Enhancement of Steel Melting Plant from 23720 TPA to 200000 TPA of MS Billets and Rolling Mill From 61200 TPA to 200000 TPA of Re-rolled Steel Product,03.09.2024@ 10.30 AM,"Vacant site infrone of the premises of M/s.Chennai United Metal Industries Pvt Ltd, located at K.S.Road, Getnamallee.","The District Environmental Engineer,Tamilnadu Pollution Control Board, No.88A, SIPCOT Industrial Complex, Gummidipoondi, Thiruvallur District-601201.",https://www.tnpcb.gov.in/PDF/Citizen_corner/ph/ExeSumEngCUMI3824.pdf,https://www.tnpcb.gov.in/PDF/Citizen_corner/ph/EIARptEngCUMI3824.pdf
"M/s.A.R.Govindan, S.F.No.214/1(Part-3 & Part-4), Thellarampattu Village, Chetpet Taluk, Thiruvannamalai District.",Mining of Rough Stone and Gravel Quarry,03.09.2024@ 03.30 PM,"M/s.Sri Ragavendra Mahal, Narayanamangalam, Chetpat Taluk, Thiruvannamalai District-632313","The District Environmental Engineer,Tamilnadu Pollution Control Board, District Collectorate Master Plan Complex, Vengikkal, Thiruvannamali-606604",https://www.tnpcb.gov.in/PDF/Citizen_corner/ph/ExeSumEngGovindan26724.pdf,https://www.tnpcb.gov.in/PDF/Citizen_corner/ph/EIARptEngGovindan26724.pdf
"M/s.Aggregate Mines partner Thiru.S.B.Baskar, S.F.No.212/2A,(P), 212/2B(P), 212/2C(P), 213/2A, 213/2B & 213/4, Kilkolathur Village, Cheyyar Taluk, Thiruvannamalai District.",Mining of Rough Stone and Gravel Quarry,03.09.2024@ 12.30 PM,"M/s.VRJ Sinduja Thirumana Maligai, Annakkavur, Cheyyar Taluk, Thiruvannamalai District-604401","The District Environmental Engineer,Tamilnadu Pollution Control Board, District Collectorate Master Plan Complex, Vengikkal, Thiruvannamali-606604",https://www.tnpcb.gov.in/PDF/Citizen_corner/ph/ExeSumEngAggregate26724.pdf,https://www.tnpcb.gov.in/PDF/Citizen_corner/ph/EIARptEngAggregate26724.pdf
"M/s.Ulaganathan S/o.Gomathimayagam, S.F.No.1/2C, 1/3, 1/4, 1/5 & 16/2A Sithalapakkam Village, Vembakkam Taluk, Thiruvannamalai District.",Mining of Rough Stone and Gravel Quarry,03.09.2024@ 10.30 AM,"M/s.R.S.E.Mahal, Mamandur, Poongavana Kumarasamy Nagar, No.316/N Kanchipuram to Vandavasi Road, Vembakkam Taluk, Thiruvannamalai District-631702","The District Environmental Engineer,Tamilnadu Pollution Control Board, District Collectorate Master Plan Complex, Vengikkal, Thiruvannamali-606604",https://www.tnpcb.gov.in/PDF/Citizen_corner/ph/ExeSumEngUlaganathan26724.pdf,https://www.tnpcb.gov.in/PDF/Citizen_corner/ph/EIARptEngUlaganathan26724.pdf
"M/s.Seenivasan, S.F.No.110/3, 110/4, 110/5, 127/1 & 127/2 of Kodangipatti Village, Bodinayakanur Taluk, Theni District.",Proposed Rough Stone & Gravel Quarry over an extent of 3.78.0 Ha.,03.09.2024@ 10.00 AM,"Bell Mahal, Bodi Main Road, Kodangipatti Village, Bodinayakanur Taluk, Theni District-625531","The District Environmental Engineer,Tamilnadu Pollution Control Board, SAR Complex, 15-4-12A-3, Boothipuram Road, Theni District-625531.",https://www.tnpcb.gov.in/PDF/Citizen_corner/ph/ExeSumEngSeenivasan26724.pdf,https://www.tnpcb.gov.in/PDF/Citizen_corner/ph/EIARptEngSeenivasan26724.pdf
"M/s.K.Venkatraman, S.F.No.106(Part-2) of Palapatti Village, Vazhappady Taluk, Salem District.",Proposed Rough Stone Quarry over an extent of 1.50.0 Ha.,03.09.2024@ 11.00 AM,"M/s.Aiswaryam Mahal, Belur main road, Perumal Kovil Bus Stop, Minnampalli Village, Vazhappadi Taluk, Salem District-636106","The District Environmental Engineer,Tamilnadu Pollution Control Board, Siva Towers, Meyyanur Road, Salem-636004.",https://www.tnpcb.gov.in/PDF/Citizen_corner/ph/ExeSumEngVenkat26724.pdf,https://www.tnpcb.gov.in/PDF/Citizen_corner/ph/EIARptEngVenkat26724.pdf
"M/s.V.Revathi Rough Stone and Gravel Quarry , S.F.No.209/1A(Part), 209/1B(Part) & 209/2(Part), Morattupalayam Village, Uthukkuli Taluk, Tiruppur District.",Proposed Rough Stone Quarry & Gravel Quarry over an extent of 2.25.5 Ha.,03.09.2024@ 10.30 AM,"Thathaiyan Kovil Tirumana Mandapam, Annamar Kovil back side, Kavundanpalayam, Morattupalayam road, Uthukkuli Taluk, Tiruppur District-638752.","The District Environmental Engineer,Tamilnadu Pollution Control Board, Tiruppur North, II Floor, Kumaran Commercial Complex, Kumaran Road, Tiruppur-641601",https://www.tnpcb.gov.in/PDF/Citizen_corner/ph/ExeSumEngMorattupalayam26724.pdf,https://www.tnpcb.gov.in/PDF/Citizen_corner/ph/EIARptEngMorattupalayam26724.pdf
"M/s.V.Ellammal Rough Stone Quarry, S.F.No.54(Part-3), Soolamalai Village, Bargur Taluk, Krishnagiri District.",Proposed Rough Stone Quarry lease over an extent of 1.40.0 Ha.,03.09.2024@ 11.00 AM,"M/s.Sri Maheswari Mahal, D.No.1/190, NH-77, Thiruvannamalli main road, Anchoor Village, Bargur Taluk, Krishnagiri District-6351014.","The District Environmental Engineer,Tamilnadu Pollution Control Board, Plot No.149-A, Ist Floor, SIPCOT Industrial Complex, Phase-I, Hosur-635126 Krishnagiri District.",https://www.tnpcb.gov.in/PDF/Citizen_corner/ph/ExeSumEngEllammal25724.pdf,https://www.tnpcb.gov.in/PDF/Citizen_corner/ph/EIARptEngEllammal25724.pdf
"M/s.V.O Chidambaranar Port Authority at Mullakadu Village, Thoothukudi Taluk and District.",Development of Berths I to IV (Outer) as Container Terminals including Dredging and Construction of Breakwater at VOC Port on DBFOT Basis.,03.09.2024@ 11.00 AM,"Maria Mahal, Muthiahpuram, Thoothukudi.","The District Environmental Engineer,Tamilnadu Pollution Control Board, C7 & C9, SIPCOT Industrial Complex, Meelavittan, Thoothukudi-628008.",https://www.tnpcb.gov.in/PDF/Citizen_corner/ph/ExeSumEngVOC23724.pdf,https://www.tnpcb.gov.in/PDF/Citizen_corner/ph/EIARptEngVOC23724.pdf
"M/s.S.Velu, Rough Stone & Gravel Quarry, S.F.No.196/2B(P), 197/2B(P), 195/2A(P), 195/2B(P) & 195/3(P) of Kasthurirengapuram Part-II Village, Tisaiyanvilai Taluk, Tirunelveli District.",Proposed Rough stone & Gravel quarry extent of 8.34.40 Ha.,29.08.2024@ 10.00 AM,"Maniyammai Mahal, Artrankari Pallivasal Road, Radhapuram, Radhapuram Taluk, Tirunelveli District.","The District Environmental Engineer,Tamilnadu Pollution Control Board, No.30/2, SIDCO Industrial Estate, Pettai, Tirunelveli - 627010.",https://www.tnpcb.gov.in/PDF/Citizen_corner/ph/ExeSumEngVelu18724.pdf,https://www.tnpcb.gov.in/PDF/Citizen_corner/ph/EIARptEngVelu18724.pdf
"M/s.Thriveni Earth Movers Pvt Ltd, S.F.No.679/2(Part-4), Thorapalli Agraharam Village, Hosur Taluk, Krishnagiri District.",Proposed Rough Stone Quarry lease over an extent of 5.00.0 Ha.,28.08.2024@ 11.30 AM,"M/s.Sri Sathya Sai Marriage hall, SIPCOT Service road, SIPCOT Phase II, Moranapalli Village, Hosur Taluk, Krishnagiri District 635109.","The District Environmental Engineer,Tamilnadu Pollution Control Board, Plot No.149-A, Ist Floor, SIPCOT Industrial Complex, Phase-I, Hosur-635126 Krishnagiri District.",https://www.tnpcb.gov.in/PDF/Citizen_corner/ph/ExeSumEngThriveni23724.pdf,https://www.tnpcb.gov.in/PDF/Citizen_corner/ph/EIARptEngThriveni23724.pdf
"M/s.Dindigul Waste Management Pvt Ltd (CBMWTF), S.F.No.133/1A2, 154/11, Noothulapuram Village, Nilakkottai Taluk, Dindigul District.",Over an extent of 0.7165 Ha(patta land).,28.08.2024@ 11.00 AM,"Choliya Vellalar Uravin Muraikku Paathiappatta Annathana Mandapam, Balasubramaniyar Kovil Valaagam,S.Thummalapatti Village, Nilakottai-Taluk, Dindigul District.","The District Environmental Engineer,Tamilnadu Pollution Control Board, Collector Office Campus, Dindigul-624004.",https://www.tnpcb.gov.in/PDF/Citizen_corner/ph/ExeSumEngDglWasteMgmt6224.pdf,https://www.tnpcb.gov.in/PDF/Citizen_corner/ph/EIARptEngDglWasteMgmt6224.pdf
"M/s.Viki Industries Pvt Ltd, Plot No.D-19, SIPCOT Industrial Complex, Gummidipoondi in S.F.No.629 Part, 631 Part, 630/2 Part, 630/3 Part & 630/4, 632/4 Part, 634 Part Old Gummidipoondi Village, Gummidipoondi Taluk, Thiruvallur District-601201",Proposed Expansion of Steel Rolling Mill & inclusion of Steel Melting Shop in the existing Steel Rolling Mill.,27.08.2024@ 10.30 AM,"'Jayakumari Hall' of Hotel JFN Paradise located at No.87/A/1, GNT Road, Pethikuppam Gate, Gummidipoondi-601201","The District Environmental Engineer,Tamilnadu Pollution Control Board, 88A, SIPCOT Industrial Complex, Gummidipoondi, Thiruvallur District-601201.",https://www.tnpcb.gov.in/PDF/Citizen_corner/ph/ExeSumEngVikiInd25724.pdf,https://www.tnpcb.gov.in/PDF/Citizen_corner/ph/EIARptEngVikiInd25724.pdf
"M/s.E.Dhanapal Multi Coloured Granite Quarry, S.F.No.74/3A1A, 74/3A1B, 74/3A2, 74/3B, 75/1A, 74/2A1, 75/2A2, 75/2B, 75/3B, 75/3D & 74/2 of Veeriyampalayam Village, Krishnarayapuram Village, Krishnarayapuram Taluk, Karur District.",Over an extent of 4.89.0 Hectares.,28.08.2024@ 11.00 AM,"Shri Pambalamman Mahal, Mahi Complex, Lakshmanmpatti, Krishnarayapuram Taluk, Karur District.","The District Environmental Engineer,Tamilnadu Pollution Control Board, L.G.B Nagar, Arivuthirukkovil Road, Karur-639002.",https://www.tnpcb.gov.in/PDF/Citizen_corner/ph/ExeSumEngDhanapal11724.pdf,https://www.tnpcb.gov.in/PDF/Citizen_corner/ph/EIARptEngDhanapal11724.pdf
"M/s.R P Raghul, Rough Stone & Gravel Quarry, S.F.Nos.719/1(Part), 720/1(Part), 720/2, 720/3, 720/4, 720/5, 720/6, 720/7, 720/8, 720/9, 720/10, 720/11, 720/12, 720/13(Part) & 720/14(Part) of Vadakku Ariyanayagipuram-II Village, Cheranmahadevi Taluk, Tirunelveli District",Proposed Rough stone & Gravel quarry extent of 4.99.39 Ha.,27.08.2024@ 10.00 AM,"Thirumurugan Thirusabai Mahal, South Street, Near Kailasnathar Kovil, North Ariyanayagipuram, Cheranmahadevi Taluk, Tirunelveli District.","The District Environmental Engineer,Tamilnadu Pollution Control Board, No.30/2, SIDCO Industrial Estate, Pettai, Tirunelveli - 627010.",https://www.tnpcb.gov.in/PDF/Citizen_corner/ph/ExeSumEngRaghul18724.pdf,https://www.tnpcb.gov.in/PDF/Citizen_corner/ph/EIARptEngRaghul18724.pdf
"M/s.K.Vijay Perichiyappan, S.F.Nos.347/1B & 347/2B of Elathur 'A' Village, Nambiyur Taluk, Erode District.",Proposed Rough stone & Gravel quarry extent of 0.86.0 Ha.,23.08.2024@ 10.00 AM,"Kurumanthur Community hall near santha kadai, Perundurai road, Nambiyur Taluk, Erdoe District-638457.","The District Environmental Engineer,Tamilnadu Pollution Control Board, Plot No.J2(W), SIPCOT Industrial Growth Centre, Perundurai, Erode District-638052.",https://www.tnpcb.gov.in/PDF/Citizen_corner/ph/ExeSumEngVijay11724.pdf,https://www.tnpcb.gov.in/PDF/Citizen_corner/ph/EIARptEngVijay11724.pdf
"M/s.Sathya Rough Stone & Gravel Quarry, S.F.No.1287/1(part) & 1287/3, Punnam Village, Pugalur Taluk, Karur District.",over an extent of 1.80.0 Hectares.,23.08.2024@ 11.00 AM,"Bharani Mahal, Door No.5/130, Near Balamalai, Pavithram Village, Pugalur Taluk, Karur District.","The District Environmental Engineer,Tamilnadu Pollution Control Board, L.G.B Nagar, Arivuthirukkovil Road, Karur-639002.",https://www.tnpcb.gov.in/PDF/Citizen_corner/ph/ExeSumEngSathya28224.pdf,https://www.tnpcb.gov.in/PDF/Citizen_corner/ph/EIARptEngSathya28224.pdf
"M/s.G Durai Rough Stone & Gravel Quarry, S.F.Nos.149/1A2, 149/1B2 & 149/2A of Udaiyalippatti Village, Kulathur Taluk, Pudhukottai District.",Proposed Rough Stone Quarry extent of 2.52.5 Ha.,22.08.2024@ 11.00 AM,"M.R.Thirumana Mahal, Kunnandar koil Village, Kulathur Taluk, Pudukottai District-622502.","The District Environmental Engineer,Tamilnadu Pollution Control Board, No.1, SIPCOT Industrial Complex, SIPCOT Post, Pudukottai-622002",https://www.tnpcb.gov.in/PDF/Citizen_corner/ph/ExeSumEngDurai18724.pdf,https://www.tnpcb.gov.in/PDF/Citizen_corner/ph/EIARptEngDurai18724.pdf
"M/s.Ultra Ready Mix Concrete Pvt Ltd, S.F.No.168/2A Part, 168/2B Part, 169/1C Part & 169/2A Part, Edaryarpalayam Village, Sulur Taluk, Coimbatore District.",Proposed quarrying of 2.94.01 Hectares of Rough Stone & Gravel.,22.08.2024@ 11.00 AM,"M/s.Suya Uthavi Kulu Kootamaippu Building, Pachapalayam Panchayat, Periyakuili, Sultanpet Panchayat Union, Coimbatore district-641201.","The District Environmental Engineer,Tamilnadu Pollution Control Board, Coimbatore South, E-55A, SIDCO Industrial Estate, Pollachi main road, Kurichi, Coimbatore-641021.",https://www.tnpcb.gov.in/PDF/Citizen_corner/ph/ExeSumEngUltraKathir11724.pdf,https://www.tnpcb.gov.in/PDF/Citizen_corner/ph/EIARptEngUltraKathir11724.pdf
"M/s.Sri Rajalakshmi Samappa Building Materials Company Rough Stone and Gravel Quarry, S.F.No.1118/1, Bilichi Village, Coimbatore North Taluk, Coimbatore District.",Proposed Rough Stone & Gravel Quarry ver an extent of 3.00.36 Ha.,21.08.2024@ 03.00 PM,"Raj Mahal, 4/283, Mettupalayam Road, Mathampalayam, Bilichi Village, Coimbatore North Taluk, Coimbatore District.","The District Environmental Engineer,Tamilnadu Pollution Control Board, Coimbatore North, No.5, Ramasamy Nagar, Kavundampalayam, Coimbatore-641030",https://www.tnpcb.gov.in/PDF/Citizen_corner/ph/ExeSumEngRajalakshmi18724.pdf,https://www.tnpcb.gov.in/PDF/Citizen_corner/ph/EIARptEngRajalakshmi18724.pdf
"M/s.Sri Blue Metals Rough Stone & Gravel Quarry, S.F.No.76/1A & 76/1B(P), Chikkarampalayam Village, Mettupalayam Taluk, Coimbatore District.",Proposed Rough Stone & Gravel Quarry ver an extent of 5.07.22 Ha.,21.08.2024@ 11.00 AM,"Durai's Mahal, Kannarpalayam Road, Chikkarampalayam Village, Karamadai, Coimbatore District.","The District Environmental Engineer,Tamilnadu Pollution Control Board, Coimbatore North, No.5, Ramasamy Nagar, Kavundampalayam, Coimbatore-641030",https://www.tnpcb.gov.in/PDF/Citizen_corner/ph/ExeSumEngSribluemetal18724.pdf,https://www.tnpcb.gov.in/PDF/Citizen_corner/ph/EIARptEngSribluemetal18724.pdf
"M/s.Mohammed Saleem Badhusha, Rough Stone & Gravel Quarry, S.F.No.812(part) of Naranammalpuram Part-I Village, Tirunelveli Taluk, Tirunelveli District.",Over an extent of 1.95.0 Ha.,21.08.2024@ 10.00 AM,"Dr.P.Sivanthi Athithanar Thirumana Mandapam, Madurai Road, Sankar Nagar, Tirunelveli Taluk, Tirunelveli District-627357.","The District Environmental Engineer,Tamilnadu Pollution Control Board, 30/2, SIDCO Industrial Estate, Pettai, Tirunelveli-627010.",https://www.tnpcb.gov.in/PDF/Citizen_corner/ph/ExeSumEngMohamad9724.pdf,https://www.tnpcb.gov.in/PDF/Citizen_corner/ph/EIARptEngMohamad9724.pdf
"M/s.K.P.Anand Rough Stone Quarry, S.F.No.637(Part-2) Thuppuganapalli Village, Shoolagiri Taluk, Krishnagiri District.",Proposed Rough Stone Quarry lease over an extent of 4.50.00 Ha.,21.08.2024@ 12.00 PM,"M/s.GMV Mahal, Gurparathapalli Village, Shoolagiri Taluk, Krishnagiri District-635117.","The District Environmental Engineer,Tamilnadu Pollution Control Board, Plot No.149-A, Ist Floor, SIPCOT Industrial Complex, Phase-I, Hosur-635126 Krishnagiri District.",https://www.tnpcb.gov.in/PDF/Citizen_corner/ph/ExeSumEngAnand450_11724.pdf,https://www.tnpcb.gov.in/PDF/Citizen_corner/ph/EIARptEngAnand450_11724.pdf
"M/s.K.P.Anand Rough Stone Quarry, S.F.No.637(Part-1) Thuppuganapalli Village, Shoolagiri Taluk, Krishnagiri District.",Proposed Rough Stone Quarry lease over an extent of 4.00.00 Ha(Government Poramboke land).,21.08.2024@ 11.00 AM,"M/s.GMV Mahal, Gurparathapalli Village, Shoolagiri Taluk, Krishnagiri District-635117.","The District Environmental Engineer,Tamilnadu Pollution Control Board, Plot No.149-A, Ist Floor, SIPCOT Industrial Complex, Phase-I, Hosur-635126 Krishnagiri District.",https://www.tnpcb.gov.in/PDF/Citizen_corner/ph/ExeSumEngAnand11724.pdf,https://www.tnpcb.gov.in/PDF/Citizen_corner/ph/EIARptEngAnand11724.pdf
"M/s.C.Robin Raj, Rough Stone & Gravel Quarry, S.F.No.146/9(Part), 146/10(Part), 152/1(Part), 153/1(Part), 154/1(Part), and 155/1(Part) of Udhyathur Village, Radhapuram Taluk, Tirunelveli District.",Rough Stone & Gravel Quarry over an extent of 4.99.0 Ha.,20.08.2024@ 10.00 AM,"Maniyammai Mahal, Artrankari Pallivasal Road, Radhapuram, Radhapuram Taluk, Tirunelveli District.","The District Environmental Engineer,Tamilnadu Pollution Control Board, No.30/2, SIDCO Industrial Estate, Pettai, Tirunelveli-627010",https://www.tnpcb.gov.in/PDF/Citizen_corner/ph/ExeSumEngRobin18724.pdf,https://www.tnpcb.gov.in/PDF/Citizen_corner/ph/EIARptEngRobin18724.pdf
"M/s.A.Sasimohan Rough Stone Quarry, S.F.No.389(Part), Kalapanahalli Village, Karimangalam Taluk, Dharmapuri District.",Rough Stone Quarry over an extent of 2.02.5 Ha.,20.08.2024@ 10.30 AM,"Sri Bannari Amman Mahal, Opp.Sapthagiri Engineering College, Periyampatti Village, Karimangalm Taluk, Dharmapuri District-635205","The District Environmental Engineer,Tamilnadu Pollution Control Board, SF.No.415/1,Adhiyaman kottai - Hosur Bypass road, A.Reddihalli village(Near to Don Bosco College), Dharmapuri Taluk ,Dharmapuri District - 636 809.",https://www.tnpcb.gov.in/PDF/Citizen_corner/ph/ExeSumEngSasimohan18724.pdf,https://www.tnpcb.gov.in/PDF/Citizen_corner/ph/EIARptEngSasimohan18724.pdf
"M/s.M.Malliga Rough Stone Quarry, S.F.No.401(Part), Kalapanahalli Village, Karimangalam Taluk, Dharmapuri District.",Rough Stone Quarry over an extent of 3.70.0 Ha.,20.08.2024@ 11.30 AM,"Sri Bannari Amman Mahal, Opp.Sapthagiri Engineering College, Periyampatti Village, Karimangalm Taluk, Dharmapuri District-635205","The District Environmental Engineer,Tamilnadu Pollution Control Board, SF.No.415/1,Adhiyaman kottai - Hosur Bypass road, A.Reddihalli village(Near to Don Bosco College), Dharmapuri Taluk ,Dharmapuri District - 636 809.",https://www.tnpcb.gov.in/PDF/Citizen_corner/ph/ExeSumEngMalliga18724.pdf,https://www.tnpcb.gov.in/PDF/Citizen_corner/ph/EIARptEngMalliga18724.pdf
"M/s.Sivam Mines, S.F.No.693/5A(P), 696/2,3(P), 4(P), 5, 698/1, 2, 3, 4A, 4B, 4C & 5, Sirugudi Village, Natham Taluk, Dindigul District.",Over an extent of 2.53.0 Ha.,20.08.2024@ 11.00 AM,"M/s.AVN Mandapam, Sirugudi-Avichipatti Road, Natham Taluk, Dindigul District.","The District Environmental Engineer,Tamilnadu Pollution Control Board, Collector Office Campus, Dindigul-624004.",https://www.tnpcb.gov.in/PDF/Citizen_corner/ph/ExeSumEngSivamMines253_11724.pdf,https://www.tnpcb.gov.in/PDF/Citizen_corner/ph/EIARptEngSivamMines253_11724.pdf
"M/s.Sivam Mines, S.F.No.616/1B(P), 1C, 618/1(P) & 619, Sirugudi Village, Natham Taluk, Dindigul District.",Over an extent of 0.94.0 Ha.,20.08.2024@ 11.00 AM,"M/s.AVN Mandapam, Sirugudi-Avichipatti Road, Natham Taluk, Dindigul District.","The District Environmental Engineer,Tamilnadu Pollution Control Board, Collector Office Campus, Dindigul-624004.",https://www.tnpcb.gov.in/PDF/Citizen_corner/ph/ExeSumEngSivamMines094_11724.pdf,https://www.tnpcb.gov.in/PDF/Citizen_corner/ph/EIARptEngSivamMines094_11724.pdf
"M/s.Sivam Mines, S.F.No.693/1, 2, 3, 4 & 7, Sirugudi Village, Natham Taluk, Dindigul District.",Over an extent of 1.70.0 Ha.,20.08.2024@ 11.00 AM,"M/s.AVN Mandapam, Sirugudi-Avichipatti Road, Natham Taluk, Dindigul District.","The District Environmental Engineer,Tamilnadu Pollution Control Board, Collector Office Campus, Dindigul-624004.",https://www.tnpcb.gov.in/PDF/Citizen_corner/ph/ExeSumEngSivamMines170_11724.pdf,https://www.tnpcb.gov.in/PDF/Citizen_corner/ph/EIARptEngSivamMines170_11724.pdf
"M/s.Sivam Mines, S.F.No.630/1A, 1B, 2, 631/10 & 631/11, Sirugudi Village, Natham Taluk, Dindigul District.",Over an extent of 0.94.5 Ha.,20.08.2024@ 11.00 AM,"M/s.AVN Mandapam, Sirugudi-Avichipatti Road, Natham Taluk, Dindigul District.","The District Environmental Engineer,Tamilnadu Pollution Control Board, Collector Office Campus, Dindigul-624004.",https://www.tnpcb.gov.in/PDF/Citizen_corner/ph/ExeSumEngSivamMines0945_11724.pdf,https://www.tnpcb.gov.in/PDF/Citizen_corner/ph/EIARptEngSivamMines0945_11724.pdf
"M/s.KPR Granites, S.F.No.1121/6, 1125/3, Irudukottai Village, Denkanikottai Taluk, Krishnagiri District.",Proposed Multi Color Granite Quarry lease over an extent of 1.97.0 Ha.,20.08.2024@ 11.30 AM,"M/s.Sri Chowdeshwari Convention Hall, Sri Chowdeshwari Complex, Anchetty main road, Denkanikottai Village & Taluk, Krishnagiri District-635107.","The District Environmental Engineer,Tamilnadu Pollution Control Board, Plot No.149-A, Ist Floor, SIPCOT Industrial Complex, Phase-I, Hosur-635126 Krishnagiri District.",https://www.tnpcb.gov.in/PDF/Citizen_corner/ph/ExeSumEngKPRGranites9724.pdf,https://www.tnpcb.gov.in/PDF/Citizen_corner/ph/EIARptEngKPRGranites9724.pdf
"M/s.Top Granites, S.F.No.1151/5, 1151/6, 1172/2A, Irudukottai Village, Denkanikottai Taluk, Krishnagiri District.",Proposed Multi Color Granite Quarry lease over an extent of 1.13.46 Ha.,20.08.2024@ 10.30 AM,"M/s.Sri Chowdeshwari Convention Hall, Sri Chowdeshwari Complex, Anchetty main road, Denkanikottai Village & Taluk, Krishnagiri District-635107.","The District Environmental Engineer,Tamilnadu Pollution Control Board, Plot No.149-A, Ist Floor, SIPCOT Industrial Complex, Phase-I, Hosur-635126 Krishnagiri District.",https://www.tnpcb.gov.in/PDF/Citizen_corner/ph/ExeSumEngTopGranites9724.pdf,https://www.tnpcb.gov.in/PDF/Citizen_corner/ph/EIARptEngTopGranites9724.pdf
"M/s.P.Velmani Multi Colur Granite Quarry, S.F.Nos.108/1, 108/2, 108/3, 108/4, 108/5, 108/6, 108/7, 108/9, 108/10, 108/11, 108/12, 108/13, 108/14, 108/15, 108/16, 108/17 of Singanallur Village and S.F.No.614/1 of Panidiyampalayam Village, Perundurai Taluk, Erode District.",Extent of 4.31.0 Ha.,20.08.2024@ 11.00 AM,"Grama Panchayat Sevai Maiyam, Singanallur Village, Perundurai Taluk, Erdoe District-638455.","The District Environmental Engineer,Tamilnadu Pollution Control Board, Plot No.J2(W), SIPCOT Industrial Growth Centre, Perundurai, Erode District-638052.",https://www.tnpcb.gov.in/PDF/Citizen_corner/ph/ExeSumEngVelmani9724.pdf,https://www.tnpcb.gov.in/PDF/Citizen_corner/ph/EIARptEngVelmani9724.pdf
"M/s.T.M.Manoharan, M/s.K.Subramaniam, M/s.R.P.Jaganathan, S.F.Nos.49/2, 49/3, 49/4A, Kovundampalayam Village, Gobichettipalayam Taluk, Erode District.",Proposed Rough stone & Gravel quarry extent of 1.99.0 Ha.,16.08.2024@ 10.00 AM,"K.V.Mahal, Sathy-Athani-Bhavani main road, Thookknaickenpalayam(TN Palayam), Gobichettipalayam Taluk, Erode District-638506.","The District Environmental Engineer,Tamilnadu Pollution Control Board, Plot No.J2(W), SIPCOT Industrial Growth Centre, Perundurai, Erode District-638052.",https://www.tnpcb.gov.in/PDF/Citizen_corner/ph/ExeSumEngMano9724.pdf,https://www.tnpcb.gov.in/PDF/Citizen_corner/ph/EIARptEngMano9724.pdf
"M/s.S.Nandagopal Rough Stone & Gravel Quarry, S.F.No.82/3, Pachapalayam Village, Sulur Taluk, Coimbatore District.",Proposed to carry out in 2.25.0 Hectares for Rough Stone & Gravel.,16.08.2024@ 03.00 PM,"M/s.Suya Uthavi Kulu Kootamaippu Building, Pachapalayam Panchayat, Periyakuili, Sultanpet Panchayat Union, Coimbatore district-641201.","The District Environmental Engineer,Tamilnadu Pollution Control Board, Coimbatore South, E-55A, SIDCO Industrial Estate, Pollachi main road, Kurichi, Coimbatore-641021.",https://www.tnpcb.gov.in/PDF/Citizen_corner/ph/ExeSumEngNandagopal8724.pdf,https://www.tnpcb.gov.in/PDF/Citizen_corner/ph/EIARptEngNandagopal8724.pdf
"M/s.M.Selvathal Rough Stone & Gravel Quarry, S.F.No.279/2C1B, Pachapalayam Village, Sulur Taluk, Coimbatore District.",Proposed quarrying of 1.13.70 Hectares of Rough Stone & Gravel.,16.08.2024@ 11.00 AM,"M/s.Suya Uthavi Kulu Kootamaippu Building, Pachapalayam Panchayat, Periyakuili, Sultanpet Panchayat Union, Coimbatore district-641201.","The District Environmental Engineer,Tamilnadu Pollution Control Board, Coimbatore South, E-55A, SIDCO Industrial Estate, Pollachi main road, Kurichi, Coimbatore-641021.",https://www.tnpcb.gov.in/PDF/Citizen_corner/ph/ExeSumEngSelvathal8724.pdf,https://www.tnpcb.gov.in/PDF/Citizen_corner/ph/EIARptEngSelvathal8724.pdf
"M/s.R.Rajappa Rough Stone Quarry, S.F.No.1266, Kamandoddi Village, Shoolagiri Taluk, Krishnagiri District.",Proposed Rough Stone Quarry lease over an extent of 4.04.5 Ha.,14.08.2024@ 11.00 AM,"M/s.GVM Mahal, Kurubarathapalli Village, Sappadi Post, Shoolagiri Taluk, Krishnagiri District-635117.","The District Environmental Engineer,Tamilnadu Pollution Control Board,Plot No.149-A, Ist Floor, SIPCOT Industrial Complex, Phase-I, Hosur-635126 Krishnagiri District.",https://www.tnpcb.gov.in/PDF/Citizen_corner/ph/ExeSumEngRajappa2724.pdf,https://www.tnpcb.gov.in/PDF/Citizen_corner/ph/EIARptEngRajappa2724.pdf
"M/s.L.Thangarasu Rough Stone & Gravel Quarry, S.F.No.408/2B & 408/2C, Pachapalayam Village, Sulur Taluk, Coimbatore District.",Proposed quarrying of 1.81.5 Hectares of Rough Stone & Gravel.,14.08.2024@ 11.00 AM,"M/s.Suya Uthavi Kulu Kootamaippu Building, Pachapalayam Panchayat, Periyakuili, Sultanpet Panchayat Union, Coimbatore district-641201.","The District Environmental Engineer,Tamilnadu Pollution Control Board, Coimbatore South, E-55A, SIDCO Industrial Estate, Pollachi main road, Kurichi, Coimbatore-641021.",https://www.tnpcb.gov.in/PDF/Citizen_corner/ph/ExeSumEngTKDT8724.pdf,https://www.tnpcb.gov.in/PDF/Citizen_corner/ph/EIARptEngTKDT8724.pdf
"M/s.T.Manoj Prabakar Rough Stone & Gravel Quarry, S.F.No.683/2(part) & 686/1(part), Kuppam Village, Pugalur Taluk, Karur District.",over an extent of 4.11.5 Hectares.,13.08.2024@ 11.00 AM,"Murugan Thirumana Mandapam, No.198/1, Athipalayam Road, Kuppam Village, Pugalur Taluk, Karur District.","The District Environmental Engineer,Tamilnadu Pollution Control Board, L.G.B Nagar, Arivuthirukkovil Road, Karur-639002.",https://www.tnpcb.gov.in/PDF/Citizen_corner/ph/ExeSumEngManoj28224.pdf,https://www.tnpcb.gov.in/PDF/Citizen_corner/ph/EIARptEngManoj28224.pdf
"M/s.Shri Selva Vinaayaga Blue Metal Rough Stone & Gravel Quarry, S.F.No.171/1A(part) &171/1B(part), Kuppam Village, Pugalur Taluk, Karur District.",over an extent of 4.30.5 Hectares(patta Land).,13.08.2024@ 12.00 PM,"Murugan Thirumana Mandapam, No.198/1, Athipalayam Road, Kuppam Village, Pugalur Taluk, Karur District.","The District Environmental Engineer,Tamilnadu Pollution Control Board, L.G.B Nagar, Arivuthirukkovil Road, Karur-639002.",https://www.tnpcb.gov.in/PDF/Citizen_corner/ph/ExeSumEngSelvavinayaga28224.pdf,https://www.tnpcb.gov.in/PDF/Citizen_corner/ph/EIARptEngSelvavinayaga28224.pdf
"M/s.C.Dhivakar Rough Stone Quarry, S.F.No.381(part-2), Gopanahallii Village, Hosur Taluk, Krishnagiri District.",Proposed Rough Stone Quarry lease over an extent of 1.50.0 Ha.,13.08.2024@ 11.00 AM,"M/s.CMK Kalyana Mandapam, Nagondapalli Village, Denkanikottai Main Road, Hosur Taluk, Krishnagiri-635109.","The District Environmental Engineer,Tamilnadu Pollution Control Board,Plot No.149-A, Ist Floor, SIPCOT Industrial Complex, Phase-I, Hosur-635126 Krishnagiri District.",https://www.tnpcb.gov.in/PDF/Citizen_corner/ph/ExeSumEngDhivakar2724.pdf,https://www.tnpcb.gov.in/PDF/Citizen_corner/ph/EIARptEngDhivakar2724.pdf
"M/s.G.Thangavel Rough Stone and Gravel Quarry, S.F.No.333/3, Pachapalayam Village, Sulur Taluk, Coimbatore District.",Proposed quarrying of 2.62.50 Hectares of Rough Stone & Gravel.,12.08.2024@ 03.00 PM,"M/s.Suya Uthavi Kulu Kootamaippu Building, Pachapalayam Panchayat, Periyakuili, Sultanpet Panchayat Union, Coimbatore district-641201.","The District Environmental Engineer,Tamilnadu Pollution Control Board, Coimbatore South, E-55A, SIDCO Industrial Estate, Pollachi main road, Kurichi, Coimbatore-641021.",https://www.tnpcb.gov.in/PDF/Citizen_corner/ph/ExeSumEngThangavel8724.pdf,https://www.tnpcb.gov.in/PDF/Citizen_corner/ph/EIARptEngThangavel8724.pdf
"M/s.Gomuki Blue Metals L.L.P Rough Stone and Gravel Quarry, S.F.Nos.238/2(P), 239/1B, 239/2B, 240/2B(P), 241/1(P), 241/2(P), 241/3(P) & 241/4(P) Pachapalayam Village, Sulur Taluk, Coimbatore District.",Proposed quarrying of 2.47.9 Hectares of Rough Stone & Gravel.,12.08.2024@ 11.00 AM,"M/s.Suya Uthavi Kulu Kootamaippu Building, Pachapalayam Panchayat, Periyakuili, Sultanpet Panchayat Union, Coimbatore district-641201.","The District Environmental Engineer,Tamilnadu Pollution Control Board, Coimbatore South, E-55A, SIDCO Industrial Estate, Pollachi main road, Kurichi, Coimbatore-641021.",https://www.tnpcb.gov.in/PDF/Citizen_corner/ph/ExeSumEngGomuki8724.pdf,https://www.tnpcb.gov.in/PDF/Citizen_corner/ph/EIARptEngGomuki8724.pdf
"M/s.S.N.Sivasamy Rough Stone & Gravel Quarry, S.F.No.247/1, 2A, 2B1 & 2B2, Sangarayapuram Village, Kinathukadavu Taluk, Coimbatore District.",Proposed Rough Stone & Gravel Quarry covering overall extent of 1.20.0 Ha,07.08.2024@ 11.00 AM,"M/s.Ramasamy Gounder Valliammal Thirumana Mandapam, No.10, Muthur Village, Kinathukadavu, Coimbatore District.","The District Environmental Engineer,Tamilnadu Pollution Control Board,Coimbatore South, E-55A, SIDCO Industrial Estate, Pollachi main road, Kurichi, Coimbatore-641021.",https://www.tnpcb.gov.in/PDF/Citizen_corner/ph/ExeSumEngSivaram1724.pdf,https://www.tnpcb.gov.in/PDF/Citizen_corner/ph/EIARptEngSivaram1724.pdf
"M/s.Noble Tech Industries Pvt Ltd, SF.No.12, 14, 17, 22, 23, 25, 51, 52, 53 & 57 (pt) Melpakkam Village, Uthiramerur Taluk, Kancheepuram District.",Proposed expansion of M.S.Billets & Rolled products from 108000 TPA to 576000 TPA along with the existing Sponge Iron(90000 TPA) and Captive power pla,07.08.2024@ 10.30 AM,"@SF.No92/2A2(Adjacent to M/s.Noble Tech Industries Pvt Ltd) Melpakkam Village, Uthiramerur Taluk, Kancheepuram District. Latitude:12 0 38'39.1""N Longitude:79 0 42'21.6""E","The District Environmental Engineer,Tamilnadu Pollution Control Board,Plot No.CP-5B, SIPCOT, Oragadam, Sriperumbudur Taluk, Kancheepuram District-602105",https://www.tnpcb.gov.in/PDF/Citizen_corner/ph/ExeSumEngNobleTech28624.pdf,https://www.tnpcb.gov.in/PDF/Citizen_corner/ph/EIARptEngNobleTech28624.pdf
"M/s.B.Thiraviam, S.F.No.132/1 and 132/3(P), Panamoopanpatti Village, Usilampatti Taluk, Madurai District.",Proposed Rough Stone and Gravel Quarry over an extent of 3.07.0 Ha.,07.08.2024@ 11.00 AM,"M/s.Sakkarappanaickanur Panchayat Community Hall, S.Krishnapuram, Sakkarappanaickanur Village, Usilampatti Taluk, Madurai District.","The District Environmental Engineer,Tamilnadu Pollution Control Board, Kappalur, Madurai-625008.",https://www.tnpcb.gov.in/PDF/Citizen_corner/ph/ExeSumEngThiraviam5724.pdf,https://www.tnpcb.gov.in/PDF/Citizen_corner/ph/EIARptEngThiraviam5724.pdf
"M/s.S.R.Muthupandi, S.F.No.34/1A, 1B, 2, 52/2, 3, & 60/2 of Viralipatti Village, Vadipatti Taluk, Madurai District.",Proposed Rough Stone and Gravel Quarry over an extent of 4.20.0 Ha.,06.08.2024@ 11.00 AM,"M/s.Green Park Residency, (Sathya Arangam), Door No.5-1-21/5, NH-7, Court Opposite, Main Road, Vadipatti, Madurai District.","The District Environmental Engineer,Tamilnadu Pollution Control Board, Kappalur, Madurai-625008.",https://www.tnpcb.gov.in/PDF/Citizen_corner/ph/ExeSumEngMuthupandi5724.pdf,https://www.tnpcb.gov.in/PDF/Citizen_corner/ph/EIARptEngMuthupandi5724.pdf
"M/s.G.Perumal Rough Stone Quarry, S.F.No.314(part-3), Thuppuganapalli Village, Shoolagiri Taluk, Krishnagiri District.",Proposed Rough stone Quarry lease over an extent of 4.94.32 Ha.,06.08.2024@ 11.00 AM,"M/s.Agaram Samudhaya koodam, Kombepalli Village, Shoolagiri Taluk, Krishnagiri District-635119","The District Environmental Engineer,Tamilnadu Pollution Control Board, Plot No.149-A, Ist Floor, SIPCOT Industrial Complex, Phase-I, Hosur-635126 Krishnagiri District.",https://www.tnpcb.gov.in/PDF/Citizen_corner/ph/ExeSumEngPerumal26624.pdf,https://www.tnpcb.gov.in/PDF/Citizen_corner/ph/EIARptEngPerumal26624.pdf
"M/s.S.Abdul Jabbar Rough Stone & Gravel Quarry, S.F.No.44/9(P), 45(P), 46/1 & 47/3(P) of Kurunallipalayam Village, Kinathukadavu Taluk, Coimbatore District.",Proposed Rough Stone & Gravel Quarry covering overall extent of 2.16.5 Ha.,05.08.2024@ 11.00 AM,"M/s.Kamatchi Thirumana Mandapam(SK Mahal), Karur Vysya Bank Backside, Vadasithur, Coimbatore-641202.","The District Environmental Engineer,Tamilnadu Pollution Control Board,Coimbatore South, E-55A, SIDCO Industrial Estate, Pollachi main road, Kurichi, Coimbatore-641021.",https://www.tnpcb.gov.in/PDF/Citizen_corner/ph/ExeSumEngAbdul1724.pdf,https://www.tnpcb.gov.in/PDF/Citizen_corner/ph/EIARptEngAbdul1724.pdf
"M/s.M.Rajesh Rough Stone & Gravel Quarry, S.F.No.405/2, 406/1A, 406/1B1A, 4061B1B, 406/1C1 & 406/2A of Panapatti Village, Kinathukadavu Taluk, Coimbatore District.",Proposed Rough stone & Gravel Quarry covering overall extent of 4.09.0 Ha.,05.08.2024@ 03.00 PM,"M/s.Easwari Mini Hall, Nearby Weekly Market, Negamam Road, Vadasithur-641202.","The District Environmental Engineer,Tamilnadu Pollution Control Board, Coimbatore South, E-55A, SIDCO Industrial Estate, Pollachi main road, Kurichi, Coimbatore-641021.",https://www.tnpcb.gov.in/PDF/Citizen_corner/ph/ExeSumEngRajesh28624.pdf,https://www.tnpcb.gov.in/PDF/Citizen_corner/ph/EIARptEngRajesh28624.pdf
"M/s.M.Kowshik Dhev Colour Granite Quarry, S.F.333(part), Shoolamalai Village, Bargur Taluk, Krishnagiri District.",Proposed Colour Granite Quarry lease over an Extent of 1.98.0 Ha,31.07.2024@ 11.00 AM,"M/s.Sri Maheshwari Mahal, D.No.1/190, NH-77, Thiruvanamalli Main Road, Anchoore Village, Bargur Taluk, Krishnagiri District-635104.","The District Environmental Engineer,Tamilnadu Pollution Control Board, Plot No.149-A, Ist Floor, SIPCOT Industrial Complex, Phase-I, Hosur-635126 Krishnagiri District.",https://www.tnpcb.gov.in/PDF/Citizen_corner/ph/ExeSumEngsoolamali26624.pdf,https://www.tnpcb.gov.in/PDF/Citizen_corner/ph/EIARptEngsoolamali26624.pdf
"M/s.Sri Devaraajaa M Sand Rough Stone Quarry, S.F.No.78/1A(P), 78/1B(P), Kothapetta Village, Krishnagiri Taluk & District.",Proposed Rough Stone Quarry lease over an Extent of 4.00.0 Ha,30.07.2024@ 11.00 AM,"M/s.Kurinji Mahal A/c. Dharga Road-Metpenda Salai, (Near Tollgate), Krishnagiri District-635001.","The District Environmental Engineer,Tamilnadu Pollution Control Board, Plot No.149-A, Ist Floor, SIPCOT Industrial Complex, Phase-I, Hosur-635126 Krishnagiri District.",https://www.tnpcb.gov.in/PDF/Citizen_corner/ph/ExeSumEngKothapetta26624.pdf,https://www.tnpcb.gov.in/PDF/Citizen_corner/ph/EIARptEngKothapetta26624.pdf
"M/s.S.Subburaj Rough Stone & Gravel Quarry, S.F.No.43/1A, 1B(P), & 45/1A1, 1A2(P), Appayanickenpatti Village, Vembakottai Taluk, Virudhunagar District.",Fresh Quarrying proposal in over an extent of 1.58.0 Ha.,30.07.2024@ 11.00 AM,"M/s.Perunthalaivar Kamarajar Thirumana mahal, Door No.4/297, Melanmarainadu Village, Vembakottai Taluk, Virudhunagar District.","The District Environmental Engineer,Tamilnadu Pollution Control Board, No.23, Collectorate Campus, Virudhunagar-626002.",https://www.tnpcb.gov.in/PDF/Citizen_corner/ph/ExeSumEngSubbura18624.pdf,https://www.tnpcb.gov.in/PDF/Citizen_corner/ph/EIARptEngSubbura18624.pdf
"M/s.K.Anantha Perumal, Rough Stone and Gravel Quarry, S.F.No.414/1, 415A/1A & 415A/2A of Palamadai Village, Tirunelveli Taluk, Tirunelveli District.",over an extent of 6.60.5 Ha.,25.07.2024@ 10.00 AM,"Nambi Mahal, Madurai old bypass road, Gangaikondan, Tirunelveli District-627352","The District Environmental Engineer,Tamilnadu Pollution Control Board, 30/2, SIDCO Industrial Estate, Pettai, Tirunelveli-627010",https://www.tnpcb.gov.in/PDF/Citizen_corner/ph/ExeSumEngAnanthaperumal22624.pdf,https://www.tnpcb.gov.in/PDF/Citizen_corner/ph/EIARptEngAnanthaperumal22624.pdf
"M/s.M.S.Vijaya Ragul, Rough Stone and Gravel Quarry, S.F.No.200/2, 201/2 and 204/1B2 of Omanallur Village, Cheranmahadevi Taluk, Tirunelveli District.",over an extent of 3.31.50 Ha.,24.07.2024@ 10.00 AM,"Nainar Mahal, 1-A, Ambai main road, Mela Karungulam, Muneerpallam P.O, Palayamkottai Taluk, Tirunelveli District-627006.","The District Environmental Engineer,Tamilnadu Pollution Control Board, 30/2, SIDCO Industrial Estate, Pettai, Tirunelveli-627010",https://www.tnpcb.gov.in/PDF/Citizen_corner/ph/ExeSumEngSadhana20624.pdf,https://www.tnpcb.gov.in/PDF/Citizen_corner/ph/EIARptEngVijayaRaghul22624.pdf
"M/s.P.Sudha Rough Stone Quarry, S.F.No.265(part-2), Mathakondapalli Village, Denkanikottai Taluk, Krishnagiri District.",Proposed Rough Stone Quarry lease over an etent of 2.50.0 Ha(Govt.Poramboke land),23.07.2024@ 11.00 AM,"M/s.Bettadhamma Samudhaya Bhavana, Near Bettadhamma Kovil, Kappakal Village, Kalukondapalli Village Panchayat, Denkanikottai Taluk, Krishnagiri District-635110","The District Environmental Engineer,Tamilnadu Pollution Control Board, Plot No.149-A, Ist Floor, SIPCOT Industrial Complex, Phase-I, Hosur-635126 Krishnagiri District.",https://www.tnpcb.gov.in/PDF/Citizen_corner/ph/ExeSumEngSudha20624.pdf,https://www.tnpcb.gov.in/PDF/Citizen_corner/ph/EIARptEngSudha20624.pdf
"M/s.State Industries Promotion Corporation of Tamil Nadu Ltd, Adhagapadi Village of Dharmapuri Taluk & Adhiyamankottai, Thadangam and Balajangamanahalli Villages of Nallampalli Taluk, Dharmapuri District.",Development of industrial Park.,11.06.2024@ 11.00 AM,"K.J.Plaza(A/C) Salem main road, Errapatti Bus Stop, A,Jettihalli Village, Nalampalli Taluk, Dharmapuri District.","The District Environmental Engineer,Tamilnadu Pollution Control Board,Adhiyamankottai-Hosur bye pass road, A.Reddihalli Village, Dharmapuri Taluk, Dharmapuri District-636809.",https://www.tnpcb.gov.in/PDF/Citizen_corner/ph/ExeSumEngSIPC11324.pdf,https://www.tnpcb.gov.in/PDF/Citizen_corner/ph/EIARptEngSIPC11324.pdf
"M/s.Vishnusurya Projects and Infra Pvt Ltd, Rough Stone & Gravel Quarry, S.F.No.121/1A, 121/1B, 128/1, 128/2A, 128/2B, 128/2C & 128/2D, Puliyuran Village, Aruppukottai Taluk, Virudhunagar District.",Proposed Rough Stone Quarry over an extent of 11.77.0 Ha(Cluster area of 21.24 Ha),29.02.2024@ 11.00 AM,"M/s.Kalyana Mandapam - Puliyuran Panchayat(Next to Chiththantha Gurunatha Swamy Temple)Puliyuran Village, Aruppukkottai Taluk, Virudhunagar District.","The District Environmental Engineer,Tamilnadu Pollution Control Board, No.23, Collectorate Campus, Virudhunagar-626002.",https://www.tnpcb.gov.in/PDF/Citizen_corner/ph/ExeSumEngVishnusuriya24124.pdf,https://www.tnpcb.gov.in/PDF/Citizen_corner/ph/EIARptEngVishnusuriya24124.pdf
"M/s.V.Thulasiammal Rough Stone & Gravel Quarry, S.F.No.34/1, Palathurai Village, Madukkarai Taluk, Coimbatore District.",Proposed quarrying of 3.86.50 Hectares.,28.02.2024@ 11.00 AM,"M/s.V.R.V Kalyana Mandapam, Velanthavalm Road, Othakkalmandapam Via, Nachipalayam, Coimbatore-641032.","The District Environmental Engineer,Tamilnadu Pollution Control Board, Coimbatore South, E-55A, SIDCO Industrial Estate, Pollachi main road, Kurichi, Coimbatore-641021",https://www.tnpcb.gov.in/PDF/Citizen_corner/ph/ExeSumEngThulasi24124.pdf,https://www.tnpcb.gov.in/PDF/Citizen_corner/ph/EIARptEngThulasi24124.pdf
"M/s.Sangilikaradu kalvudaikkum Magalir Nalasangam, S.F.No.1372/1(part-1), Kamayagoundanpatti Village, Uthamapalayam Taluk, Theni District.",over an extent of 2.63.0 Ha,27.02.2024@ 10.00 AM,"K.K.S Meeting Hall, Suruli main road, Kamayagoundanpatti, Uthamapalayam Taluk, Theni District-625521.","The District Environmental Engineer,Tamilnadu Pollution Control Board, SAR Complex, 15-4-12A-3, Boothipuram Road, Theni District-625531.",https://www.tnpcb.gov.in/PDF/Citizen_corner/ph/ExeSumEngSangilikaradu24124.pdf,https://www.tnpcb.gov.in/PDF/Citizen_corner/ph/EIARptEngSangilikaradu24124.pdf
"M/s.K.K.Patti Kaludayukum Magalir Sangam, S.F.No.1372/1(part-2), Kamayagoundanpatti Village, Uthamapalayam Taluk, Theni District.",over an extent of 2.37.0 Ha,27.02.2024@ 10.00 AM,"K.K.S Meeting Hall, Suruli main road, Kamayagoundanpatti, Uthamapalayam Taluk, Theni District-625521.","The District Environmental Engineer,Tamilnadu Pollution Control Board, SAR Complex, 15-4-12A-3, Boothipuram Road, Theni District-625531.",https://www.tnpcb.gov.in/PDF/Citizen_corner/ph/ExeSumEngKKPatti24124.pdf,https://www.tnpcb.gov.in/PDF/Citizen_corner/ph/EIARptEngKKPatti24124.pdf
"M/s.Annai Sathya Magalir Suya Uthavikuzhu, S.F.No.1372/1(part-3), Kamayagoundanpatti Village, Uthamapalayam Taluk, Theni District.",over an extent of 1.00.0 Ha,27.02.2024@ 10.00 AM,"K.K.S Meeting Hall, Suruli main road, Kamayagoundanpatti, Uthamapalayam Taluk, Theni District-625521.","The District Environmental Engineer,Tamilnadu Pollution Control Board, SAR Complex, 15-4-12A-3, Boothipuram Road, Theni District-625531.",https://www.tnpcb.gov.in/PDF/Citizen_corner/ph/ExeSumEngAnnaiSathiya24124.pdf,https://www.tnpcb.gov.in/PDF/Citizen_corner/ph/EIARptEngAnnaiSathiya24124.pdf
"M/s.Annai Theresa Kaludayukum Magalir Nala Munnetra Sangam, S.F.No.1372/1(part-4), Kamayagoundanpatti Village, Uthamapalayam Taluk, Theni District.",over an extent of 2.50.0 Ha,27.02.2024@ 10.00 AM,"K.K.S Meeting Hall, Suruli main road, Kamayagoundanpatti, Uthamapalayam Taluk, Theni District-625521.","The District Environmental Engineer,Tamilnadu Pollution Control Board, SAR Complex, 15-4-12A-3, Boothipuram Road, Theni District-625531.",https://www.tnpcb.gov.in/PDF/Citizen_corner/ph/ExeSumEngAnnaiTherasa24124.pdf,https://www.tnpcb.gov.in/PDF/Citizen_corner/ph/EIARptEngAnnaiTherasa24124.pdf
"M/s.Varumaikkotterku Keelvaalum Magalir Suyauthavikuzhu S.F.No.1372/1(part-5), Kamayagoundanpatti Village, Uthamapalayam Taluk, Theni District.",over an extent of 2.50.0 Ha,27.02.2024@ 10.00 AM,"K.K.S Meeting Hall, Suruli main road, Kamayagoundanpatti, Uthamapalayam Taluk, Theni District-625521.","The District Environmental Engineer,Tamilnadu Pollution Control Board, SAR Complex, 15-4-12A-3, Boothipuram Road, Theni District-625531.",https://www.tnpcb.gov.in/PDF/Citizen_corner/ph/ExeSumEngVarumaikotterku24124.pdf,https://www.tnpcb.gov.in/PDF/Citizen_corner/ph/EIARptEngVarumaikotterku24124.pdf
"M/s.Sangili Karuppan Thanneer parai kaludaikum Magalir Nalasangam S.F.No.1372/1(part-6), Kamayagoundanpatti Village, Uthamapalayam Taluk, Theni District.",over an extent of 2.50.0 Ha,27.02.2024@ 10.00 AM,"K.K.S Meeting Hall, Suruli main road, Kamayagoundanpatti, Uthamapalayam Taluk, Theni District-625521.","The District Environmental Engineer,Tamilnadu Pollution Control Board, SAR Complex, 15-4-12A-3, Boothipuram Road, Theni District-625531.",https://www.tnpcb.gov.in/PDF/Citizen_corner/ph/ExeSumEngSangiliKaruppan24124.pdf,https://www.tnpcb.gov.in/PDF/Citizen_corner/ph/EIARptEngSangiliKaruppan24124.pdf
"M/s.Bradken India Pvt Ltd, S.F.No.51/1A, 51/1B, 53/1A, 53/2, 58/1, 58/2, 59/2A, 59/2B, 60, 61/2, 57/1A, 54, 55/3, Orattukuppai Village, Madukkarai Taluk, Coimbatore District.","Proposed quantity of Ferrous Castings from 23,166 TPA to 57,600 TPA and Composite Mill Liners from 27,000 TPA to 50, 000 TPA for Expansion of Foundary",26.02.2024@ 11.00 AM,"M/s.K P R Marriage Mahal, Orattukuppai Village, Chettipalayam, Coimbatore-641201.","The District Environmental Engineer,Tamilnadu Pollution Control Board, Coimbatore South, E-55A, SIDCO Industrial Estate, Pollachi main road, Kurichi, Coimbatore-641021",https://www.tnpcb.gov.in/PDF/Citizen_corner/ph/ExeSumEngBradken24124.pdf,https://www.tnpcb.gov.in/PDF/Citizen_corner/ph/EIARptEngBradken24124.pdf
"M/s.Tamil Nadu Cements Corporation Limited, S.F.Nos. 350, 351/1A, 351/4A, 351/7A, 351/12A, 356, 357, 359, 361, 365/1, 365/19, 366/1, 367, 368, 369/1A, 369/3, 370/1A & 370/8 of Pudupalayam Village, Ariyalur Taluk, Ariyalur District.",Proposed Limekankar & Limestone Quarry over an extent of 22.89.0 Ha,24.02.2024@ 04.00 PM,"Pari Mahal, Trichy-Chidambaram National Highway, Opposite of Thelur EB Office, Thelur Village & Post, Ariyalur Taluk, Ariyalur District-621704","The District Environmental Engineer,Tamilnadu Pollution Control Board, No.4/326, Trichy Main Road, Near by RTO Office, Keelapalur Village,Ariyalur Taluk, Ariyalur District - 621 707 .",https://www.tnpcb.gov.in/PDF/Citizen_corner/ph/ExeSumEngTNCements350_3523.pdf,
"M/s.Tamil Nadu Cements Corporation Limited, S.F.Nos.229/3A, 230/2A, 237/1, 237/4A, 240/1, 240/5A, 241/1A, 244/1A, 245/1A, 245/5A, 267/1A, etc.,of Pudupalayam Village, Ariyalur Taluk, Ariyalur District.",Proposed Limekankar & Limestone Quarry over an extent of 23.02.5 Ha,24.02.2024@ 02.00 PM,"Pari Mahal, Trichy-Chidambaram National Highway, Opposite of Thelur EB Office, Thelur Village & Post, Ariyalur Taluk, Ariyalur District-621704","The District Environmental Engineer,Tamilnadu Pollution Control Board, No.4/326, Trichy Main Road, Near by RTO Office, Keelapalur Village,Ariyalur Taluk, Ariyalur District - 621 707 .",https://www.tnpcb.gov.in/PDF/Citizen_corner/ph/ExeSumEngTNCements229_3523.pdf,
"M/s.Tamil Nadu Cements Corporation Limited, S.F.Nos.222/1, 222/2A, 222/11A, 225, 226/1A, 226/7, 227/1, 233/1, 236/1A, 236/9 & 239 of Pudupalayam Village, Ariyalur Taluk, Ariyalur District.",Proposed Limekankar & Limestone Quarry over an extent of 23.35.0 Ha,24.02.2024@ 11.30 AM,"Pari Mahal, Trichy-Chidambaram National Highway, Opposite of Thelur EB Office, Thelur Village & Post, Ariyalur Taluk, Ariyalur District-621704","The District Environmental Engineer,Tamilnadu Pollution Control Board, No.4/326, Trichy Main Road, Near by RTO Office, Keelapalur Village,Ariyalur Taluk, Ariyalur District - 621 707 .",https://www.tnpcb.gov.in/PDF/Citizen_corner/ph/ExeSumEngTNCements222_3523.pdf,
"M/s.Tamil Nadu Cements Corporation Limited, S.F.Nos.144,217/1A,217/1C, 217/2, 217/3A, 217/3B, 217/4, 217/5, 217/6, 218/1, 219/1, etc., of Pudupalayam Village, Ariyalur Taluk, Ariyalur District.",Proposed Limekankar & Limestone Quarry over an extent of 22.96.0 Ha,24.02.2024@ 09.30 AM,"Pari Mahal, Trichy-Chidambaram National Highway, Opposite of Thelur EB Office, Thelur Village & Post, Ariyalur Taluk, Ariyalur District-621704","The District Environmental Engineer,Tamilnadu Pollution Control Board, No.4/326, Trichy Main Road, Near by RTO Office, Keelapalur Village,Ariyalur Taluk, Ariyalur District - 621 707 .",https://www.tnpcb.gov.in/PDF/Citizen_corner/ph/ExeSumEngTNCements144_3523.pdf,
"M/s.Tamilnadu Cements Corporation Ltd(Alangulam Limestone Mines-I, G.O.No.427 Date 19.03.1980), Alangulam, Lakshmipuram and Edirkottai Villages of Vembakottai Taluk, Naranapuram, Pernaickenpatti and Duraisamypuram Villages of Sivakasi Taluk, Virudhunagar District.",Proposed Limestone Quarry over an extent of 268.80.00 Ha.,22.02.2024@ 01.00 PM,"M/s.Periyathai Kandasamy Kalyana Mandapam, 3/367-A, Manavalan Thottam, Alangulam Village, Rajapalayam Via, Vembakottai Taluk, Virudhunagar District-626127","The District Environmental Engineer,Tamilnadu Pollution Control Board, No.23, Collectorate Campus, Virudhunagar-626002.",https://www.tnpcb.gov.in/PDF/Citizen_corner/ph/ExeSumEngTNCements268_12124.pdf,https://www.tnpcb.gov.in/PDF/Citizen_corner/ph/EIARptEngTNCements268_12124.pdf
"M/s.Tamilnadu Cements Corporation Ltd(Alangulam Limestone Mines-II, G.O.No.871 Date 20.08.1990), Lakshmipuram, Gopalapuram and Vadakarai Villages of Vembakottai Taluk, Virudhunagar District.",Proposed Limestone Quarry over an extent of 420.25.0 Ha.,22.02.2024@ 12.00 PM,"M/s.Periyathai Kandasamy Kalyana Mandapam, 3/367-A, Manavalan Thottam, Alangulam Village, Rajapalayam Via, Vembakottai Taluk, Virudhunagar District-626127","The District Environmental Engineer,Tamilnadu Pollution Control Board, No.23, Collectorate Campus, Virudhunagar-626002.",https://www.tnpcb.gov.in/PDF/Citizen_corner/ph/ExeSumEngTNCements420_12124.pdf,https://www.tnpcb.gov.in/PDF/Citizen_corner/ph/EIARptEngTNCements420_12124.pdf
"M/s.Tamilnadu Cements Corporation Ltd(Alangulam Limestone Miness, G.O.No.215 Date 18.09.1995), Alangulam and Lakshmipuram Villages of Vembakottai Taluk, Virudhunagar District.",Proposed Limestone Quarry over an extent of 180.83.0 Ha.,22.02.2024@ 11.00 AM,"M/s.Periyathai Kandasamy Kalyana Mandapam, 3/367-A, Manavalan Thottam, Alangulam Village, Rajapalayam Via, Vembakottai Taluk, Virudhunagar District-626127","The District Environmental Engineer,Tamilnadu Pollution Control Board, No.23, Collectorate Campus, Virudhunagar-626002.",https://www.tnpcb.gov.in/PDF/Citizen_corner/ph/ExeSumEngTNCements180_12124.pdf,https://www.tnpcb.gov.in/PDF/Citizen_corner/ph/EIARptEngTNCements180_12124.pdf
"M/s.Common Bio-Medical Waste Treatement Facility, Plot No.C-6, SIPCOT Industrial Park, Seikalathur Village, Manamadurai Taluk, Sivagangai District.",Common Bio-Medical Waste Treatement Facility,21.02.2024@ 10.30 AM,"M/s.Sri Alagar Thirumana Mahal, Highway Department Inspection Bugalow Opposite, Sivagangai main road, Manamadurai, Manamadurai Taluk, Sivagangai District.","The District Environmental Engineer,Tamilnadu Pollution Control Board, Collectorate Complex, Sivagangai-630562",https://www.tnpcb.gov.in/PDF/Citizen_corner/ph/ExeSumEngCBWTF12124.pdf,https://www.tnpcb.gov.in/PDF/Citizen_corner/ph/EIARptEngCBWTF12124.pdf
"M/s.C.Ammavasai Rough Stone Quarry, S.F.No.118/4, 118/5, 118/6A & 119/3, Sevvur Village, Thiruppathur Taluk, Sivagangai District.",Extent of 0.98.0 Ha.,16.02.2024@ 10.30 AM,"M/s.Athirampatti Community Hall, Athirampatti Village, Thiruppathur Taluk, Sivagangai District.","The District Environmental Engineer,Tamilnadu Pollution Control Board, Collectorate Complex, Sivagangai-630562",https://www.tnpcb.gov.in/PDF/Citizen_corner/ph/ExeSumEngAmmavasai10124.pdf,https://www.tnpcb.gov.in/PDF/Citizen_corner/ph/EIARptEngAmmavasai10124.pdf
"M/s.R.Chempakadevi, S.F.No.44/1(P), 44/5(P), 44/6, 44/7 & 44/8, Sundakottai Village, Aruppukottai Taluk, Virudhunagar District.",Proposed Rough Stone and Gravel Quarry over an extent of 1.50.0 Ha.,15.02.2024@ 11.00 AM,"M/s.Sathya Mahal, 1/117A, Aruppukottai-Sayalgudi main road, M.Reddiapatti-626118, Aruppukottai Taluk, Virudhunagar District.","The District Environmental Engineer,Tamilnadu Pollution Control Board, No.23, Collectorate Campus, Virudhunagar-626002.",https://www.tnpcb.gov.in/PDF/Citizen_corner/ph/ExeSumEngChempakadevi10124.pdf,https://www.tnpcb.gov.in/PDF/Citizen_corner/ph/EIARptEngChempakadevi10124.pdf
"M/s.T.Kumaresh Rough Stone & Gravel Quarry, S.F.No.388/1A2(P) of Kolumankondan Village, Palani Taluk, Dindigul District.",Proposal over an extent of 2.33.10 Ha(Patta land),07.02.2024@ 11.00 AM,"Shri.J.K.P Thirumana Mahal, 167, Nagoor Pirivu, Thalayam(post), Palani Taluk, Dindigul District.","The District Environmental Engineer,Tamilnadu Pollution Control Board, Collector Office Campus, Dindigul-624004.",https://www.tnpcb.gov.in/PDF/Citizen_corner/ph/ExeSumEngKumaresh211223.pdf,https://www.tnpcb.gov.in/PDF/Citizen_corner/ph/EIARptEngKumaresh211223.pdf
"M/s.K.Sangeetha Rough Stone & Gravel Quarry, S.F.No.423/2(P) of Vadapudur Village, Kinathukadavu Taluk, Coimbatore District.",Proposed Rough Stone & Gravel Quarry covering overall extent of 2.36.5 Ha.,01.02.2024@ 11.00 AM,"M/s.S.V.Mahal, Old Check Post, Kinathukadavu & Taluk, Coimbatore District.","The District Environmental Engineer,Tamilnadu Pollution Control Board, Coimbatore South, E-55A, SIDCO Industrial Estate, Pollachi main road, Kurichi, Coimbatore-641021.",https://www.tnpcb.gov.in/PDF/Citizen_corner/ph/ExeSumEngSangeetha231223.pdf,https://www.tnpcb.gov.in/PDF/Citizen_corner/ph/EIARptEngSangeetha231223.pdf
"M/s.S.Kuppusamy Rough Stone & Gravel Quarry, S.F.No.764/3, 765/3,766/1,766/2, 766/3A, 767/1 & 767/2A, Anjur Village, Pugalur Taluk, Karur District.",Over an Extent of 4.82.70 Hectares.,01.02.2024@ 11.00 AM,"S.K.Subramani Valaagam (Temporary shed) SF No 569 A, Kangeyam-Kodumudi Road, Rengasamy Kovil, Kolanthapalayam, Anjur Village, Pugalur Taluk, Karur District.","The District Environmental Engineer,Tamilnadu Pollution Control Board, L.G.B Nagar, Arivuthirukkovil Road, Karur-639002.",https://www.tnpcb.gov.in/PDF/Citizen_corner/ph/ExeSumEngKuppusamy151223.pdf,https://www.tnpcb.gov.in/PDF/Citizen_corner/ph/EIARptEngKuppusamy151223.pdf
"M/s.P.Sampathkumar Rough Stone & Gravel Quarry, S.F.No.759/2(P) ,761/2(P), 3(P), 762/2, 3, 763/2, 3, Anjur Village, Pugalur Taluk, Karur District.",Over an Extent of 4.81.5 Hectares.,01.02.2024@ 12.00 PM,"S.K.Subramani Valaagam (Temporary shed) SF No 569 A, Kangeyam-Kodumudi Road, Rengasamy Kovil, Kolanthapalayam, Anjur Village, Pugalur Taluk, Karur District.","The District Environmental Engineer,Tamilnadu Pollution Control Board, L.G.B Nagar, Arivuthirukkovil Road, Karur-639002.",https://www.tnpcb.gov.in/PDF/Citizen_corner/ph/ExeSumEngSampath151223.pdf,https://www.tnpcb.gov.in/PDF/Citizen_corner/ph/EIARptEngSampath151223.pdf
"M/s.Mahimandalam Black Granite Quarry, Survey No.917(P), & 921(P), Mahimandalam Village, Katpadi Taluk, Vellore District.",Proposed Mahimandalam Black Granite Quarry over an extent of 166.92.0 Ha .,31.01.2024@ 11.00 AM,"M/s.Government Health Sub-centre Ground (Near Bus Stop) Mahimandalam Village, Katpadi Taluk, Vellore District-632516","The District Environmental Engineer,Tamilnadu Pollution Control Board,Auxilium College Road, Opp.Auxilium College, Gandhi Nagar, Vellore-632006.",https://www.tnpcb.gov.in/PDF/Citizen_corner/ph/ExeSumEngMahimandalam231223.pdf,https://www.tnpcb.gov.in/PDF/Citizen_corner/ph/EIARptEngMahimandalam231223.pdf
"M/s.Natural Stone Industry, S.F.No.220/1(part-1), Gopanapalli Village, Hosur Taluk, Krishnagiri District.",Proposed Rough Stone Quarry lease over an extent of 3.00.00 Ha.,31.01.2024@ 11.00 AM,"M/s.Kala Mahal Kelamangalam- Hosur Road, Kelamangalam Village, Denkanikottai Taluk, Krishnagiri District-635113.","The District Environmental Engineer,Tamilnadu Pollution Control Board, Plot No.149-A, Ist Floor, SIPCOT Industrial Complex, Phase-I, Hosur-635 126. Krishnagiri District.",https://www.tnpcb.gov.in/PDF/Citizen_corner/ph/ExeSumEngNaturalKrish211223.pdf,https://www.tnpcb.gov.in/PDF/Citizen_corner/ph/EIARptEngNaturalKrish211223.pdf
"M/s.S.Ramachandran, S.F.No.672/3, 674, 675/2, 676/3, Ethirkottai Village, Vembakottai Taluk, Virudhunagar District.",Proposed Rough Stone & Gravel Quarry over an extent of 2.28.0 Ha.,30.01.2024@ 11.00 AM,"S.M.Match Traders Premises(Kavitha MAtch Works), E.T.Rediapatti Village, Vembakottai Taluk, Virudhunagar District.","The District Environmental Engineer,Tamilnadu Pollution Control Board, No.23, Collectorate Campus, Virudhunagar-626002.",https://www.tnpcb.gov.in/PDF/Citizen_corner/ph/ExeSumEngRamachandran211223.pdf,https://www.tnpcb.gov.in/PDF/Citizen_corner/ph/EIARptEngRamachandran211223.pdf
"M/s.Annai Blue Metals Rough Stone & Gravel Quarry, S.F.No.682(part), Kuppam Village, Pugalur Taluk, Karur District.",Over an Extent of 1.92.0 Hectares.,30.01.2024@ 11.00 AM,"Murugan Thirumana Mandapam, No.198/1, Athipalayam Road, Kuppam Village, Pugalur Taluk, Karur District.","The District Environmental Engineer,Tamilnadu Pollution Control Board, L.G.B Nagar, Arivuthirukkovil Road, Karur-639002.",https://www.tnpcb.gov.in/PDF/Citizen_corner/ph/ExeSumEngAnnaiblue151223.pdf,https://www.tnpcb.gov.in/PDF/Citizen_corner/ph/EIARptEngAnnaiblue151223.pdf
"M/s.S.Rathinam, S.F.No.84/2C1, 2D1, 2E1, 2D2A, 2E2, 2J, 2K & 2L of Kallanai Village, Kallikudi Taluk, Madurai District.",Proposed Rough Stone Quarry lease over an extent of 2.02.0 Ha.,25.01.2024@ 11.00 AM,"M/s.Pothu Vinayaga Mahal, Ulagani, Kallikudi Taluk, Madurai District.","The District Environmental Engineer,Tamilnadu Pollution Control Board, Kappalur, Madurai-625008.",https://www.tnpcb.gov.in/PDF/Citizen_corner/ph/ExeSumEngRathinam201223.pdf,https://www.tnpcb.gov.in/PDF/Citizen_corner/ph/EIARptEngRathinam201223.pdf
"M/s.Sekhar Mines, Varavanai Lime Stone Quarry, S.F.No.835/3, 836(P), & 837/1B, Varavanai Village, Kulithalai Taluk(presently Kadavur Taluk), Karur District.",Over an extent of 2.24.0 Hectares.,23.01.2024@ 11.00 AM,"Vasandham Mahal, Palayam main Road, E.B.Office Near, Chinthamanipatty, Keelapaguthi Village, Kadavur Taluk, Karur District.","The District Environmental Engineer,Tamilnadu Pollution Control Board, L.G.B Nagar, Arivuthirukkovil Road, Karur-639002.",https://www.tnpcb.gov.in/PDF/Citizen_corner/ph/ExeSumEngSekhar224_201223.pdf,https://www.tnpcb.gov.in/PDF/Citizen_corner/ph/EIARptEngSekhar224_201223.pdf
"M/s.Sekhar Mines, Varavanai Lime Stone Quarry, S.F.No.833/4B, 836(P), & 843/2, Varavanai Village, Kulithalai Taluk(presently Kadavur Taluk), Karur District.",Over an extent of 1.90.5 Hectares.,23.01.2024@ 11.00 AM,"Vasandham Mahal, Palayam main Road, E.B.Office Near, Chinthamanipatty, Keelapaguthi Village, Kadavur Taluk, Karur District.","The District Environmental Engineer,Tamilnadu Pollution Control Board, L.G.B Nagar, Arivuthirukkovil Road, Karur-639002.",https://www.tnpcb.gov.in/PDF/Citizen_corner/ph/ExeSumEngSekhar190_201223.pdf,https://www.tnpcb.gov.in/PDF/Citizen_corner/ph/EIARptEngSekhar190_201223.pdf
"M/s.K.Silambarasan, S.F.No.352/2(part-1), Sokkampatti Village, Melur Taluk, Madurai District.",Proposed Rough Stone Quarry lease over an extent of 2.02.0 Ha.,23.01.2024@ 11.00 AM,"M/s.Mangai Pagar Thenammai Mandram, (Aruviyur Vadakku Valavu Nagarathar Sangam), Chokkampatti, Melur Taluk, Madurai District.","The District Environmental Engineer,Tamilnadu Pollution Control Board, Kappalur, Madurai-625008.",https://www.tnpcb.gov.in/PDF/Citizen_corner/ph/ExeSumEngSilambarasan201223.pdf,https://www.tnpcb.gov.in/PDF/Citizen_corner/ph/EIARptEngSilambarasan201223.pdf
"M/s.S.Growth Alliances LLP, S.F.No.58/1, 58/2, 59/1A,(pt), 59/1B(pt), Melapakkam Village, Uthiramerur Taluk, Kancheepuram District.","Common Bio-Medical Waste Treatement & Disposal Facility by M/s.S.Growth Alliances LLP. Latitude:12 0 38'35.6""N Longitude:79 0 42'11.9""E",23.01.2024@ 10.30 AM,"project site of M/s.S.Growth Alliances LLP, S.F.No.58/1, 58/2, 59/1A,(pt), 59/1B(pt), Melapakkam Village, Uthiramerur Taluk, Kancheepuram District. (About 1.0 KM from the Kaliyampoondi bus stop in Kaliyampoondi to perunagar Road).","The District Environmental Engineer,Tamilnadu Pollution Control Board, Plot.No.CP-5B, SIPCOT, Oragadam, Sriperumbudur Taluk, Kancheepuram District-602105",https://www.tnpcb.gov.in/PDF/Citizen_corner/ph/ExeSumEngGrowthAlliances131223.pdf,https://www.tnpcb.gov.in/PDF/Citizen_corner/ph/EIARptEngGrowthAlliances131223.pdf
"M/s.K.Subbaih Rough Stone & Gravel Quarry, S.F.No.507 & 508, Therkukaraseri Village, Srivaikundam Taluk, Thoothukudi District.",Over an Extent of 4.21.5 Ha.,19.01.2024@ 11.00 AM,"M/s.SPR Mahaal, Munainjipatti main road, Lakshmi Narayanapuram, Serakulam Panchayat, Srivaikundam Taluk, Thoothukudi District-628622.","The District Environmental Engineer,Tamilnadu Pollution Control Board, C7 & C9, SIPCOT Industrial Complex, Meelavittan, Thoothukudi-628008.",https://www.tnpcb.gov.in/PDF/Citizen_corner/ph/ExeSumEngSubbaiah181223.pdf,https://www.tnpcb.gov.in/PDF/Citizen_corner/ph/EIARptEngSubbaiah181223.pdf
"M/s.Naraj Blue Metals Pvt LTd, S.F.No.264/2(P), 264/3A(P), 267/1B, 267/2(P), 267/3 of Akkinampattu Village, Cheyyur Taluk, Chengalpattu District.",Extent of 4.32.10 Ha.,05.01.2024@ 11.00 AM,"Jayanthi Mahal, Koovathur, SH-49, East Coast Road, Chengalpattu District-603305.","The District Environmental Engineer,Tamilnadu Pollution Control Board, Maraimalai Adigalar Street, Maralmalai Naga, Chengalpattu District-603209.",https://www.tnpcb.gov.in/PDF/Citizen_corner/ph/ExeSumEngNaraj11223.pdf,https://www.tnpcb.gov.in/PDF/Citizen_corner/ph/EIARptEngNaraj11223.pdf
"M/s.R.Anugrahaprasath Rough Stone & Gravel Quarry, S.F.No.492/2A(P), 492/2B(P), 492/2C(P),492/2D(P), 493/1A2,(P), 493/1B(P) and 493/1C(P) of pakkam Village, Maduranthagam Taluk, Chengalpattu District.",Extent of 1.25.0 Ha.,04.01.2024@ 11.00 AM,"M/s.JMJ Marina Palace, GST Road, Silavattam, near Maduranthagam Taluk, Chengalpattu District.","The District Environmental Engineer,Tamilnadu Pollution Control Board, Maraimalai Adigalar Street, Maralmalai Naga, Chengalpattu District-603209.",https://www.tnpcb.gov.in/PDF/Citizen_corner/ph/ExeSumEngAnugraha11223.pdf,https://www.tnpcb.gov.in/PDF/Citizen_corner/ph/EIARptEngAnugraha11223.pdf
"M/s.V.Maripandi Rough Stone & Gravel Quarry, S.F.Nos.155/3, 155/8B, 155/11, 155/13, 155/14, 155/15 & 155/16 of Kampaneri Puthukudi-I Village, Kadayanallur Taluk, Tenkasi District.",Proposed Rough Stone & Gravel Quarry extent of 2.23.0 Ha.,28.12.2023@ 10.30 AM,"Balasubramaniam Hall, Krishnapuram Main Road, Kadayanallur Taluk, Tenkasi District.","The District Environmental Engineer,Tamilnadu Pollution Control Board, No.30/2, SIDCO Industrial Estate, Pettai, Tirunelveli-627010",https://www.tnpcb.gov.in/PDF/Citizen_corner/ph/ExeSumEngMaripandi251123.pdf,https://www.tnpcb.gov.in/PDF/Citizen_corner/ph/EIARptEngMaripandi251123.pdf
"M/s.T.Tamilselvan Rough Stone & Gravel Quarry, S.F.Nos.80/2, 80/7, 80/8, 80/9, 80/10, 80/11, 80/12, 80/13, 80/14, 80/15, 80/16, 80/23, 80/36 & 207/6 of Melur Village, Kulathur Taluk, Pudukkottai District.",Proposed Rough Stone & Gravel Quarry extent of 4.54.0 Ha.,28.12.2023@ 11.30 AM,"Samuthayakoodam, Melur Village, Sathyamangalam Post, Kulathur Taluk, Pudukkottai District-622501.","The District Environmental Engineer,Tamilnadu Pollution Control Board, No.01, SIPCOT Industrial Complex, SIPCOT Post, Pudukkottai-622002.",https://www.tnpcb.gov.in/PDF/Citizen_corner/ph/ExeSumEngTamilselvan161123.pdf,https://www.tnpcb.gov.in/PDF/Citizen_corner/ph/EIARptEngTamilselvan161123.pdf
"M/s.R.Arockiya Raj Rough Stone & Gravel Quarry, S.F.Nos210/7A of Melur Village, Kulathur Taluk, Pudukkottai District.",Proposed Rough Stone & Gravel Quarry extent of 1.68.0 Ha.,28.12.2023@ 10.30 AM,"Samuthayakoodam, Melur Village, Sathyamangalam Post, Kulathur Taluk, Pudukkottai District-622501.","The District Environmental Engineer,Tamilnadu Pollution Control Board, No.01, SIPCOT Industrial Complex, SIPCOT Post, Pudukkottai-622002.",https://www.tnpcb.gov.in/PDF/Citizen_corner/ph/ExeSumEngArockiyaraj161123.pdf,https://www.tnpcb.gov.in/PDF/Citizen_corner/ph/EIARptEngArockiyaraj161123.pdf
"M/s.Sumuka Blue Metals & M.Samd, S.F.No.288(P), Venkateshapuram Village, Shoolagiri Taluk, Krishnagiri District.",Proposed Rough Stone Quarry lease over extent of 3.00.0 Ha.,27.12.2023@ 10.30 AM,"M/s.P.V.R-L.M.R Kalyana Mandapam, No.344/1, 344/2, Berikai Village, Theertham Road, Shoolagiri Taluk, Krishnagiri District-635105.","The District Environmental Engineer,Tamilnadu Pollution Control Board, Plot No.149-A, Ist Floor, SIPCOT Industrial Complex, Phase-I, Hosur-635126 Krishnagiri District.",https://www.tnpcb.gov.in/PDF/Citizen_corner/ph/ExeSumEngSumuka241123.pdf,https://www.tnpcb.gov.in/PDF/Citizen_corner/ph/EIARptEngSumuka241123.pdf
"M/s.B.Srikar Rough Stone & Gravel Quarry, S.F.No.79, Midithepalli Village, Shoolagiri Taluk, Krishnagiri District.",Proposed Rough Stone & Gravel Quarry lease over extent of 1.86.50 Ha.,27.12.2023@ 11.30 AM,"M/s.P.V.R-L.M.R Kalyana Mandapam, No.344/1, 344/2, Berikai Village, Theertham Road, Shoolagiri Taluk, Krishnagiri District-635105.","The District Environmental Engineer,Tamilnadu Pollution Control Board, Plot No.149-A, Ist Floor, SIPCOT Industrial Complex, Phase-I, Hosur-635126 Krishnagiri District.",https://www.tnpcb.gov.in/PDF/Citizen_corner/ph/ExeSumEngSrikar241123.pdf,https://www.tnpcb.gov.in/PDF/Citizen_corner/ph/EIARptEngSrikar241123.pdf
"M/s.A.Shanmugam Rough Stone & Gravel Quarry, S.F.No.19/7A, 19/7B, 19/12, 19/13, 19/14A, 19/14B & 119/1A in Thollamur & Nemili Village, Vanur Taluk,Villupuram District .",Proposed Rough Stone & Gravel Quarry in an extent of 3.66.45 Ha.,27.12.2023@ 11.00 AM,"M/s.Dhanalakshmi Mahal Perumbakkam Bus Stop, Pondy-Mailam Road, Karasanur Village, Vanur Taluk,Villupuram District-604304","The District Environmental Engineer,Tamilnadu Pollution Control Board, District Collectorate Master Plan Complex, Villupuram-605602.",https://www.tnpcb.gov.in/PDF/Citizen_corner/ph/ExeSumEngShanmugam211123.pdf,https://www.tnpcb.gov.in/PDF/Citizen_corner/ph/EIARptEngShanmugam211123.pdf
"M/s.Chennai Fishing Harbour Management Committee/ M/s.Chennai Port Authority, 3rd Floor, Old Administrative Office, No.1, Rajaji Salai, Chennai-600001.","Proposed modernization and upgradation of Chennai Fishing Harbour, Kasimedu.",19.12.2023@ 11.00 AM,"Ramjan Mahal, No.74/52, West Madha Church Street, Royapuram, Chennai-600013","The District Environmental Engineer,Tamilnadu Pollution Control Board, No.950/1, Poonamallee High Road, Arumbakkam, Chennai-600106.",https://www.tnpcb.gov.in/PDF/Citizen_corner/ph/ExeSumEngEngChennaiPortAuthority151123.pdf,https://www.tnpcb.gov.in/PDF/Citizen_corner/ph/EIARptEngChennaiPortAuthority151123.pdf
"M/s.G.Parameswari Rough Stone & Gravel Quarry, S.F.No.1092/1, 1094, 1095/1 & 1136/1, Thennilai West Village, Pugalur Taluk, Karur District.",over an extent of 9.55.14 Hectares.,19.12.2023@ 11.00 AM,"Sri Lakshmi Mahal, No-4/61, Kodumudi Road, Thennilai Village, Pugalur Taluk, Karur District-639206","The District Environmental Engineer,Tamilnadu Pollution Control Board, L.G.B Nagar, Arivuthirukkovil Road, Karur-639002.",https://www.tnpcb.gov.in/PDF/Citizen_corner/ph/ExeSumEngParameswari101123.pdf,https://www.tnpcb.gov.in/PDF/Citizen_corner/ph/EIARptEngParamesvari151123.pdf
"M/s.S.Santhimathi Rough Stone & Gravel Quarry, S.F.No.193/3B(part) Thennilai East Village, Pugalur Taluk, Karur District.",over an extent of 1.15.0 Hectares.,19.12.2023@ 12.00 PM,"Sri Lakshmi Mahal, No-4/61, Kodumudi Road, Thennilai Village, Pugalur Taluk, Karur District-639206","The District Environmental Engineer,Tamilnadu Pollution Control Board, L.G.B Nagar, Arivuthirukkovil Road, Karur-639002.",https://www.tnpcb.gov.in/PDF/Citizen_corner/ph/ExeSumEngSanthimathi101123.pdf,
"M/s.K.Anandavelu Rough Stone & Gravel Quarry, S.F.No.76/2, 76/3A & 76/6 in Eraiyur Village, Vanur Taluk, Villupuram District.",Proposed Rough Stone & Gravel Quarry in an extent of 2.18.0 Ha.,14.12.2023@ 11.00 AM,"M/s.Dhanalakshmi Mahal, Perumbakkam Bus Stop, Pondy Mailam Road, Karasanur Village, Vanur Taluk, Villupuram District.","The District Environmental Engineer,Tamilnadu Pollution Control Board, District Collectorate Master Plan Complex, Villupuram-605 602.",https://www.tnpcb.gov.in/PDF/Citizen_corner/ph/ExeSumEngAnandavelu101123.pdf,
"M/s.B.M.Mines, S.F.No.207/1A1, 207/1A2A & 208/3(P), Alur Village, Hosur Taluk, Krishnagiri District.",Proposed Rough Stone & Gravel Quarry lease over an extent of 4.50.0 Ha,12.12.2023@ 11.00 AM,"M/s.Sri Sathya Sai Marriage hall, SIPCOT service road, SIPCOT Phase II, Moranapalli, Hosur-635109","The District Environmental Engineer,Tamilnadu Pollution Control Board, Plot.No.149-A, Ist Floor, SIPCOT Industrial Complex, Phase-I, Hosur-635126 Krishnagiri District.",https://www.tnpcb.gov.in/PDF/Citizen_corner/ph/ExeSumEngBMMines81123.pdf,https://www.tnpcb.gov.in/PDF/Citizen_corner/ph/EIARptEngBMMines81123.pdf
"M/s.Svart Sten Associates Rough Stone & Gravel Quarry, S.F.No.477/1, 477/2, 477/6, 478/2(P), 478/3(P) & 478/4(P), A.P.Nadanoor Village, Alangulam Taluk, Tenkasi District.",Proposed M/s.Svart Sten Associates Rough Stone & Gravel Quarry over an extent of 1.24.0 Ha,08.12.2023@ 11.00 AM,"Chandirattiar Mahal, 7/153, Ambai Road, Kalathimadam, Koothapanjan Village, Alangulam Taluk, Tenkasi District-627851.","The District Environmental Engineer,Tamilnadu Pollution Control Board, No.30/2, SIDCO Industrial Estate, Pettai, Tirunelveli-627010.",https://www.tnpcb.gov.in/PDF/Citizen_corner/ph/ExeSumEngSvart11123.pdf,
"M/s.S.Manonmani Rough Stone & Gravel Quarry, S.F.No.360/1B(P) of Arasampalayam Village, Kinathukadavu Taluk, Coimbatore District.",Proposed Rough Stone & Gravel Quarry covering overall extent of 1.30.0 Ha.,28.11.2023@ 11.00 AM,"M/s.Perumal Kovil Mandapam, Karacheri, Arasampalayam Village, Kinathukadavu Taluk, Coimbatore District.","The District Environmental Engineer,Tamilnadu Pollution Control Board, Coimbatore(S), E-55A, SIDCO Industrial Estate, Pollachi main road, Kurichi, Coimbatore-641021.",https://www.tnpcb.gov.in/PDF/Citizen_corner/ph/ExeSumEngManonmani191023.pdf,https://www.tnpcb.gov.in/PDF/Citizen_corner/ph/EIARptEngManonmani191023.pdf
"M/s.G.Perumal Rough Stone Quarry, S.F.No.314(part-1), Thuppuganapalli Village, Shoolagiri Taluk, Krishnagiri District.",Proposed Rough Stone Quarry lease over an extent of 3.00.0 Ha.,28.11.2023@ 11.00 AM,"M/s.Agaram Samudhaya Koodam, Kommepalli Village, Agaram, Shoolagiri Taluk, Krishnagiri District-635119.","The District Environmental Engineer,Tamilnadu Pollution Control Board, Plot No.149-A, Ist Floor, SIPCOT Industrial Complex, Phase-I, Hosur-635126 Krishnagiri District.",https://www.tnpcb.gov.in/PDF/Citizen_corner/ph/ExeSumEngPerumal191023.pdf,https://www.tnpcb.gov.in/PDF/Citizen_corner/ph/EIARptEngPerumal191023.pdf
"M/s.K.Shanmugam Rough Stone Quarry located at S.F.No.76/2, Kuppam Village, Pugalur Taluk, Karur District.",Over an Extent of 0.73.5 Hectares.,22.11.2023@ 10.00 AM,"Murugan Thirumana Mandapam, No.198/1, Athipalayam Road, Kuppam Village, Pugalur Taluk, Karur District.","The District Environmental Engineer,Tamilnadu Pollution Control Board, L.G.B Nagar, Arivuthirukkovil Road, Karur-639002.",https://www.tnpcb.gov.in/PDF/Citizen_corner/ph/ExeSumEngShanmugam27923.pdf,https://www.tnpcb.gov.in/PDF/Citizen_corner/ph/EIARptEngShanmugam27923.pdf
"M/s.P.Devaraj Rough Stone Quarry located at S.F.No.104/1, 104/2A(part), 104/2B1(part), 105/1A(part) & 105/2, Kuppam Village, Pugalur Taluk, Karur District.",Over an Extent of 2.27.5 Hectares.,22.11.2023@ 11.00 AM,"Murugan Thirumana Mandapam, No.198/1, Athipalayam Road, Kuppam Village, Pugalur Taluk, Karur District.","The District Environmental Engineer,Tamilnadu Pollution Control Board, L.G.B Nagar, Arivuthirukkovil Road, Karur-639002.",https://www.tnpcb.gov.in/PDF/Citizen_corner/ph/ExeSumEngDevaraj27923.pdf,https://www.tnpcb.gov.in/PDF/Citizen_corner/ph/EIARptEngDevaraj27923.pdf
"M/s.Zak Exports Grey Granite Quarry, S.F.No.380/1(part), Chendarapalli Village, Bargur Taluk, Krishnagiri District.",Proposed Grey Granite Quarry lease over an Extent of 3.50.0 Ha.,21.11.2023@ 10.00 AM,"M/s.Sri Maheswari Mahal, No.1/190, NH-77, Thiruvanamalli main road, Anchoor Village, Bargur Taluk, Krishnagiri District-635104","The District Environmental Engineer,Tamilnadu Pollution Control Board, Plot No.149-A, Ist Floor, SIPCOT Industrial Complex, Phase-I, Hosur-635126 Krishnagiri District.",https://www.tnpcb.gov.in/PDF/Citizen_corner/ph/ExeSumEngMiraliZak191023.pdf,https://www.tnpcb.gov.in/PDF/Citizen_corner/ph/EIARptEngMiraliZak191023.pdf
"M/s.Indian Oil LNG Private Ltd, Ennore LNG Terminal, Located at Kattupalli and Puzhuthivakkam Villages of Ponneri Taluk and Tiruvallur District.",Expansion of Ennore LNG Terminal from 5 Million Metric per Annum to 10 Million Metric Tonnes per Annum.,17.11.2023@ 10.00 AM,"Kalaignar Arangam, Selvambigai Nagar, Attipattu, Ponneri Taluk, Thiruvallur District.","The District Environmental Engineer,Tamilnadu Pollution Control Board, No.88(a), SIPCOT Industrial Complex, Gummidipoondi, Tiruvallur District-601201",https://www.tnpcb.gov.in/PDF/Citizen_corner/ph/ExeSumEngIndianoilLNG131023.pdf,https://www.tnpcb.gov.in/PDF/Citizen_corner/ph/EIARptEngIndianoilLNG131023.pdf
"M/s.T.Manoj Kumar Rough Stone & Gravel Quarry located at S.F.No.575/1(P), 575/2, 576(P), 577/1(P) & 581(P), Munnur Village, Pugalur Taluk, Karur District.",Over an Extent of 4.85.0 Hectares.,09.11.2023@ 11.00 AM,"V.P.Kalyana Mahal, No.762/2, Covai road, Kaatumunnur, K.Paramathi Via, Pugalur Taluk, Karur District.","The District Environmental Engineer,Tamilnadu Pollution Control Board, L.G.B Nagar, Arivuthirukkovil Road, Karur-639002.",https://www.tnpcb.gov.in/PDF/Citizen_corner/ph/ExeSumEngManoj27923.pdf,https://www.tnpcb.gov.in/PDF/Citizen_corner/ph/EIARptEngManoj27923.pdf
"M/s.M.Gunasekaran Rough Stone & Gravel Quarry located at S.F.No.710/3, & 712/2, Kuppam Village, Pugalur Taluk, Karur District.",Over an Extent of 1.92.5 Hectares.,02.11.2023@ 10.00 AM,"Murugan Thirumana Mandapam, No.198/1, Athipalayam Road, Kuppam Village, Pugalur Taluk, Karur District.","The District Environmental Engineer,Tamilnadu Pollution Control Board, L.G.B Nagar, Arivuthirukkovil Road, Karur-639002.",https://www.tnpcb.gov.in/PDF/Citizen_corner/ph/ExeSumEngGunasekar27923.pdf,https://www.tnpcb.gov.in/PDF/Citizen_corner/ph/EIARptEngGunasekar27923.pdf
"M/s.Thirumalai Blue Metals Rough Stone & Gravel Quarry located at S.F.No.1238/2(part), Vettamangalam West Village, Pugalur Taluk, Karur District.",Over an Extent of 2.97.0 Hectares.,02.11.2023@ 11.00 AM,"Murugan Thirumana Mandapam, No.198/1, Athipalayam Road, Kuppam Village, Pugalur Taluk, Karur District.","The District Environmental Engineer,Tamilnadu Pollution Control Board, L.G.B Nagar, Arivuthirukkovil Road, Karur-639002.",https://www.tnpcb.gov.in/PDF/Citizen_corner/ph/ExeSumEngThirumalai27923.pdf,https://www.tnpcb.gov.in/PDF/Citizen_corner/ph/EIARptEngThirumalai27923.pdf
"M/s.Virahalur Sand Quarry located at S.F.No.214(part) and 234(part) of Virahalur Village, Lalgudi Taluk, Tiruchirapalli District.",Proposed Sand Quarry over an extent of 24.00.0 Hectares.,04.11.2023@ 11.00 AM,"St.Peter's Higher Secondary School, Virahalur Village, Lalgudi Taluk, Tiruchirapalli District.","The District Environmental Engineer,Tamilnadu Pollution Control Board, No.25, SIDCO Industrial Estate, Thuvakudy, Thiruchirapalli-15",https://www.tnpcb.gov.in/PDF/Citizen_corner/ph/EIARptEngVirahalur21923.pdf,https://www.tnpcb.gov.in/PDF/Citizen_corner/ph/EIARptEngVirahalur21923.pdf
"M/s.P.Ramachandran Multi Color Granite Quarry located at S.F.No.407/1, 407/2, 407/3(P), 407/4, 408/3 & 408/4(P), K.Pitchampatti Village, Karur Taluk, Karur District.",Over an Extent of 2.84.5 Hectares.,31.10.2023@ 11.00 AM,"Sri Meenakshi Mahal, Vijayapuram main road, Velliyannai, Karur Taluk, Karur District.","The District Environmental Engineer,Tamilnadu Pollution Control Board, L.G.B Nagar, Arivuthirukkovil Road, Karur-639002.",https://www.tnpcb.gov.in/PDF/Citizen_corner/ph/ExeSumEngRamachandran27923.pdf,https://www.tnpcb.gov.in/PDF/Citizen_corner/ph/EIARptEngRamachandran27923.pdf
"M/s.Everking Granites, S.F.No.347/1, 347/2, 347/4, 347/5, 348/4, 348/5, 348/6B1, 348/6C & 348/6D1, Jagadevipalayam Village, Bargur Taluk, Krishnagiri District.",Proposed Grey Granite Quarry lease over an extent of 3.19.5 Ha.,26.10.2023@ 11.00 AM,"M/s.Sri Maheswari Mahal, No.1/190, NH-77, Thiruvanamalli main road, Anchoor Village, Bargur Taluk, Krishnagiri District. -635104","The District Environmental Engineer,Tamilnadu Pollution Control Board, Plot.No.149-A, Ist Floor. SIPCOT Industrial Complex, Phase-I, Hosur-635126. Krishnagiri District.",https://www.tnpcb.gov.in/PDF/Citizen_corner/ph/ExeSumEngEverkingJagadeesan22923.pdf,https://www.tnpcb.gov.in/PDF/Citizen_corner/ph/EIARptEngEverkingJagadeesan22923.pdf
"M/s.A.V.Sarathy, Rough Stone & Gravel Quarry, S.F.No.181/3A2, 181/3B1B, 181/3B2, 181/3C1, 181/3C2, 181/3D1 & 181/4 of Keelnaickenpalayam Village, Vembakkam Taluk, Thiruvannamalai District.",Mining of Rough Stone and Gravel Quarry,18.10.2023@ 01.00 PM,"M/s.R.S.E Mahal, Mamandur, Poongavana Kumarasamy Nagar, No.316/N, Kanchipuram to Vandavasi Road, Vembakkam Taluk, Tiruvannamalai-631702.","The District Environmental Engineer,Tamilnadu Pollution Control Board, District Collectorate Master Plan Complex, Vengikkal, Tiruvannamalai-606604.",https://www.tnpcb.gov.in/PDF/Citizen_corner/ph/ExeSumEngSarathy15923.pdf,https://www.tnpcb.gov.in/PDF/Citizen_corner/ph/EIARptEngSarathy15923.pdf
"M/s.Sri Tirumala Blue Metals, Rough Stone & Gravel Quarry, S.F.No.148/16, 148/17, 148/18, 148/19, 148/20, 148/21, 148/22, 148/23, 148/24, 148/25, 148/38A, 148/39A1, 146/39B, 146/46, 148/4, 148/10, 148/2, 148/26, 148/27, 148/28, 148/29, 148/3, 148/30, 148/39A2, 148/39B2A, 148/39B1, 143/4, 148/5, 148/",Mining of Rough Stone and Gravel Quarry,18.10.2023@ 12.00 PM,"M/s.R.S.E Mahal, Mamandur, Poongavana Kumarasamy Nagar, No.316/N, Kanchipuram to Vandavasi Road, Vembakkam Taluk, Tiruvannamalai-631702.","The District Environmental Engineer,Tamilnadu Pollution Control Board, District Collectorate Master Plan Complex, Vengikkal, Tiruvannamalai-606604.",https://www.tnpcb.gov.in/PDF/Citizen_corner/ph/ExeSumEngTirumalaBlue15923.pdf,https://www.tnpcb.gov.in/PDF/Citizen_corner/ph/EIARptEngTirumalaBlue15923.pdf
"M/s.R.Monish Kumar Rough Stone & Gravel Quarry, S.F.No.139/21A, 139/21B, 139/21C, 139/22A, 139/22B, 139/23, 139/24, 139/25A, 139/25B, 139/25C, 139/26, 139/27, 139/28, 139/29, 140/1, 140/2, 140/3, 141/42A, 141/43A, 141/44, 141/45, 141/46, 141/47, 141/48, 141/49, 148/11, 148/12A, 148/12B, 148/14, 148/",Mining of Rough Stone and Gravel Quarry,18.10.2023@ 11.00 AM,"M/s.R.S.E Mahal, Mamandur, Poongavana Kumarasamy Nagar, No.316/N, Kanchipuram to Vandavasi Road, Vembakkam Taluk, Tiruvannamalai-631702.","The District Environmental Engineer,Tamilnadu Pollution Control Board, District Collectorate Master Plan Complex, Vengikkal, Tiruvannamalai-606604.",https://www.tnpcb.gov.in/PDF/Citizen_corner/ph/ExeSumEngMonishKumar15923.pdf,https://www.tnpcb.gov.in/PDF/Citizen_corner/ph/EIARptEngMonishKumar15923.pdf
"M/s.Adithya Durga Aggregates Pvt Ltd, S.F.No.124/30, 124/31,124/32, 124/33, 117/1,117/5, 117/6, 117/4, 117/12B,117/2, 141/2B2(P), 141/2B1, 124/17, 124/22, 124/23,124/24,124/25A, 124/25B, 124/35A, 124/34, 124/35B, 124/16, 124/29, 124/6, 124/7, 124/11, 124/36, 124/14, 124/15, 141/2C1, 141/2C2, 141/2E2",Mining of Rough Stone and Gravel Quarry,18.10.2023@ 10.00 AM,"M/s.R.S.E Mahal, Mamandur, Poongavana Kumarasamy Nagar, No.316/N, Kanchipuram to Vandavasi Road, Vembakkam Taluk, Tiruvannamalai-631702.","The District Environmental Engineer,Tamilnadu Pollution Control Board, District Collectorate Master Plan Complex, Vengikkal, Tiruvannamalai-606604.",https://www.tnpcb.gov.in/PDF/Citizen_corner/ph/ExeSumEngAdithyaDurga15923.pdf,https://www.tnpcb.gov.in/PDF/Citizen_corner/ph/EIARptEngAdithyaDurga15923.pdf
"M/s.Sri Vinayaka Enterprises, S.F.No.136(part-8), Venkatesapuram Village, Shoolagiri Taluk, Krishnagiri District.",Proposed Rough Stone Quarry lease over an extent of 2.85.0 Ha,18.10.2023@ 12.00 PM,"M/s.P.V.R-L.M.R Kalyana Mandapam, No.344/1, 344/2, Berikai Village, Theertham Road, Shoolagiri Taluk, Krishnagiri District-6350105.","The District Environmental Engineer,Tamilnadu Pollution Control Board, Plot No.149-A, Ist Floor, SIPCOT Industrial Complex, Phase-I, Hosur-635126. Krishnagiri District.",https://www.tnpcb.gov.in/PDF/Citizen_corner/ph/ExeSumEngVinayaga13923.pdf,https://www.tnpcb.gov.in/PDF/Citizen_corner/ph/EIARptEngVinayaga13923.pdf
"M/s.V.Sekar Rough Stone Quarry, S.F.No.270(part-1), Venkatesapuram Village, Shoolagiri Taluk, Krishnagiri District.",Proposed Rough Stone Quarry lease over an extent of 2.30.0 Ha,18.10.2023@ 11.00 AM,"M/s.P.V.R-L.M.R Kalyana Mandapam, No.344/1, 344/2, Berikai Village, Theertham Road, Shoolagiri Taluk, Krishnagiri District-6350105.","The District Environmental Engineer,Tamilnadu Pollution Control Board, Plot No.149-A, Ist Floor, SIPCOT Industrial Complex, Phase-I, Hosur-635126. Krishnagiri District.",https://www.tnpcb.gov.in/PDF/Citizen_corner/ph/ExeSumEngSekar13923.pdf,https://www.tnpcb.gov.in/PDF/Citizen_corner/ph/EIARptEngSekar13923.pdf
"M/s.K.Jeeva Rough Stone Quarry, S.F.No.209(part), Alur Village, Hosur Taluk, Krishnagiri District.",Proposed Rough Stone Quarry lease over an extent of 4.50.0 Ha,17.10.2023@ 12.00 PM,"M/s.Sri Sathya Sai Marriage Hall, SIPCOT Phase II, Moranapalli, Hosur-635109.","The District Environmental Engineer,Tamilnadu Pollution Control Board, Plot No.149-A, Ist Floor, SIPCOT Industrial Complex, Phase-I, Hosur-635126. Krishnagiri District.",https://www.tnpcb.gov.in/PDF/Citizen_corner/ph/ExeSumEngJeeva13923.pdf,https://www.tnpcb.gov.in/PDF/Citizen_corner/ph/EIARptEngJeeva13923.pdf
"M/s.AVS Tech Building Solutions India Pvt Ltd, S.F.No.662(P), Thorapalli Agraharam Village, Hosur Taluk, Krishnagiri District.",Proposed Rough Stone Quarry lease over an extent of 2.20.0 Ha,17.10.2023@ 11.00 AM,"M/s.Sri Sathya Sai Marriage Hall, SIPCOT Phase II, Moranapalli, Hosur-635109.","The District Environmental Engineer,Tamilnadu Pollution Control Board, Plot No.149-A, Ist Floor, SIPCOT Industrial Complex, Phase-I, Hosur-635126. Krishnagiri District.",https://www.tnpcb.gov.in/PDF/Citizen_corner/ph/ExeSumEngAVSTech13923.pdf,https://www.tnpcb.gov.in/PDF/Citizen_corner/ph/EIARptEngAVSTech13923.pdf
"M/s.Joseph John Samuel Rough Stone Jelly and Gravel Quarry, S.F.No.845/1B & 845/2B of Tharuvai Village, Palayamkottai Taluk, Tirunelveli District.",Over an extent of 0.55.0 Ha.,13.10.2023@ 10.30 AM,"Nainar Mahal, 1-A, Ambai main Road, Mela Karugulam, Muneerpallam P.O, Palayamkottai Taluk, Tirunelveli District-627006.","The District Environmental Engineer,Tamilnadu Pollution Control Board, No.30/2, SIDCO Industrial Estate, Pettai, Tirunelveli-627010.",https://www.tnpcb.gov.in/PDF/Citizen_corner/ph/ExeSumEngJoseph5923.pdf,https://www.tnpcb.gov.in/PDF/Citizen_corner/ph/EIARptEngJoseph5923.pdf
"M/s.New Star Blue Metals Rough Stone & Gravel Quarry, S.F.No.553/2(part), Kuppam Village, Pugalur Taluk, Karur District.",Over an extent of 1.62.0 Hectares.,12.10.2023@ 11.00 AM,"Murugan Thirumana Mandapam, No.198/1, Athipalayam Road, Kuppam Village, Pugalur Taluk, Karur District.","The District Environmental Engineer,Tamilnadu Pollution Control Board, L.G.B Nagar, Arivuthirukkovil Road, Karur-639002.",https://www.tnpcb.gov.in/PDF/Citizen_corner/ph/ExeSumEngNewstar12923.pdf,https://www.tnpcb.gov.in/PDF/Citizen_corner/ph/EIARptEngNewstar12923.pdf
"M/s.P.Amaravathi Rough Stone Quarry, S.F.No.513/2C & 595/2(part), Kuppam Village, Pugalur Taluk, Karur District.",Over an extent of 2.84.0 Hectares.,12.10.2023@ 12.00 PM,"Murugan Thirumana Mandapam, No.198/1, Athipalayam Road, Kuppam Village, Pugalur Taluk, Karur District.","The District Environmental Engineer,Tamilnadu Pollution Control Board, L.G.B Nagar, Arivuthirukkovil Road, Karur-639002.",https://www.tnpcb.gov.in/PDF/Citizen_corner/ph/ExeSumEngAmaravathy12923.pdf,https://www.tnpcb.gov.in/PDF/Citizen_corner/ph/EIARptEngAmaravathy12923.pdf
"M/s.Tamilkumaran Productions Private Ltd, S.F.No.830(part), West & 835/3(part) Ajjanahalli Village, Pennagaram Taluk, Dharmapuri District-636810",Proposed Black Granite Quarry over an extent of 3.14.0 Ha.,12.10.2023@ 11.00 AM,"Ramasamy Gounder Ponnammal Thirumana Mandapam, Eriyur Village, Pennagaram Taluk, Dharmapuri District-636810","The District Environmental Engineer,Tamilnadu Pollution Control Board, SF.No.415/1,Adhiyaman kottai - Hosur Bypass road, A.Reddihalli village(Near to Don Bosco College), Dharmapuri Taluk, Dharmapuri District - 636 809.",https://www.tnpcb.gov.in/PDF/Citizen_corner/ph/ExeSumEngTamilkumaran2923.pdf,https://www.tnpcb.gov.in/PDF/Citizen_corner/ph/EIARptEngTamilkumaran2923.pdf
"M/s.P.Jayaraj, S.F.No.90/1(P) and 90/2(P) of Devannagoundanur Village, Sankari Taluk, Salem District.",Multi Color Granite Quarries,12.10.2023@ 11.00 AM,"M/s.Mugil Thirumana Mahal, Edappadi-Sankari main road, Malaiyanur, Thangayur Village, Edappadi Taluk, Salem District-636303.","The District Environmental Engineer,Tamilnadu Pollution Control Board, No.1/276 Meyanur main road, Salem-636004.",https://www.tnpcb.gov.in/PDF/Citizen_corner/ph/ExeSumEngJeyarajVenkatesh21823.pdf,https://www.tnpcb.gov.in/PDF/Citizen_corner/ph/EIARptEngJeyarajVenkatesh21823.pdf
"M/s.K.Ravikumar Rough Stone & Gravel Quarry, S.F.No.54/2, 55/1 & 57/2 of Thambagoundanpalayam Village, Madukkarai Taluk, Coimbatore District.",Proposed Rough Stone & Gravel Qyarry covering overall extent of 3.62.0 Ha.,11.10.2023@ 03.00 PM,"M/s.Aadithya Thirumana Mandapam, Velanthavalam Road, Nachipalayam Madukkarai Taluk, Coimbatore District.","The District Environmental Engineer,Tamilnadu Pollution Control Board, Coimbatore (S), E-55A, SIDCO Industrial Estate, Pollachi Main Road, Kurichi, Coimbatore-641021.",https://www.tnpcb.gov.in/PDF/Citizen_corner/ph/ExeSumEngRavikumar7923.pdf,https://www.tnpcb.gov.in/PDF/Citizen_corner/ph/EIARptEngRavikumar7923.pdf
"M/s.D.Jayakumar Rough Stone & Gravel Quarry, S.F.No.516/2A(part), 16/2B, of Palathurai Village, Madukkarai Taluk, Coimbatore District.",Proposed Rough Stone & Gravel Qyarry covering overall extent of 1.26.0 Ha.,11.10.2023@ 11.00 AM,"M/s.Sri Lakshmi Balaji Thirumana Mandapam, Chettipalayam Pirivu, Palakad Main Road, Marapalam, Madukkarai Taluk, Coimbatore District.","The District Environmental Engineer,Tamilnadu Pollution Control Board, Coimbatore (S), E-55A, SIDCO Industrial Estate, Pollachi Main Road, Kurichi, Coimbatore-641021.",https://www.tnpcb.gov.in/PDF/Citizen_corner/ph/EIARptEngJayakumar7923.pdf,https://www.tnpcb.gov.in/PDF/Citizen_corner/ph/EIARptEngJayakumar7923.pdf
"M/s.Sivasubbu, Rough Stone and Gravel Quarry, S.F.No.525/2(part) of Tharuvai Village, Palayamkottai Taluk, Tirunelveli District.",Over an extent of 0.50.58 Ha.,11.10.2023@ 10.30 AM,"Nainar Mahal, 1-A, Ambai main Road, Mela Karugulam, Muneerpallam P.O, Palayamkottai Taluk, Tirunelveli District-627006.","The District Environmental Engineer,Tamilnadu Pollution Control Board, No.30/2, SIDCO Industrial Estate, Pettai, Tirunelveli-627010.",https://www.tnpcb.gov.in/PDF/Citizen_corner/ph/ExeSumEngSivasubbu5923.pdf,https://www.tnpcb.gov.in/PDF/Citizen_corner/ph/EIARptEngSivasubbu5923.pdf
"M/s.D.Govindasamy Rough Stone & Gravel Quarry, S.F.No.669/2 and 669/3, Magaral 'B' Village, Walajabad Taluk, Kancheepuram District.",Over an Extent of 2.90.50 Hectares.,10.10.2023@ 10.30 AM,"M/s.Azhagan Mahal, Uthiramerur Road, Magaral Village, Walajabad Taluk, Kancheepuram District.","The District Environmental Engineer,Tamilnadu Pollution Control Board, No.CP-5B, SIPCOT, Oragadam, Sriperumbudur Taluk, Kancheepuram District-602105",https://www.tnpcb.gov.in/PDF/Citizen_corner/ph/ExeSumEngGovindasamy24823.pdf,https://www.tnpcb.gov.in/PDF/Citizen_corner/ph/EIARptEngGovindasamy24823.pdf
"M/s.S.Hemprasath Rough Stone & Gravel Quarry, S.F.No.170/2, 170/3, 170/4, 236/1B, 236/1C, 236/1D, 220/1A1(part), Sirudhamur Village, Uthiramerur Taluk, Kancheepuram District.",Over an Extent of 4.88.0 Hectares.,05.10.2023@ 10.30 AM,"M/s.R.R.K Mahal, No.167, Thirumukkudal, Thirumukkudal-Penayur Road, Uthiramerur Taluk, Kancheepuram District.","The District Environmental Engineer,Tamilnadu Pollution Control Board, No.CP-5B, SIPCOT, Oragadam, Sriperumbudur Taluk, Kancheepuram District-602105",https://www.tnpcb.gov.in/PDF/Citizen_corner/ph/ExeSumEngHemprasath24823.pdf,https://www.tnpcb.gov.in/PDF/Citizen_corner/ph/EIARptEngHemprasath24823.pdf
"M/s.Achamapuram Sand Quarry, S.F.No.265/1(part), Achamapuram Village, Manmagalam Taluk, Karur District",Over an extent of 24.00.0 Hectares.,04.10.2023@ 12.00 PM,"Shri Mahalaxmi Mandapam(Thirumana Mahal), Melasakkarapalayam, Vangal, Manmangalam Taluk, Karur-639116.","The District Environmental Engineer,Tamilnadu Pollution Control Board, S.F.No.654 part, 655 Part, L.N.S.Village,L.G.B.Nagar, Arivuthirukkovil Road, Karur-639002.",https://www.tnpcb.gov.in/PDF/Citizen_corner/ph/ExeSumEngAchamapuram26823.pdf,https://www.tnpcb.gov.in/PDF/Citizen_corner/ph/EIARptEngAchamapuram26823.pdf
"M/s.Nerur North Sand Quarry, S.F.No.2596A (part), Nerur North Village, Manmagalam Taluk, Karur District",Over an extent of 16.05.0 Hectares.,04.10.2023@ 11.00 AM,"Shri Mahalaxmi Mandapam(Thirumana Mahal), Melasakkarapalayam, Vangal, Manmangalam Taluk, Karur-639116.","The District Environmental Engineer,Tamilnadu Pollution Control Board, S.F.No.654 part, 655 Part, L.N.S.Village,L.G.B.Nagar, Arivuthirukkovil Road, Karur-639002.",https://www.tnpcb.gov.in/PDF/Citizen_corner/ph/ExeSumEngNerur26823.pdf,https://www.tnpcb.gov.in/PDF/Citizen_corner/ph/EIARptEngNerur26823.pdf
"M/s.J.Saipreetham, S.F.No.919/1 & 919/2A(P), Nathikudi Village, Vembakottai Taluk, Virudhunagar District.",Proposed Rough Stone & Gravel Quarry over an extent of 3.33.50 Ha.,04.10.2023@ 11.00 AM,"M/s.Lord P.C.Arunachalandar Avudaithayammal Thirumana Mandapam, Door No.1210, Poolavurani Village, Sivakasi to Vilampatti Road(Poolavurani Bus Stop),Sivakasi Taluk, Virudhunagar District.","The District Environmental Engineer,Tamilnadu Pollution Control Board, No.23, Collectorate Campus, Virudhunagar-626002.",https://www.tnpcb.gov.in/PDF/Citizen_corner/ph/ExeSumEngSaipritham21823.pdf,https://www.tnpcb.gov.in/PDF/Citizen_corner/ph/EIARptEngSaipritham21823.pdf
"M/s.M.Meenatchi, S.F.No.16/2B, 16/3, 16/4 of Achankulam Village, Kallikudi Taluk, Madurai District.",Proposed Rough Stone Quarry Patta over an Extent of 1.42.0 Ha.,04.10.2023@ 11.00 AM,"M/s.Pothu Vinayaga Mahal, Ulagani, Kallikudi Taluk, Madurai District.","The District Environmental Engineer,Tamilnadu Pollution Control Board, Kappalur, Madurai-625008.",https://www.tnpcb.gov.in/PDF/Citizen_corner/ph/ExeSumEngMeenatchi24823.pdf,https://www.tnpcb.gov.in/PDF/Citizen_corner/ph/EIARptEngMeenatchi24823.pdf
"M/s.A.Govindarajan Rough Stone Quarry, S.F.No.569/1(part-4) Govt.Poramboke land of Nadumandalam Village, Natham Taluk, Dindigul District.",Proposed Rough Stone Quarry Proposal over an extent of 1.20.0 Ha.(lease land).,04.10.2023@ 11.00 AM,"M/s.Samuthaya Koodam, Union Office (Op), Velampatty(Post), Dindigul Road, Natham Taluk, Dindigul District-624401","The District Environmental Engineer,Tamilnadu Pollution Control Board, Collector Office Campus, Dindigul-624004.",https://www.tnpcb.gov.in/PDF/Citizen_corner/ph/ExeSumEngGovindarajan24823.pdf,https://www.tnpcb.gov.in/PDF/Citizen_corner/ph/EIARptEngGovindarajan24823.pdf
"M/s.Ashok Leyland Limited, Kathivakkam Village, Tiruvottiyur Taluk, Chennai District.",Proposed Expansion of Foundry unit of M/s.Ashok Leyland Limited Production from 2790 TPM to 6125 TPM of Ferrous Castings.,29.09.2023@ 11.00 AM,"Annai Sivagami Nagar Samuthaya Nala Maligai, Ennore Express Road, Sivagami nagar, Ennore, Chennai-600057.","The District Environmental Engineer,Tamilnadu Pollution Control Board, No.77A, SIDCO Industrial Estate, Ambattur, Chennai-600058.",https://www.tnpcb.gov.in/PDF/Citizen_corner/ph/ExeSumEngAshokleyland24823.pdf,https://www.tnpcb.gov.in/PDF/Citizen_corner/ph/EIARptEngAshokleyland2482.pdf
"M/s.N.Obula Reddy, Rough Stone Quarry, S.F.No.265/1(part-4), Madhakondapalli Village, Denkanikottai Taluk, Krishnagiri District.",Proposed Rough Stone Quarry lease over an extent of 1.46.0 Ha.,27.09.2023@ 11.00 AM,"M/s.Annamacharya Kalyanda mandapam, Hosur to Thally main road, Madhakondapalli Village, Denkanikottai Taluk, Krishnagiri District-635114.","The District Environmental Engineer,Tamilnadu Pollution Control Board, Plot No.149-A, Ist Floor, SIPCOT Industrial Complex, Phase-I, Hosur - 635126 Krishnagiri District.",https://www.tnpcb.gov.in/PDF/Citizen_corner/ph/ExeSumEngObulareddy24823.pdf,https://www.tnpcb.gov.in/PDF/Citizen_corner/ph/EIARptEngObulaReddy24823.pdf
"M/s.G.Prabakar Rough Stone & Gravel Quarry, S.F.No.843/1, 843/2, 844/1(P), 844/2(P), & 844/3 Nandanthai(North) Village, Aravakurichi Taluk, Karur District.",Over an Extent of 2.57.0 Hectares.,27.09.2023@ 11.00 AM,"V.K.D Marriage Hall, Ellaimedu East, V.K.D Petrol Bank Back, Elavanur(PO), Aravakurichi Taluk, Karur District.","The District Environmental Engineer,Tamilnadu Pollution Control Board, L.G.B Nagar, Arivuthirukkovil Road, Karur-639002.",https://www.tnpcb.gov.in/PDF/Citizen_corner/ph/ExeSumEngPrabakar21823.pdf,https://www.tnpcb.gov.in/PDF/Citizen_corner/ph/EIARptEngPrabakar21823.pdf
"M/s.N.M.Arumugabalaji, S.F.No.328(Part-III) Mellur Duraisamypuram Rajapalayam Taluk, Virudhunagar District.",Proposed Rough Stone & Gravel Quarry over an extent of 1.25.0 Ha.,26.09.2023@ 11.00 AM,"M/s.Pasumpon Devar Kalaiyarangam, Door no.32, Kasali Thenvadal Street, Seithur Village, Rajapalayam Taluk, Virudhunagar District-626121.","The District Environmental Engineer,Tamilnadu Pollution Control Board, No.23, Collectorate Campus, Virudhunagar-626002.",https://www.tnpcb.gov.in/PDF/Citizen_corner/ph/ExeSumEngArumugabalaji21823.pdf,https://www.tnpcb.gov.in/PDF/Citizen_corner/ph/EIARptEngArumugabalaji21823.pdf
"M/s.C.Nithin Reddy Rough Stone Quarry, S.F.No.220/1(part-2), Gopanapalli Village, Hosur Taluk, Krishnagiri District.",Proposed Rough Stone Quarry lease over an extent of 3.00.0 Ha.,26.09.2023@ 11.00 AM,"M/s.CMK Kalayana Mandapam, Nagondapalli, Denkanikottai main road, Hosur-635109.","The District Environmental Engineer,Tamilnadu Pollution Control Board, Plot No.149-A, Ist Floor, SIPCOT Industrial Complex, Phase-1, Hosur-635 126",https://www.tnpcb.gov.in/PDF/Citizen_corner/ph/ExeSumEngNithinReddy23823.pdf,https://www.tnpcb.gov.in/PDF/Citizen_corner/ph/EIARptEngNithinReddy23823.pdf
"M/s.Kuthambakkam & Ananganallur Sand Quarry, S.F.No.1(P) & 213(P), Kuthambakkam & Ananganallur Village, Gudiyatham Taluk, Vellore District.","Proposed Kuthambakkam & Ananganallur Sand Quarry, S.F.No.1(P) & 213(P), Over an extent of 11.70.0 Ha Kuthambakkam & Ananganallur Village, Gudiyatham T",25.09.2023@ 11.00 AM,"M/s.Sri Krishna Mahal, Agaramcheri Village, Gudiyatham Taluk, Vellore District.","The District Environmental Engineer,Tamilnadu Pollution Control Board, Auxilium College Road, Opp.Auxilium College, Gandhi Nagar, Vellore - 632 006.",https://www.tnpcb.gov.in/PDF/Citizen_corner/ph/ExeSumEngKuthambakkam23823.pdf,https://www.tnpcb.gov.in/PDF/Citizen_corner/ph/EIARptEngKuthambakkam23823.pdf
"M/s.PCS Industries Private Limited, S.F.No.223/1, 223/2, 224, 225/1 & 225/2 of Periyavenmani Village, Maduranthagam Taluk, Chengalpattu District.",Proposed Rough Stone & Gravel Quarry.,22.09.2023@ 10.30 AM,"Sri Saraswathi Mahal, Maduranthagam Road, Saravambakkam Village, Maduranthagam Taluk, Chengalpattu District.","The District Environmental Engineer,Tamilnadu Pollution Control Board, Maraimalai Adigalar Street, Maraimalai Nagar, Chengalpattu District-603209.",https://www.tnpcb.gov.in/PDF/Citizen_corner/ph/ExeSumEngPCSInd21823.pdf,https://www.tnpcb.gov.in/PDF/Citizen_corner/ph/EIARptEngPCSInd21823.pdf
"M/s.Thirupathi Blue Metal and M Sand, S.F.No.6/1, 7/2, 7/3, 7/4 in Enthoor Village, Marakkanam Taluk, Villupuram District.",Proposed Rough Stone & Gravel Quarry in an extent of 2.85.00 Ha,21.09.2023@ 12.00 PM,"M/s.A.M.S Mahal, 201/1, Main Road, Murukeri Village, Siruvadi Post, Marakkanam Taluk, Villupuram District-604 301.","The District Environmental Engineer,Tamilnadu Pollution Control Board, District Collectorate Master Plan Complex, Villupuram-605 602",https://www.tnpcb.gov.in/PDF/Citizen_corner/ph/ExeSumEngTirupathi21823.pdf,https://www.tnpcb.gov.in/PDF/Citizen_corner/ph/EIARptEngTirupathi21823.pdf
"M/s.Tamil Nadu Minerals Limited, S.F.No.331/1, Veeramangalam B Village and S.No.148(P) Mahankalikapuram Village, R.K.Pettai Taluk, Tiruvallur District-631301","Proposed Black Granite Quarry over an extent of 15.47.5 Ha at S.F.No.331 & 148(part), in Veeramangalam & Mahankalikapuram Village, R.K.Pettai, Thiruva",20.09.2023@ 11.00 AM,"Amman Koil Ground, Mahankalikapuram Village, R.K.Pettai Taluk, Tiruvallur District.","The District Environmental Engineer,Tamilnadu Pollution Control Board, Master Plan Complex, S.F.No.1/6D & 1/5B, Perumbakkam Village, Tiruvallur-602001.",https://www.tnpcb.gov.in/PDF/Citizen_corner/ph/ExeSumEngTaminRKPet18823.pdf,https://www.tnpcb.gov.in/PDF/Citizen_corner/ph/EIARptEngTaminRKPet18823.pdf
"M/s.Arjunan , S.F.No.16/6, 16/7, 16/9, & 16/10 in Thollamur Village, Vanur Taluk, Villupuram District.",Proposed Rough Stone & Gravel Quarry Extent of 2.10.5 Ha.,20.09.2023@ 11.00 AM,"M/s.Dhanalakshmi Mahal, Perumbakkam Bus Stop, Pondy-Mailam Road, Karasanur Village, Vanur Taluk, Villupuram District-604304.","The District Environmental Engineer,Tamilnadu Pollution Control Board, District Collectorate Master Plan Complex, Villupuram-605 602.",https://www.tnpcb.gov.in/PDF/Citizen_corner/ph/ExeSumEngArjunan18823.pdf,https://www.tnpcb.gov.in/PDF/Citizen_corner/ph/EIARptEngArjunan18823.pdf
"Common Bio-Medical Waste Treatement Facility at S.F.No.249/3, Keelakottai Group, Muthuvayal Village, Paramakudi Taluk, Ramanathapuram District.","Common Bio-Medical Waste Treatement Facility at S.F.No.249/3, Keelakottai Group, Muthuvayal Village, Paramakudi Taluk, Ramanathapuram District.",Postponed,"M/s.Sri Jeyamani Saraswathi Thirumana Mahal, Door No.66/1A, Bogalur Village, Near JSK HP Petrol Pump, Sathirakudi, Paramakudi Taluk, Ramanathapuram District.","The District Environmental Engineer,Tamilnadu Pollution Control Board, No.1/1984, Jothi Nagar, Sakkarakkottai Village, Collectorate Post, Ramanathapuram-6623504.",https://www.tnpcb.gov.in/PDF/Citizen_corner/ph/ExeSumEngCBMWTF17823.pdf,https://www.tnpcb.gov.in/PDF/Citizen_corner/ph/EIARptEngCBMWTF17823.pdf
"M/s.Multi Colour Granite Quarry Mining project, S.F.No.311(part), Rajakkal Village, Pernambut Taluk, Vellore District.","Proposed Multi Colour Granite Quarry Mining Project at S.F.No.311(part) over an extent of 46.07.0 Ha at Rajakkal Village, Pernambut Taluk, Vellore Dis",13.09.2023@ 11.00 AM,"M/s.M.G. Mahal, Azhinijikuppam, Near Bus stop, Rajakkal Village, Pernambut Taluk, Vellore District-632 805.","The District Environmental Engineer,Tamilnadu Pollution Control Board, Auxilium College Road, Opp.Auxilium College, Gandhi Nagar, Vellore-632 006.",https://www.tnpcb.gov.in/PDF/Citizen_corner/ph/ExeSumEngRajakkalTamin11823.pdf,https://www.tnpcb.gov.in/PDF/Citizen_corner/ph/EIARptEngRajakkalTamin11823.pdf
"M/s.D.Dineshwaran Rough Stone Quarry, S.F.No.145/3A & 145/4A, Veerapatti Village, Illuppur Taluk, Pudukkottai District.",Proposed Rough Stone and Gravel Quarry Cluster extent of 7.80.5 Ha.,12.09.2023@ 11.00 AM,"A.A.R.Thirumanan Mahal Pudugai-Viralimalai Road, Kaalatipatti, Illuppur Taluk, Pudukkottai District.","The District Environmental Engineer,Tamilnadu Pollution Control Board, No.01, SIPCOT Industrial Complex, SIPCOT Post, Pudukkottai-622002",https://www.tnpcb.gov.in/PDF/Citizen_corner/ph/ExeSumEngVeerapatti4823.pdf,https://www.tnpcb.gov.in/PDF/Citizen_corner/ph/EIARptEngVeerapatti4823.pdf
"M/s.B.Karuppaiah, SF.No.1193/1, 1193/2, 1199/1B, 1199/1C, 1199/1D, 1199/1E, 1199/1F, 1199/1H, 1199/1I, 1199/1J & 1199/1K of Katchaikatti Village, Vadipatti Taluk, Madurai District.",Proposed Rough Stone and Gravel Quarry lease over an extent of 2.01.5 Ha.,12.09.2023@ 11.00 AM,"M/s.Green Park, Residency, Door No.5-1-21/4, NH-7, Court Opp Main Road, T.Vadipatti, Madurai District.","The District Environmental Engineer,Tamilnadu Pollution Control Board, Kappalur, Madurai-625008.",https://www.tnpcb.gov.in/PDF/Citizen_corner/ph/ExeSumEngKaruppaiah4823.pdf,https://www.tnpcb.gov.in/PDF/Citizen_corner/ph/EIARptEngKaruppaiah4823.pdf
"M/s.P.Ananthakumar, Rough Stone & Gravel Quarry, S.F.No.452/2, 452/3A, 452/3B & 452/4 Melathattapparai Village, Thoothukudi Taluk, Thoothukudi District.",over an extent of 3.86.0 Ha.,12.09.2023@ 11.00 AM,"Sathya Mahal, 4/88, By pass road, Puthukottai, Thoothukudi Taluk, Thoothukudi District-628103.","The District Environmental Engineer,Tamilnadu Pollution Control Board, C7 & C9, SIPCOT Industrial Complex, Meelavittan, Thoothukudi-628008.",https://www.tnpcb.gov.in/PDF/Citizen_corner/ph/ExeSumEngAKumarAnanthammal2823.pdf,https://www.tnpcb.gov.in/PDF/Citizen_corner/ph/EIARptEngAKumarAnanthammal2823.pdf
"M/s.P.Deivathal Rough Stone & Gravel Quarry, S.F.Nos.152/1(P), 3/2A, 2, 153/2A, 153/2C & 156/1B, Sukkampalayam & Velampalayam Villages, Palladam Taluk, Tiruppur District.",Proposed 1 No. & existing 2 Nos. of Rough Stone and Gravel Quarries over an extent of 8.33.0 Ha.,07.09.2023@ 10.00 AM,"M/s.Kandasamy Gounder Raajammal Kalyana Mandapam, 63 Velampalayam palladam to Mangalam Road, Tiruppur, Tamil Nadu - 641663.","The District Environmental Engineer,Tamilnadu Pollution Control Board, Tiruppur(S), 12A, Pollachi By-pass Road, Palladam-641664, Tiruppur District.",https://www.tnpcb.gov.in/PDF/Citizen_corner/ph/ExeSumEngDeivathal2823.pdf,https://www.tnpcb.gov.in/PDF/Citizen_corner/ph/EIARptEngDeivathal2823.pdf
"M/s.Marine Infrastructure Developer Pvt Ltd, Kattupalli Village, Ponneri Taluk, Tiruvallur District.",Proposed Revised Master Plan Development of Kattupalli Port.,Postponed,"Project Land, in SF.Nos.4/3, 4/4A, 4/4B2, 3/2C, 97/2B of Kalanji Village located in Kattupalli to Pazhaverkadu Road, Opposite to Kalanji hamlet of Kattupalli Panchayat.","The District Environmental Engineer,Tamilnadu Pollution Control Board, No.88A, SIPCOT Industrial Complex, Gummidipoondi, Thiruvallur District-601201",https://www.tnpcb.gov.in/PDF/Citizen_corner/ph/ExeSumEngMarine4823.pdf,https://www.tnpcb.gov.in/PDF/Citizen_corner/ph/DraftEIARptEngMarineVol1A_4823.pdf
"M/s.Golden Blue Metals Pvt Ltd, Rough Stone & Gravel Quarry, S.F.No.451(p), 452(p), & 453(p) Kattalangulam Village, Thoothukudi Taluk, Thoothukudi District.",over an extent of 4.95.0 Ha.,05.09.2023@ 11.00 AM,"Selva Sumangali Mahal, 291, main road, Naduvaikurichi, Sayerpuram, Srivaikuntam Taluk, Thoothukudi District-628251.","The District Environmental Engineer,Tamilnadu Pollution Control Board, C7 & C9, SIPCOT Industrial Complex, Meelavittan, Thoothukudi-628008.",https://www.tnpcb.gov.in/PDF/Citizen_corner/ph/ExeSumEngGBMRamchandran2823.pdf,https://www.tnpcb.gov.in/PDF/Citizen_corner/ph/EIARptEngGBMRamchandran2823.pdf
"Draft Coastal Zone Management Plan and Land use Map/Sheet Numbers 66, 67, 68, 71, 72, 73, 74, 75, 76 and 77 prepared under CRZ Notification 2019.","Draft Coastal Zone Management Plan and Land use Map/Sheet Numbers 66, 67, 68, 71, 72, 73, 74, 75, 76 and 77 prepared under CRZ Notification 2019.",31.08.2023@ 10.30 AM,"GDP Hall, District Collectorate, Nagapattinam.","The District Environmental Engineer,Tamilnadu Pollution Control Board, District Collectorate Master Plan Complex, Nagapattinam.",https://www.tnpcb.gov.in/PDF/Citizen_corner/ph/ExeSumEngCZMPNpm227723.pdf,
"Draft Coastal Zone Management Plan and Land use Map/Sheet Numbers TN 54, TN 55, TN 56, TN 57, TN 58, TN 59, TN 60 & TN 61 prepared as per CRZ Notification 2019","Draft Coastal Zone Management Plan and Land use Map/Sheet Numbers TN 54, TN 55, TN 56, TN 57, TN 58, TN 59, TN 60 & TN 61 prepared as per CRZ Notifica",31.08.2023@ 11.30 AM,"M/s.Vasantham Thirumana Mahal, Vadakkur Amman Kovil Street, Manamelkudi North, Manamelkudi, Manamelkudi Taluk, Pudukkottai District-614620","The District Environmental Engineer,Tamilnadu Pollution Control Board, No.01, SIPCOT Industrial Complex, SIPCOT Post, Pudukkottai-622002",https://www.tnpcb.gov.in/PDF/Citizen_corner/ph/ExeSumEngCZMPPdk25723.pdf,
"M/s.Dahlia Granites Pvt Ltd, Multicolour Granite Quarry located at S.F.No.417/22, 454/2, 417/5, 417/7(P), K.Pitchampatti Village, Karur Taluk, Karur District.",Over an extent of 2.65.0 Hectares.,31.08.2023@ 11.00 AM,"Lakshmi Mahal, S.F.No.305, Karur-Dindugul main road, Velliyanai North, Karur Taluk, Karur District.","The District Environmental Engineer,Tamilnadu Pollution Control Board, L.G.B Nagar, Arivithirukkovil Road, Karur-639002.",https://www.tnpcb.gov.in/PDF/Citizen_corner/ph/ExeSumEngDahlia20723.pdf,https://www.tnpcb.gov.in/PDF/Citizen_corner/ph/EIARptEngDahlia20723.pdf
Draft Coastal Zone Management Plan and Land use Map/Sheet Numbers 77 to 82 and 84 prepared under CRZ Notification 2019,Draft Coastal Zone Management Plan and Land use Map/Sheet Numbers 77 to 82 and 84 prepared under CRZ Notification 2019,30.08.2023@ 10.30 AM,"M/s.Vaazhga Valamudan Tirumana Arangam, Main Road, Erukatanchery Village, Tharangampadi Taluk, Mayiladuthurai District.","The District Environmental Engineer,Tamilnadu Pollution Control Board, District Collectorate Msster Plan Complex, Nagapattinam.",https://www.tnpcb.gov.in/PDF/Citizen_corner/ph/ExeSumEngMyiladurai25723.pdf,
Draft Coastal Zone Management Plan and Land use Map/Sheet Numbers under CRZ Notification 2019 (Map/Sheet Nos.TN-61 to TN-64 & TN-69) with respect to Thanjavur District.,Draft Coastal Zone Management Plan and Land use Map/Sheet Numbers under CRZ Notification 2019 (Map/Sheet Nos.TN-61 to TN-64 & TN-69) with respect to T,29.08.2023@ 11.00 AM,"M/s.Vinoth Priya Party Hall, Mallipattinam, Chinnamanai Bus Stop, Chinnamanai Village, Pattukottai Taluk, Thanjavur District-614723","The District Environmental Engineer,Tamilnadu Pollution Control Board, Plot No.23, SIDCO Industrial Estate, Opp.To Uzhavar Chanthai, Nanjikottai Road, Thanjavur-613 006.",https://www.tnpcb.gov.in/PDF/Citizen_corner/ph/ExeSumEngDZMPTjv21723.pdf,
"Draft Coastal Zone Management Plan and Land use Map/Sheet Numbers TN27, TN28, TN29, TN30, TN31, TN32, TN33, TN34, TN35, TN36, TN37, TN38, TN39, TN40, TN41, TN42, TN43, TN44, TN45, TN46, TN47, TN48, TN49, TN50, TN51, TN52, TN53, TN54, TN55, TN56 under CRZ Notification 2019","Draft Coastal Zone Management Plan and Land use Map/Sheet Numbers TN27, TN28, TN29, TN30, TN31, TN32, TN33, TN34, TN35, TN36, TN37, TN38, TN39, TN40,",29.08.2023@ 10.30 AM,"District Collectorate GDP Hall, Ramanathapuram","The District Environmental Engineer,Tamilnadu Pollution Control Board, 1/1984, Jothi Nagar, Sakkarakottai Village, Collectorate Post, Ramanathapuram-623 504",https://www.tnpcb.gov.in/PDF/Citizen_corner/ph/ExeSumEngDZMPLURmp21723.pdf,
"Draft Coastal Zone Management Plan and Land use Map/Sheet Numbers TN-1, TN-2, TN-3, TN-4, TN-5, TN-6, TN-7, TN-10 & TN-11 prepared under CRZ Notification 2019","Draft Coastal Zone Management Plan and Land use Map/Sheet Numbers TN-1, TN-2, TN-3, TN-4, TN-5, TN-6, TN-7, TN-10 & TN-11 prepared under CRZ Notificat",26.08.2023@ 10.00 AM,"M/s.S.S.Auditorium, Palli Street, Colachel, Kanniyakumari District.","The District Environmental Engineer,Tamilnadu Pollution Control Board, No.318/46A,, Water Tank Road, Nagercoil-629001.",https://www.tnpcb.gov.in/PDF/Citizen_corner/ph/ExeSumEngKKumari25723.pdf,
"Draft Coastal Zone Management Plan and Landuse map in both Tamil & English prepared and updated under CRZ Notification 2019(Map/Sheet Nos. 12 to 28, 32)with respect to Thoothukudi District.","Draft Coastal Zone Management Plan and Landuse map in both Tamil & English prepared and updated under CRZ Notification 2019(Map/Sheet Nos. 12 to 28, 3",25.08.2023@ 11.00 AM,"Muthu Arangam, District Collectorate, Thoothukudi.","The District Environmental Engineer,Tamilnadu Pollution Control Board, No. C7 & C9, SIPCOT Industrial Complex, Meelavittan, Thoothukudi - 628 008.",https://www.tnpcb.gov.in/PDF/Citizen_corner/ph/ExeSumEngCzmpTtn25723.pdf,
"Draft Coastal Zone Management Plan and Land use Map/Sheet Numbers 64, 65, 66, 69, 70 and 71 prepared under CRZ Notification 2019.","Draft Coastal Zone Management Plan and Land use Map/Sheet Numbers 64, 65, 66, 69, 70 and 71 prepared under CRZ Notification 2019.",25.08.2023@ 10.30 AM,"M/s. Royal Mahal, Alangudi Road, Muthupettai Town, Thiruvarur District.","The District Environmental Engineer,Tamilnadu Pollution Control Board, District Collectorate Master Plan Complex, Nagapattinam.",https://www.tnpcb.gov.in/PDF/Citizen_corner/ph/ExeSumEngDZMPNpm24723.pdf,
"M/s.Sri Ganeshmurugan Blue Metals Rough Stone and Gravel Quarry, S.F.No.293/1(part), 293/3(part),294/2B & 295/1(part), Karurdaiyampalayam Village, Pugalur Taluk, Karur District.",Over an extent of 4.36.5 Hectares.,25.08.2023@ 11.00 AM,"Bharani Mahal, Door No.5/130 Near Balamalai, Pavithram Village, Pugalur Taluk, Karur District.","The District Environmental Engineer,Tamilnadu Pollution Control Board, L.G.B Nagar, Arivithirukkovil Road, Karur-639002.",https://www.tnpcb.gov.in/PDF/Citizen_corner/ph/ExeSumEngGaneshmurugan20723.pdf,https://www.tnpcb.gov.in/PDF/Citizen_corner/ph/EIARptEngGaneshmurugan20723.pdf
"M/s.P.Thirugnanasambantham, S.F.No.92/3F, 92/3G, 92/3I2, 92/3I3, 92/3J, 92/3K1, 92/3K2, 92/3K3, 92/3K4, 92/3L, 92/3M, 92/3N, 92/3O2, 92/3P, 92/3Q, 92/3R, 92/3S, 92/3T, 92/3U1, 92/3U2, 92/3U3,& 92/3V of Ponnamangalam Village, Thirumangalam Taluk, Madurai District.",Proposed Rough Stone and Gravel Quarry lease over an extent of 4.70.0 Ha.,24.08.2023@ 11.00 AM,"M/s.Pa.Deiva Thevar-Pavunthaiammal Thirumana Mahal, Vagaikulam Road, Mela Urappanur, Thirumangalam Taluk, Madurai District.","The District Environmental Engineer,Tamilnadu Pollution Control Board, Kappalur, Madurai.",https://www.tnpcb.gov.in/PDF/Citizen_corner/ph/ExeSumEngThiruganam15723.pdf,https://www.tnpcb.gov.in/PDF/Citizen_corner/ph/EIARptEngThiruganam15723.pdf
Draft Coastal Zone Management Plan and Land use Map/Sheet Numbers 91 to 96 under CRZ Notification 2019,Draft Coastal Zone Management Plan and Land use Map/Sheet Numbers 91 to 96 under CRZ Notification 2019,24.08.2023@ 11.30 AM,"M/s.S.N.R. Tirumana Mandapam, ECR Main Road, Keezhputhupattu Village, Marakkanam Taluk, Villupuram District.","The District Environmental Engineer,Tamilnadu Pollution Control Board, District Collectorate Master Plan Complex, Villupuram-605602.",https://www.tnpcb.gov.in/PDF/Citizen_corner/ph/ExeSumEngCZMPVpm20723.pdf,
Draft Coastal Zone Management Plans and Land use Map prepared and updated under CRZ Notification 2019 (Map/Sheet Nos.TN-81 to TN-90) with respect to Cuddalore District.,Draft Coastal Zone Management Plans and Land use Map prepared and updated under CRZ Notification 2019 (Map/Sheet Nos.TN-81 to TN-90) with respect to C,23.08.2023@ 11.00 AM,"Grievance Day Petition Hall, Ground Floor, New Collectorate Building, Collectorate, Manjakuppam, Cuddalore-607001","The District Environmental Engineer,Tamilnadu Pollution Control Board, Plot No.A3, SIPCOT Industrial Complex, Kudikadu, Cuddalore-607005",https://www.tnpcb.gov.in/PDF/Citizen_corner/ph/ExeSumEngCZMPCud20723.pdf,
"Draft Coastal Zone Management Plan and Land use Map/Sheet Numbers TN-7, TN-8, TN-9, TN-12 & TN-13 prepared under CRZ Notification 2019","Draft Coastal Zone Management Plan and Land use Map/Sheet Numbers TN-7, TN-8,TN-9, TN-12 & TN-13 prepared under CRZ Notification 2019",23.08.2023@ 10.30 AM,"O/o.Assistant Director, Fisheries and Fishermen Welfare Department, Radhapuram, Tirunelveli District.","The District Environmental Engineer,Tamilnadu Pollution Control Board, No.30/2, SIDCO Industrial Estate, Pettai, Tirunelveli-627 010",https://www.tnpcb.gov.in/PDF/Citizen_corner/ph/ExeSumEngDZMPTnv21723.pdf,
"M/s.State Industrial Promotion Corporation of Tamil Nadu, Industrial Park at Manallur & Soorapoondi Villages, Gummidipoondi Taluk, Thiruvallur District.",Proposed Industrial Park in Manallur and Soorapoondi Villages over an area of 279.995 Hectares.,22.08.2023@ 11.00 AM,"K.V.C.Mahal, Sathyavedu Road, Madharpakkam Village, Gummidipoondi Taluk, Tiruvallur District-601201.","The District Environmental Engineer,Tamilnadu Pollution Control Board, No.88(a), SIPCOT Industrial Complex, Gummidipoondi, Tiruvallur-601201.",https://www.tnpcb.gov.in/PDF/Citizen_corner/ph/EIARptEngStateIndPro20723.pdf,https://www.tnpcb.gov.in/PDF/Citizen_corner/ph/EIARptEngStateIndPro20723.pdf
"M/s.R.P.P. Blue Metals Rough Stone & Gravel Quarry, S.F.No.46 of Kuttapalayam Village, Kangeyam Taluk, Tiruppur District.",Proposed quarrying of Rough Stone & Gravel in an extent of 4.97.0 Hectares,22.08.2023@ 10.00 AM,"M/s.Santhosh Mahal, Palayakottai, Nathakadaiyur, Kangeyam Taluk, Tiruppur District.","The District Environmental Engineer,Tamilnadu Pollution Control Board, Tiruppur North, II floor, Kumaran Commercial Complex, Kumaran Road, Tiruppur-641 601.",https://www.tnpcb.gov.in/PDF/Citizen_corner/ph/ExeSumEngRPPBluemetal20723.pdf,https://www.tnpcb.gov.in/PDF/Citizen_corner/ph/EIARptEngRPPBlue20723.pdf
"M/s.P.Kandavelu, S.F.No.28/1, 29/1, 29/2, 30/1A1, 30/1A2, 30/1B, 30/1C1, 30/1C2, 30/2A, 30/2B, 30/3D, 31/1A, 31/1B, 31/2A, 47/10C, 48/4A, 48/4B & 48/4C, of Chettipillayarnatham Village, Thirumangalam Taluk, Madurai District.",Proposed Rough Stone and Gravel Quarry lease over an extent of 4.98.0 Ha.,22.08.2023@ 11.00 AM,"M/s.Vaigai Mahal, No.15/1/1, Virudhunagar Road, Melakottai Vilakku, Thirumangalam Taluk, Madurai District.","The District Environmental Engineer,Tamilnadu Pollution Control Board, Kappalur, Madurai.",https://www.tnpcb.gov.in/PDF/Citizen_corner/ph/ExeSumEngSK15723.pdf,https://www.tnpcb.gov.in/PDF/Citizen_corner/ph/EIARptEngSK15723.pdf
"M/s.S.Raghu Rough Stone Quarry, S.F.No.381/1 (Part-1), Gopanapalli Village, Hosur Taluk, Krishnagiri District.",Proposed Rough Stone Quarry lease over an extent of 1.30.0 Ha.,22.08.2023@ 11.00 AM,"M/s.CMK Kalyana Mandapam, Nagondapalli, Denkanikottai Main Road, Hosur- 635 109.","The District Environmental Engineer,Tamilnadu Pollution Control Board, Plot No.149-A, Ist Floor, SIPCOT Industrial Complex, Phase-I, Hosur-635 126 Krishnagiri District.",https://www.tnpcb.gov.in/PDF/Citizen_corner/ph/ExeSumEngRaghu13723.pdf,https://www.tnpcb.gov.in/PDF/Citizen_corner/ph/EIARptEngRaghu13723.pdf
"M/s.N.Narayanan Rough Stone Quarry, S.F.No.940/1(Part 2), Thiyaranadurgam Village, Shoolagiri Taluk, Krishnagiri District.",Proposed Rough Stone Quarry lease over an Extent of 4.24.5 Ha,18.08.2023@ 11.00 AM,"M/s. Kala Mahal Kelamangalam - Hosur Road, Kelamangalam Denkanikottai Taluk, Krishnagiri District-635 113","The District Environmental Engineer,Tamilnadu Pollution Control Board, Plot No.149-A, Ist Floor, SIPCOT Industrial Complex, Phase-I, Hosur-635 126 Krishnagiri District.",https://www.tnpcb.gov.in/PDF/Citizen_corner/ph/ExeSumEngNK13723.pdf,https://www.tnpcb.gov.in/PDF/Citizen_corner/ph/EIARptEngNK13723.pdf
"M/s.N.Venkatesan, S.F.No.168(Part-1), Vada Alapirandan Village, Cheyyar Taluk, Tiruvannamalai District.",Rough Stone & Gravel Quarry in a cluster,18.08.2023@ 01.00 PM,"M/s.Sri Lakshmi Mahal, main road, Opp to Tahsildar office, Vembakkam Village and Taluk, Tiruvannamalai District-604 410","The District Environmental Engineer,Tamilnadu Pollution Control Board, District Collectorate Master Plan Complex, Vengikkal, Thiruvannamalai-606 604",https://www.tnpcb.gov.in/PDF/Citizen_corner/ph/ExeSumEngVenkatesh15723.pdf,https://www.tnpcb.gov.in/PDF/Citizen_corner/ph/EIARptEngVenkatesh15723.pdf
"M/s.J.K.Srinivasan , S.F.No.211/2B, 211/3B, 211/4, 211/5, 211/6, 211/7, 211/8, & 211/9, Vada Alapirandan Village, Cheyyar Taluk, Tiruvannamalai District.",Rough Stone & Gravel Quarry in a cluster,18.08.2023@ 12.00 PM,"M/s.Sri Lakshmi Mahal, main road,Opp to Tahsildar office, Vembakkam Village and Taluk, Tiruvannamalai District-604 410","The District Environmental Engineer,Tamilnadu Pollution Control Board, District Collectorate Master Plan Complex, Vengikkal, Thiruvannamalai-606 604",https://www.tnpcb.gov.in/PDF/Citizen_corner/ph/ExeSumEngJCKMines15723.pdf,https://www.tnpcb.gov.in/PDF/Citizen_corner/ph/EIARptEngJCKMines15723.pdf
"M/s.K.Sudhakaran , S.F.No.7, 8/1, 8/2, 8/3, 8/4, 8/5, and 214/5, Vada Alapirandan Village, Cheyyar Taluk, Tiruvannamalai District.",Rough Stone & Gravel Quarry in a cluster,18.08.2023@ 11.00 AM,"M/s.Sri Lakshmi Mahal, main road,Opp to Tahsildar office, Vembakkam Village and Taluk, Tiruvannamalai District-604 410","The District Environmental Engineer,Tamilnadu Pollution Control Board, District Collectorate Master Plan Complex, Vengikkal, Thiruvannamalai-606 604",https://www.tnpcb.gov.in/PDF/Citizen_corner/ph/ExeSumEngSudhakaran15723.pdf,https://www.tnpcb.gov.in/PDF/Citizen_corner/ph/EIARptEngSudhakaran15723.pdf
"M/s.R.Kathirvelu , S.F.No.58/1A, 58/1B, 58/2A, 58/2B, 58/3, 58/6, 58/7, 58/8A, 58/8B, 59/2A, 61/1B, 61/2A, 61/2B, 61/3, 61/4A, 61/5A, & 61/6, Kaganam Village, Vembakkam Taluk, Tiruvannamalai District.",Rough Stone & Gravel Quarry in a cluster,18.08.2023@ 10.00 AM,"M/s.Sri Lakshmi Mahal, main road, Opp to Tahsildar office, Vembakkam Village and Taluk, Tiruvannamalai District-604 410","The District Environmental Engineer,Tamilnadu Pollution Control Board, District Collectorate Master Plan Complex, Vengikkal, Thiruvannamalai-606 604",https://www.tnpcb.gov.in/PDF/Citizen_corner/ph/ExeSumEngKathirvelu15723.pdf,https://www.tnpcb.gov.in/PDF/Citizen_corner/ph/EIARptEngKathirvelu15723.pdf
"M/s.M.Mohamed Ismail Rough Stone & Gravel Quarry, S.F.No.467/2,3,477/3,4,5 & 468/1, A.P.NAdanur Village, AlangulamTaluk, Tenkasi District.",Rough Stone & Gravel Quarry over an extent of 4.38.0 Ha.,18.08.2023@ 11.00 AM,"Town Panchayat Samuthaya Nalakudam, 22F, main road, Alwarkurichi, Alwarkurichi Town Panchayat, Tenkasi Taluk, Teskasi District.","The District Environmental Engineer,Tamilnadu Pollution Control Board, No.30/2, SIDCO Industrial Estate, Pettai, Tirunelveli-627010",https://www.tnpcb.gov.in/PDF/Citizen_corner/ph/ExeSumEngMIsmail15723.pdf,https://www.tnpcb.gov.in/PDF/Citizen_corner/ph/EIARptEngMIsmail15723.pdf
"Draft Coastal Zone Management Plan and Land use Map/Sheet Numbers 95, 97 to 105 prepared under CRZ Notification 2019","Draft Coastal Zone Management Plan and Land use Map/Sheet Numbers 95, 97 to 105 prepared under CRZ Notification 2019",Postponed,"Kovalam Beach, Thiruporur Taluk, Chengalpattu District-603 112","The District Environmental Engineer,Tamilnadu Pollution Control Board, Maraimalai Adigalar Street, Next to Municipal Office, Maraimalai Nagar.",https://www.tnpcb.gov.in/PDF/Citizen_corner/ph/ExeSumEngCoastakZone15723.pdf,
"M/s.V.Chandran, S.F.No.480/1A, 1B, 2, 3, 484/3, 490/1A, 3A, 3B, 3C, 4D, Pakkam Village, Maduranthagam Taluk, Chengalpattu District.",Proposed Rough Stone & Gravel Quarry to be located in an extent of 3.76.0 Ha.,17.08.2023@ 10.30 AM,"M/s.JMJ Marina Palace, GST Road, Silavattam, Near, Hotel Manoj Bhavan, Maduranthagam Taluk, Chengalpattu District.","The District Environmental Engineer,Tamilnadu Pollution Control Board, Maraimalai Adigalar Street, Next to Municipal Office, Maraimalai Nagar.",https://www.tnpcb.gov.in/PDF/Citizen_corner/ph/ExeSumEngChandran15723.pdf,https://www.tnpcb.gov.in/PDF/Citizen_corner/ph/EIARptEngChandran15723.pdf
"M/s.Globle Enterprises, S.F.No.6/4A, Hanumanthapuram Village, Denkanikottai Taluk, Krishnagiri District.",Proposed Black Granite Quarry lease over an extent of 1.44.5 Ha.,17.08.2023@ 11.00 AM,"M/s.Sri Chowdeshwari Convention Hall, Anchetty main road, Denkanikottai Taluk, Krishnagiri District-635 107","The District Environmental Engineer,Tamilnadu Pollution Control Board, Plot No.149-A, Ist Floor, SIPCOT Industrial Complex, Phase-I, Hosur-635 126 Krishnagiri District.",https://www.tnpcb.gov.in/PDF/Citizen_corner/ph/ExeSumEngGlobal13723.pdf,https://www.tnpcb.gov.in/PDF/Citizen_corner/ph/EIARptEngGlobal13723.pdf
"M/s.K.Arumugasamy Rough Stone & Gravel Quarry, S.F.No.3, Surandai Part-I Village, V.K.Pudur Taluk, Tenkasi District.",Rough Stone & Gravel Quarry over an extent of 2.45.5 Ha.,16.08.2023@ 11.00 AM,"Senai Thalaivar Thirumana Mandapam, Opposite To Azhagu Parvathi Amman Temple, Surandai, V.K.Pudur Taluk, Tenkasi District-627 859","The District Environmental Engineer,Tamilnadu Pollution Control Board, No.30/2, SIDCO Industrial Estate, Pettai, Tirunelveli-627010",https://www.tnpcb.gov.in/PDF/Citizen_corner/ph/ExeSumEngArumugasamy15723.pdf,https://www.tnpcb.gov.in/PDF/Citizen_corner/ph/EIARptEngArumugasamy15723.pdf
"M/s.Tamil Nadu Minerals Limited, S.F.No.1456 & 1458 of Sivanmalai Village, Kangeyam Taluk, Tiruppur District.",Proposed Colour Granite Rough Quarry over an extent of 17.09.0 Ha.,16.08.2023@ 11.00 AM,"M/s.Velavan Mahal, Girivala pathai, Sivanmalai, Kangeyam Taluk, Tiruppur District.","The District Environmental Engineer,Tamilnadu Pollution Control Board, Tiruppur North, II floor, Kumaran Commercial Complex, Kumaran Road, Tiruppur-641601",https://www.tnpcb.gov.in/PDF/Citizen_corner/ph/ExeSumEngSivanmalai11723.pdf,https://www.tnpcb.gov.in/PDF/Citizen_corner/ph/EIARptEngSivanmalai11723.pdf
"M/s.R.R.Senthilkumar Raju , S.F.No.52/8B2, 52/8B3, 53/10, 53/11, 53/12, 53/5B, 53/6,53/7, 53/8, 53/9, 54/1B2,& 54/!C Sundakottai Village, Aruppukottai Taluk, Virudhunagar District.",Proposed Rough Stone and Gravel Quarry over an extent of 3.56.0 Ha.,10.08.2023@ 11.00 AM,"M/s.Sathya Mahal, 1/117A, Aruppukotttai-Sayalgudi main road, M.Reddiapatti-626118, Aruppukottai Taluk, Virudhunagar District.","The District Environmental Engineer,Tamilnadu Pollution Control Board, Coimbatore North, No.23, Collectorate Campus, Virudhunagar-626002.",https://www.tnpcb.gov.in/PDF/Citizen_corner/ph/ExeSumEngSenthilkumar3723.pdf,https://www.tnpcb.gov.in/PDF/Citizen_corner/ph/EIARptEngSenthilkumar3723.pdf
"M/s.K.Sundararaj Rough Stone & Gravel Quarry, 393/1A(P), Belladhi Village, Mettupalayam Taluk, Coimbatore District.",Proposed 4 No's of Rough Stone Gravel Quarries cluster over an extent of 12.63.55 Ha.,03.08.2023@ 11.00 AM,"Community Hall, Mongampalayam, Belladhi Village, Mettupalayam Taluk, Coimbatore District.","The District Environmental Engineer,Tamilnadu Pollution Control Board, Coimbatore North, No.5, Ramasamy Nagar, Kavundapalayam, Coimbatore-641030.",https://www.tnpcb.gov.in/PDF/Citizen_corner/ph/ExeSumEngBelladhi30623.pdf,https://www.tnpcb.gov.in/PDF/Citizen_corner/ph/EIARptEngBelladhi30623.pdf
"M/s.SRA Granites, S.F.No.61/3, Karandapalli Village, Denkanikottai Taluk, Krishnagiri District.",Proposed Black Granite Quarry lease over an extent of 2.07.5 Ha Patta land.,02.08.2023@ 11.00 AM,"M/s.Sri Chowdeswari Convention Hall, Anchetty main road, Denkanikottai Taluk, Krishnagiri District-635107.","The District Environmental Engineer,Tamilnadu Pollution Control Board, Plot No.149-A, Ist Floor, SIPCOT Industrial Complex, Phase-1, Hosur-635126 Krishnagiri District.",https://www.tnpcb.gov.in/PDF/Citizen_corner/ph/ExeSumEngSRAGranites22623.pdf,
"M/s.A.Nandakumar Rough Stone & Gravel Quarry, S.F.No.78/1(part), 419, 420, Chikkarampalayam Village, Mettupalayam Taluk, Coimbatore District.",Proposed Rough Stone & Gravel Quarry over an extent of 3.46.00 Ha.,01.08.2023@ 11.00 AM,"Durai's Mahal, Kannarpalayam Road, Sikkarampalayam Village, Karamadai, Coimbatore District.","The District Environmental Engineer,Tamilnadu Pollution Control Board, Coimbatore North, No.5, Ramasamy Nagar, Kavundapalayam, Coimbatore-641030.",https://www.tnpcb.gov.in/PDF/Citizen_corner/ph/ExeSumEngNandhakumar30623.pdf,https://www.tnpcb.gov.in/PDF/Citizen_corner/ph/EIARptEngNandakumar30623.pdf
"M/s.P.Chandramohan Rough Stone & Gravel Quarry, S.F.No.428/2,429/1 & 429/2 Chikkarampalayam Village, Mettupalayam Taluk, Coimbatore District.",Proposed Rough Stone & Gravel Quarry over an extent of 1.81.5 Ha.,01.08.2023@ 12.30 PM,"Durai's Mahal, Kannarpalayam Road, Sikkarampalayam Village, Karamadai, Coimbatore District.","The District Environmental Engineer,Tamilnadu Pollution Control Board, Coimbatore North, No.5, Ramasamy Nagar, Kavundapalayam, Coimbatore-641030.",https://www.tnpcb.gov.in/PDF/Citizen_corner/ph/ExeSumEngChandramohan30623.pdf,https://www.tnpcb.gov.in/PDF/Citizen_corner/ph/EIARptEngChandramohan30623.pdf
"M/s.Sri Rajalakshmi Samappa Building Materials Company Rough Stone & Gravel Quarry, S.F.No.1120/2 & 1121/2 Bilichi Village, Coimbatore North Taluk, Coimbatore District.",Proposed Rough Stone & Gravel Quarry over an extent of 2.60.5 Ha.,01.08.2023@ 03.00 PM,"Raj Mahal, 4/283, Mettupalayam Road, Mathampalayam, Bilichi Village, Coimbatore North Taluk, Coimbatore District.","The District Environmental Engineer,Tamilnadu Pollution Control Board, Coimbatore North, No.5, Ramasamy Nagar, Kavundapalayam, Coimbatore-641030.",https://www.tnpcb.gov.in/PDF/Citizen_corner/ph/ExeSumEngRajalakshmi30623.pdf,https://www.tnpcb.gov.in/PDF/Citizen_corner/ph/EIARptEngRajalakshmi30623.pdf
"M/s.R.V Enterprises, S.F.No.232/2(part) Mugalur Village, Hosur Taluk, Krishnagiri District.",Proposed Rough Stone Quarry lease over an extent of 2.40.0 Ha.,24.07.2023@ 10.30 AM,"M/s.CMK Kalyana Mandapam, Nagondapalli, Denkanikottai MAin Road, Hosur-635109.","The District Environmental Engineer,Tamilnadu Pollution Control Board, Plot No.149-A, Ist Floor, SIPCOT Industrial Complex, Phase-1, Hosur-635126 Krishnagiri District.",https://www.tnpcb.gov.in/PDF/Citizen_corner/ph/ExeSumEngRVEnterprises22623.pdf,https://www.tnpcb.gov.in/PDF/Citizen_corner/ph/EIARptEngRVEnterprises22623.pdf
"M/s.SSV Blue Metals, S.F.No.603/1(part) Panchakshipuram Village, Hosur Taluk, Krishnagiri District.",Proposed Rough Stone Quarry lease over an extent of 2.50.0 Ha.,24.07.2023@ 11.30 AM,"M/s.CMK Kalyana Mandapam, Nagondapalli, Denkanikottai MAin Road, Hosur-635109.","The District Environmental Engineer,Tamilnadu Pollution Control Board, Plot No.149-A, Ist Floor, SIPCOT Industrial Complex, Phase-1, Hosur-635126 Krishnagiri District.",https://www.tnpcb.gov.in/PDF/Citizen_corner/ph/ExeSumEngSSVBluemetals22623.pdf,
"M/s.Tamilnadu Minerals Limited, S.F.No.155/2, Karandapalli Village, Denkanikottai Taluk, Krishnagiri District.",Proposed Black Granite Quarry lease over an extent of 14.53.0 Ha.,28.07.2023@ 11.00 AM,"M/s.Sri Mallikaarjuna Swamy Bramaramba Devi Samskruthika Bhavana, Mallikaarjuna Durugam, Kundukottai Post, Denkanikottai Taluk, Krishnagiri District-635107.","The District Environmental Engineer,Tamilnadu Pollution Control Board, Plot No.149-A, Ist Floor, SIPCOT Industrial Complex, Phase-1, Hosur-635126 Krishnagiri District.",https://www.tnpcb.gov.in/PDF/Citizen_corner/ph/ExeSumEngKarandapalli22623.pdf,https://www.tnpcb.gov.in/PDF/Citizen_corner/ph/EIARptEngKarandapalli22623.pdf
"M/s.Sri Vari Infrastructure, S.F.No.637(p) and 4(p) Thuppuganapalli & Agaram AgraharamVillage, Shoolagiri Taluk, Krishnagiri District.",Proposed Rough Stone Quarry lease over an extent of 2.95.0 Ha.,26.07.2023@ 12.00 PM,"M/s.SAS Mahal, Keel theru Berigai Road, Shoolagiri Taluk, Krishnagiri District-635117","The District Environmental Engineer,Tamilnadu Pollution Control Board, Plot No.149-A, Ist Floor, SIPCOT Industrial Complex, Phase-1, Hosur-635126 Krishnagiri District.",https://www.tnpcb.gov.in/PDF/Citizen_corner/ph/ExeSumEngSrivariInfra22623.pdf,https://www.tnpcb.gov.in/PDF/Citizen_corner/ph/EIARptEngSrivariInfra22623.pdf
"M/s.Sumukha Blue Metals & Blocks LLP, S.F.No.420(part-3) Thuppuganapalli Village, Shoolagiri Taluk, Krishnagiri District.",Proposed Rough Stone Quarry lease over an extent of 4.60.0 Ha.,26.07.2023@ 11.00 AM,"M/s.SAS Mahal, Keel theru Berigai Road, Shoolagiri Taluk, Krishnagiri District-635117","The District Environmental Engineer,Tamilnadu Pollution Control Board, Plot No.149-A, Ist Floor, SIPCOT Industrial Complex, Phase-1, Hosur-635126 Krishnagiri District.",https://www.tnpcb.gov.in/PDF/Citizen_corner/ph/ExeSumEngSumukha22623.pdf,https://www.tnpcb.gov.in/PDF/Citizen_corner/ph/EIARptEngSumukha22623.pdf
"M/s.P.Sasikumar Rough Stone & Gravel Quarry, S.F.No,442(part) of Keeranur Village, Kangeyam Taluk, Tiruppur District.",Proposed quarring of Rough Stone & Gravel in an extent of 2.00.0 Hectares.,21.07.2023@ 11.00 AM,"M/s.Sri Kumaran Mahal, Keeranur Village, Kangeyam Taluk, Tiruppur District.","The District Environmental Engineer,Tamilnadu Pollution Control Board, Tiruppur North, II Floor, Kumaran Commercial Complex, Kumaran Road, Tiruppur-641 601",https://www.tnpcb.gov.in/PDF/Citizen_corner/ph/ExeSumEngSasikumar16623.pdf,https://www.tnpcb.gov.in/PDF/Citizen_corner/ph/EIARptEngSasikumar16623.pdf
"M/s.Dalmia Cement(Bharat)Ltd, Kallakudi & Kovandakurichi Limestone mines(ML-1) located at S.F.No.39/8, 40, 41/1, 47/1, 47/3, 47/11, 49, 50, 51, 52 etc., of Kallakudi Village, S.F.No.54/1, 54/2, 55, 56, 57, 60, 75, 81/1B etc., of Kovandankurichi Village and S.F.No.32 of Venkatachalpuram Village, Lalg",Proposed production enhancement from 2.00 MTPA to 6.97 MTPA (ROM) in the existing Limestone Mines over an Extent of 166.005 Hectares under GO.No.76 da,19.07.2023@ 11.00 AM,"Selvi Mahal, Door No.90, Sri Lakshmi Nagar, Trichy-Ariyalur Bypass road, Opposite to Old Samathuvapuram, Kallakudi Village, Lalgudi Taluk, Tiruchirapalli District-621652.","The District Environmental Engineer,Tamilnadu Pollution Control Board, No.25, SIDCO Industrial Estate, Thuvakudy, Trichy-15.",https://www.tnpcb.gov.in/PDF/Citizen_corner/ph/EIARptEngDalmiaCements13623.pdf,https://www.tnpcb.gov.in/PDF/Citizen_corner/ph/EIARptEngDalmiaCements13623.pdf
"M/s.Black Granite Mining Project, S.F.No.1193/1(part-5 & part-16), Kodakkal Village, Sholinghur Taluk, Ranipet District.",Proposed Black Granite Quarry of 11027 Cubic Meter production capacity for five years from the excavation of 110265 Cubic meter (Total Quantity)over a,18.07.2023@ 11.00 AM,"M/s.M.Arumuga Chettiyar Salammal Thirumana Mandapam, Walajaha Road, Kodaikkal Mottur, Sholinghur, Ranipet.","The District Environmental Engineer,Tamilnadu Pollution Control Board, Auxilium College Road, Opp. Aux.College, Gandhi Nagar, Vellore-632006",https://www.tnpcb.gov.in/PDF/Citizen_corner/ph/ExeSumEngTaminRpt10623.pdf,https://www.tnpcb.gov.in/PDF/Citizen_corner/ph/EIARptEngTaminRpt10623.pdf
"M/s.Tamil Nadu Minerals Ltd(A Govt.of Tamil Nadu Undertaking) in an extent of 10.44.0 Ha, at S.F.No.58/1 in Pothuvai Village and in an extent of 29.69.5 Ha of patta land at S.F.No.135/1 in Pazhavalam Village, Gingee Taluk, Villupuram District.",Proposed Granite Quarry & Quartzo-Fedspathic Gnesiss Quarry.,13.07.2023@ 11.00 AM,"M/s.Arasi Mahal, Villupuram-Thiruvannamalai Road, Malavanthangal 'X' Road, Malavanthangal Village, Gingee Taluk, Villupuram District-605701.","The District Environmental Engineer,Tamilnadu Pollution Control Board, District Collectorate Master Plan Complex, Villupuram-605602.",https://www.tnpcb.gov.in/PDF/Citizen_corner/ph/ExeSumEngTaminVpm10623.pdf,https://www.tnpcb.gov.in/PDF/Citizen_corner/ph/EIARptEngTaminVpm10623.pdf
"M/s.M.K.Kungumarajh Rough Stone & Gravel Quarry, S.F.No.182/2(P), Thirukooranam Village, Gujiliamparai Taluk, Dindigul District.",Rough Stone & Gravel Quarry proposal over an extent of 3.00.0 Ha(patta land).,13.07.2023@ 11.00 AM,"M/s.Samuthaya Koodam, Thulukkamparai, Thirukooranam Village, Gujiliamparai Taluk, Dindigul District - 624703","The District Environmental Engineer,Tamilnadu Pollution Control Board, Collector Office Campus, Dindigul-624004.",https://www.tnpcb.gov.in/PDF/Citizen_corner/ph/ExeSumEngKungumarajh6423.pdf,https://www.tnpcb.gov.in/PDF/Citizen_corner/ph/EIARptEngGungumarajh6423.pdf
"M/s.Tamil Nadu Minerals Limited, Black Granite & Granitic Gnesis Quarry at S.F.No 287, Panchapalli Village and S.F.No.19, Nammandahalli Village, Palacode Taluk, Dharmapuri District.",Black Granite & Granitic Gnesis Quarry.,11.07.2023@ 11.00 AM,"Government Higher Secondary School, Panchapalli, Palacode Taluk, Dharmapuri District-636 812.","The District Environmental Engineer,Tamilnadu Pollution Control Board, Adhiyamankottai-Hosurbye pass Road, A.Reddihalli Village, Dharmapuri Taluk, Dharmapuri District-636809.",https://www.tnpcb.gov.in/PDF/Citizen_corner/ph/ExeSumEngTNMinerals9623.pdf,https://www.tnpcb.gov.in/PDF/Citizen_corner/ph/EIARptEngTNMinerals9623.pdf
"M/s.B.Venkatakrishnan, S.F.No70/2, 70/3, 70/4, 70/5A & 71/3 in Kondalangkuppam Village, Vanur Taluk, Villupuram District.",Proposed Red Earth Quarry extent of 1.53.5 Ha of patta land.,04.07.2023@ 12.30 PM,"M/s.Dhanalakshmi Mahal Perumbakkam Bus Stop, Pondy-Mailam Road, Karasanur, Vannur Taluk, Villupuram District-604304.","The District Environmental Engineer,Tamilnadu Pollution Control Board, District Collectorate Master plan complex, Villupuram-605602",https://www.tnpcb.gov.in/PDF/Citizen_corner/ph/ExeSumEngVenkatakrishnan2623.pdf,https://www.tnpcb.gov.in/PDF/Citizen_corner/ph/EIARptEngVenkatakrishnan2623.pdf
"M/s.K.Gnanasekaran S.F.No.29/2, 29/3, 30/4, 30/9, 30/12 & 30/13 in Thollamur Village, Vanur Taluk, Villupuram District.",Proposed Rough Stone & Earth Quarry extent of 2.33.5 Ha of patta land.,04.07.2023@ 11.00 AM,"M/s.Dhanalakshmi Mahal Perumbakkam Bus Stop, Pondy-Mailam Road, Karasanur, Vannur Taluk, Villupuram District-604304.","The District Environmental Engineer,Tamilnadu Pollution Control Board, District Collectorate Master plan complex, Villupuram-605602",https://www.tnpcb.gov.in/PDF/Citizen_corner/ph/ExeSumEngGnanasekaran2623.pdf,https://www.tnpcb.gov.in/PDF/Citizen_corner/ph/EIARptEngGnanasekaran2623.pdf
"M/s.A.Kumar Rough Stone Quarry, S.F.No.88/1(part-3) B.S.Thimmasandram Village, Shoolagiri Taluk, Krishnagiri District.",Proposed Rough Stone Quarry lease over extent of 4.50.0 Ha.,28.06.2023@ 03.30 PM,"M/s.HMS Mahal, 4/1332, Berikai checkpost, Shoolagiri road, Bergai, Shoolagiri Taluk, Krishnagiri District-635105.","The District Environmental Engineer,Tamilnadu Pollution Control Board, Plot No.149-A, Ist Floor, SIPCOT Industrial Complex, Phase-I, Hosur-635126 Krishnagiri District.",https://www.tnpcb.gov.in/PDF/Citizen_corner/ph/ExeSumEngKumar25523.pdf,
"M/s.S.Mahesh Kumar Rough Stone Quarry, S.F.No.72(part) & 87/1(part), Doripalli Village, Shoolagiri Taluk, Krishnagiri District.",Proposed Rough Stone Quarry lease over extent of 1.60.0 Ha.,28.06.2023@ 12.30 PM,"M/s.P.V.R-L.M.R Kalyana Mandapam, No.344/1, 344/2, Berikai Village, Theertham Road, Shoolagiri Taluk, Krishnagiri District-635105.","The District Environmental Engineer,Tamilnadu Pollution Control Board, Plot No.149-A, Ist Floor, SIPCOT Industrial Complex, Phase-I, Hosur-635126 Krishnagiri District.",https://www.tnpcb.gov.in/PDF/Citizen_corner/ph/ExeSumEngMKumar25523.pdf,https://www.tnpcb.gov.in/PDF/Citizen_corner/ph/EIARptEngMKumar25523.pdf
"M/s.S.R.Enterprises Rough Stone Quarry, S.F.No.86(part-3), Venkatesapuram Village, Shoolagiri Taluk, Krishnagiri District.",Proposed Rough Stone Quarry lease over extent of 2.00.00 Ha.,28.06.2023@ 11.30 AM,"M/s.P.V.R-L.M.R Kalyana Mandapam, No.344/1, 344/2, Berikai Village, Theertham Road, Shoolagiri Taluk, Krishnagiri District-635105.","The District Environmental Engineer,Tamilnadu Pollution Control Board, Plot No.149-A, Ist Floor, SIPCOT Industrial Complex, Phase-I, Hosur-635126 Krishnagiri District.",https://www.tnpcb.gov.in/PDF/Citizen_corner/ph/ExeSumEngSREnterprises25523.pdf,https://www.tnpcb.gov.in/PDF/Citizen_corner/ph/EIARptEngSREnterprises25523.pdf
"M/s.A.Brian Balachander Rough Stone Quarry, S.F.No.86(part-1)in Venkatesapuram Village, Shoolagiri Taluk, Krishnagiri District.",Proposed Rough Stone Quarry lease over extent of 2.50.00 Ha.,28.06.2023@ 10.30 AM,"M/s.P.V.R-L.M.R Kalyana Mandapam, No.344/1, 344/2, Berikai Village, Theertham Road, Shoolagiri Taluk, Krishnagiri District-635105.","The District Environmental Engineer,Tamilnadu Pollution Control Board, Plot No.149-A, Ist Floor, SIPCOT Industrial Complex, Phase-I, Hosur-635126 Krishnagiri District.",https://www.tnpcb.gov.in/PDF/Citizen_corner/ph/ExeSumEngBrian25523.pdf,https://www.tnpcb.gov.in/PDF/Citizen_corner/ph/EIARptEngBrian25523.pdf
"M/s.S.Ravi Rough Stone & Gravel Quarry, S.F.No.425/6, 425/7 & 425/8 of Lembalakudi Village, Thirumayam Taluk, Pudukkottai District.",Proposed Rough Stone and Gravel Quarry extent of 1.53.5 Ha.,06.07.2023@ 11.00 AM,"Magalir Suya Uthavikkuzhu Building, Pillaipatti, Lembalakudi Village, Thirumayam Taluk, Pudukkottai District-622412","The District Environmental Engineer,Tamilnadu Pollution Control Board, Plot No.01,SIPCOT Industrial Complex, SIPCOT Post, Pudukkottai-622002.",https://www.tnpcb.gov.in/PDF/Citizen_corner/ph/ExeSumEngRavi22523.pdf,https://www.tnpcb.gov.in/PDF/Citizen_corner/ph/EIARptEngRavi22523.pdf
"M/s.SAIL Refractory Company Limited, S.F.No.3/1 (part), 6/2A of Mallamooppampatti, Salem West Taluk, Salem District, S.F.No.123/2(P), 124(P), 125(P), 135(P), 136(P), 137(P),145(P) of Thathaiyangarpatti Village, Omalur Taluk, Salem District, S.F.No. 54/3, 56/2(P), 65(P) of Moongilpadi Village, Omalur",Proposed Magnesite and Dunite Quarry lease over an extent of 622.69 Hectares.,04.07.2023@ 11.00 AM,"M/s. Rajam Thirumana Mandapam, Indhira Nagar, Near Rajam Hospital, Karuppur, Omalur Taluk, Salem District-636012.","The District Environmental Engineer,Tamilnadu Pollution Control Board, No.1/276, Meyyanur Road, Salem.",https://www.tnpcb.gov.in/PDF/Citizen_corner/ph/ExeSumEngSRCL19523.pdf,https://www.tnpcb.gov.in/PDF/Citizen_corner/ph/EIARptEngSRCL19523.pdf
"M/s.N.Kanniyappan Rough Stone & Gravel Quarry, S.F.No.277/1A, 277/1B, 277/1C, 277/1D, 277/1E, 277/1, 277/2 & 280/2, Sirudhamur Village, Uthiramerur Taluk, Kancheepuram District.",over an extent of 3.11.50 Hectares.,23.06.2023@ 11.30 AM to 12.30 PM,"M/s.R.R.K.Mahal, No.167, Thirumukkudal, Thirumukkudal-Pinayur Road, Uthiramerur Taluk, Kancheepuram District.","The District Environmental Engineer,Tamilnadu Pollution Control Board, Plot No.CP-5B, SIPCOT, Oragadam, Sriperumbudur Taluk, Kancheepuram District-602105",https://www.tnpcb.gov.in/PDF/Citizen_corner/ph/ExeSumEngKanniyappan16523_277.pdf,https://www.tnpcb.gov.in/PDF/Citizen_corner/ph/EIARptEngKanniyappan16523_277.pdf
"M/s.S.Rajendiran Rough Stone & Gravel Quarry, S.F.No.275/1B, 275/2A, 238/1A, 238/1B, 238/1C, 238/1D, Sirudhamur Village, Uthiramerur Taluk, Kancheepuram District.",over an extent of 3.35.5 Hectares.,23.06.2023@ 11.30 AM to 12.30 PM,"M/s.R.R.K.Mahal, No.167, Thirumukkudal, Thirumukkudal-Pinayur Road, Uthiramerur Taluk, Kancheepuram District.","The District Environmental Engineer,Tamilnadu Pollution Control Board, Plot No.CP-5B, SIPCOT, Oragadam, Sriperumbudur Taluk, Kancheepuram District-602105",https://www.tnpcb.gov.in/PDF/Citizen_corner/ph/ExeSumEngRajendiran16523.pdf,https://www.tnpcb.gov.in/PDF/Citizen_corner/ph/EIARptEngRajendiran16523.pdf
"M/s.N.Kanniyappan Rough Stone & Gravel Quarry, S.F.No.319/1, 319/2, 319/3, 319/4 Sirudhamur Village, Uthiramerur Taluk, Kancheepuram District.",over an extent of 1.62.0 Hectares.,23.06.2023@ 12.30 PM to 1.30 PM,"M/s.R.R.K.Mahal, No.167, Thirumukkudal, Thirumukkudal-Pinayur Road, Uthiramerur Taluk, Kancheepuram District.","The District Environmental Engineer,Tamilnadu Pollution Control Board, Plot No.CP-5B, SIPCOT, Oragadam, Sriperumbudur Taluk, Kancheepuram District-602105",https://www.tnpcb.gov.in/PDF/Citizen_corner/ph/ExeSumEngKanniyappan_319.pdf,https://www.tnpcb.gov.in/PDF/Citizen_corner/ph/EIARptEngKanniyappan16523_319.pdf
"M/s.M.Ganesan Rough Stone & Gravel Quarry, S.F.No.320/1A, 1B, 2, Sirudhamur Village, Uthiramerur Taluk, Kancheepuram District.",over an extent of 1.98.0 Hectares.,23.06.2023@ 10.30 AM to 11.30 AM,"M/s.R.R.K.Mahal, No.167, Thirumukkudal, Thirumukkudal-Pinayur Road, Uthiramerur Taluk, Kancheepuram District.","The District Environmental Engineer,Tamilnadu Pollution Control Board, Plot No.CP-5B, SIPCOT, Oragadam, Sriperumbudur Taluk, Kancheepuram District-602105",https://www.tnpcb.gov.in/PDF/Citizen_corner/ph/ExeSumEngGanesan16523.pdf,https://www.tnpcb.gov.in/PDF/Citizen_corner/ph/EIARptEngGanesan16523.pdf
"M/s.Navamani Mines Private Limited(Rough Stone & Gravel Quarry) S.F.No.15/1 & 15/2, Sivayam(North) Village, Krishnarayapuram Taluk, Karur District.",over an extent of 2.80.5 Hectares.,21.06.2023@ 11.00 AM,"Kannan Mahal, No.53, Vaigainallur Street, Kulithalai Post, Kulithalai-639104.","The District Environmental Engineer,Tamilnadu Pollution Control Board, L.G.B Nagar, Arivuthirukkovil Road, Karur-639002.",https://www.tnpcb.gov.in/PDF/Citizen_corner/ph/ExeSumEngNavamani19523.pdf,https://www.tnpcb.gov.in/PDF/Citizen_corner/ph/EIARptEngNavamani19523.pdf
"M/s.K.Nallasamy Rough Stone & Gravel Quarry, S.F.No.226/1(part), Kuppam Village, Pugalur Taluk, Karur District.",over an extent of 2.89.0 Hectares.,14.06.2023@ 10.00 AM,"Murugan Thirumana Mandapam, No.198/1, Athipalayam Road, Kuppam Village, Pugalur Taluk, Karur District.","The District Environmental Engineer,Tamilnadu Pollution Control Board, L.G.B Nagar, Arivuthirukkovil Road, Karur-639002.",https://www.tnpcb.gov.in/PDF/Citizen_corner/ph/ExeSumEngNallasamy15523.pdf,https://www.tnpcb.gov.in/PDF/Citizen_corner/ph/EIARptEngNallasamy15523.pdf
"M/s.V.Kavitha Rough Stone Quarry, S.F.No.75/1A,75/1B & 75/2, Kuppam Village, Pugalur Taluk, Karur District.",over an extent of 1.88.0 Hectares.,14.06.2023@ 11.00 AM,"Murugan Thirumana Mandapam, No.198/1, Athipalayam Road, Kuppam Village, Pugalur Taluk, Karur District.","The District Environmental Engineer,Tamilnadu Pollution Control Board, L.G.B Nagar, Arivuthirukkovil Road, Karur-639002.",https://www.tnpcb.gov.in/PDF/Citizen_corner/ph/ExeSumEngKavitha15523.pdf,https://www.tnpcb.gov.in/PDF/Citizen_corner/ph/EIARptEngKavitha15523.pdf
"M/s.K.Rani Rough Stone & Gravel Quarry, S.F.No.545/2, Kuppam Village, Pugalur Taluk, Karur District.",over an extent of 0.84.5 Hectares.,14.06.2023@ 12.00 PM,"Murugan Thirumana Mandapam, No.198/1, Athipalayam Road, Kuppam Village, Pugalur Taluk, Karur District.","The District Environmental Engineer,Tamilnadu Pollution Control Board, L.G.B Nagar, Arivuthirukkovil Road, Karur-639002.",https://www.tnpcb.gov.in/PDF/Citizen_corner/ph/ExeSumEngRani15523.pdf,https://www.tnpcb.gov.in/PDF/Citizen_corner/ph/EIARptEngRani15523.pdf
"M/s.S.Sadhasivam Rough Stone & Gravel Quarry, S.F.No.211/1 & 211/2, Kuppam Village, Pugalur Taluk, Karur District.",over an extent of 1.54.0 Hectares.,14.06.2023@ 1.00 PM,"Murugan Thirumana Mandapam, No.198/1, Athipalayam Road, Kuppam Village, Pugalur Taluk, Karur District.","The District Environmental Engineer,Tamilnadu Pollution Control Board, L.G.B Nagar, Arivuthirukkovil Road, Karur-639002.",https://www.tnpcb.gov.in/PDF/Citizen_corner/ph/ExeSumEngSadhasivam15523.pdf,https://www.tnpcb.gov.in/PDF/Citizen_corner/ph/EIARptEngSadhasivam15523.pdf
"M/s.G.Karuppanan, S.F.No.471/1 of Chockkalingapuram Village, Melur Taluk, Madurai District.",Proposed Rough Stone Quarry lease over an extent of 2.70.0 Ha,14.06.2023@ 11.00 AM,"M/s.MNP Thirumana Mahal, Trichy main road, Pattamangalampatti Vizhakku, Karungalakudi, Melur Taluk, Madurai District.","The District Environmental Engineer,Tamilnadu Pollution Control Board, Kappalur, Madurai-625008.",https://www.tnpcb.gov.in/PDF/Citizen_corner/ph/ExeSumEngKaruppanan11523.pdf,https://www.tnpcb.gov.in/PDF/Citizen_corner/ph/EIARptEngKaruppanan11523.pdf
"M/s.S.Marimuthu at S.F.No.10/12,11/2A,11/2C,11/2D, 11/2E,11/2F,11/2G(P),11/2H(P),11/2I(P),11/2J2B & 15/2B1, Kottaiyur Village, Virudhunagar Taluk, Virudhunagar District.",Proposed Rough Stone and Gravel Quarry over an extent of 4.24.0 Ha,13.06.2023@ 11.00 AM,"M/s.VOC Kalyana mahal, Avudayapuram Village, Virudhunagar Taluk, Virudhunagar District.","The District Environmental Engineer,Tamilnadu Pollution Control Board, No.23, Collectorate Campus, Virudhunagar-626002.",https://www.tnpcb.gov.in/PDF/Citizen_corner/ph/ExeSumEngMarimuthu26423.pdf,https://www.tnpcb.gov.in/PDF/Citizen_corner/ph/EIARptEngMarimuthu26423.pdf
"M/s.Om Shri Vari Stones Pvt Ltd, S.F.Nos.11/2A, 12/1A & 12/1B(Part) in Thiruvengaivasal Village & S.F.Nos.236/1A, 236/1B, 236/1C, 236/1D, 236/1E, 236/2, 236/3, 236/4, 236/5, 236/6, 236/7, 236/9, 136/10, 236/11, 236/12, 236/13, 236/14, 19/3, 235/9B, & 235/11 of Panampatti Village, Illuppur Taluk, Pud",Proposed Rough Stone Quarry extent of 4.90.5 Ha,08.06.2023@ 11.30 AM,"Madha Makkal Mandram, Panampatti Village, Mathiyanallur Post, Illuppur Taluk, Pudukkottai District-622101","The District Environmental Engineer,Tamilnadu Pollution Control Board, No.01, SIPCOT Industrial Complex, SIPCOT Post, Pudukkottai-622002.",https://www.tnpcb.gov.in/PDF/Citizen_corner/ph/ExeSumEngSriVariStones4905_3523.pdf,
"M/s.Om Shri Vari Stones Pvt Ltd, S.F.Nos.20/1, 20/2, 270/2, 270/3 ,270/4, 257/9, 257/8A, & 257/10A of Panampatti Village, Illuppur Taluk, Pudukottai District.",Proposed Rough Stone Quarry extent of 4.77.0 Ha,08.06.2023@ 10.30 AM,"Madha Makkal Mandram, Panampatti Village, Mathiyanallur Post, Illuppur Taluk, Pudukkottai District-622101","The District Environmental Engineer,Tamilnadu Pollution Control Board, No.01, SIPCOT Industrial Complex, SIPCOT Post, Pudukkottai-622002.",https://www.tnpcb.gov.in/PDF/Citizen_corner/ph/ExeSumEngSriVariStones4770_3523.pdf,
"M/s.K.Sugan at S.F.No.902/1 & 903/1, Nathikudi Village, Vembakottai Taluk, Virudhunagar District.",Proposed Rough Stone and Gravel Quarry over an extent of 1.29.0 Ha,06.06.2023@ 11.00 AM,"M/s Lord P.C.Arunachalandar Avudaithayammal Thirumana Mandapam, Door No.1210, Poolavurani Village, Sivakasi to Vilampatti Road(Poolavurani Bus Stop), Sivakasi Taluk, Virudhunagar District.","The District Environmental Engineer,Tamilnadu Pollution Control Board, No.23, Collectorate Campus, Virudhunagar-626002.",https://www.tnpcb.gov.in/PDF/Citizen_corner/ph/ExeSumEngSugan26423.pdf,https://www.tnpcb.gov.in/PDF/Citizen_corner/ph/EIARptEngSugan26423.pdf
"M/s.C.Rengaraj Rough Stone Quarry, S.F.No.217/3A, 217/20,217/21, 217/22 & 217/24, Sathiyamangalam Village, Kulathur Taluk, Pudukkottai District.",Propose Rough Stone Quarry extent of 1.34.0 Ha,30.05.2023@ 11.00 AM,"M/s.K.V.Mahal(Opposite to Sudharsan Engineering College), Sathiyamangalam Village, Kulathur Taluk, Pudukkottai District-622501.","The District Environmental Engineer,Tamilnadu Pollution Control Board,No.01, SIPCOT Industrial Complex, SIPCOT Post, Pudukkottai-622002.",https://www.tnpcb.gov.in/PDF/Citizen_corner/ph/ExeSumEngRengaraj19423.pdf,https://www.tnpcb.gov.in/PDF/Citizen_corner/ph/EIARptEngRengaraj19423.pdf
"M/s.Dalmia Cement (Bharat) Limited S.F.No.455/1,456/2 & 456/3 in Khairulabad Village, Ariyalur Taluk, Ariyalur District",Limestone Mine over an extent of 2.25.0 Ha,23.05.2023@ 11.00 AM,"M/s.Lalkudiyar Thirumana Mandapam Ariyalur Main Road, Kallankurichi Village, Ariyalur Taluk,Ariyalur District","The District Environmental Engineer,Tamilnadu Pollution Control Board, No.4/326, Trichy main road,Near by RTO Office, Keelapalur, Keelapalur Post, Ariyalur Taluk,Ariyalur District-621707.",https://www.tnpcb.gov.in/PDF/Citizen_corner/ph/ExeSumEngDalmiaCement19423.pdf,https://www.tnpcb.gov.in/PDF/Citizen_corner/ph/EIARptEngDalmiaCement19423.pdf
"M/s.Kodangipalayam Rough Stone & Gravel Quarry-Cluster-A S.F.Nos.89/4B(P),92/2,114/1B,1C,114/1A, 115/1B, 115/2, 112(P), 113/4B(P),115/1A, 103/2C, 114/2C, 2D, 2E1, 2E2,2F, 2G1, 158/21, 103/3A1A(Part), 3A2, 3BI, 103/3B2, 113/6, 158/2H, 154/2C& 158/2K, 154/2B, 158/2J, 102/I, 117/3(P), 4(P), 9A, 10A, 10",Proposed 4 No. & existing 16 Nos. of Rough Stone and Gravel Quarries over an Extent of 35.78.28 Ha.,18.05.2023@ 10.00 AM,"The Collectorate, Palladam Road, Tiruppur District-641604","The District Environmental Engineer,Tamilnadu Pollution Control Board, Tiruppur South, 12A, Pollachi By-pass Road,Palladam-641664",https://www.tnpcb.gov.in/PDF/Citizen_corner/ph/ExeSumEngKodangipalayam28123.pdf,
"M/s.S.Kasirajan, S.F.No.530/3A, 531/1A, 532, 533/1, 568/5A (P) and 569/3A, Tharuvai Village, Palayamkottai Taluk, Tirunelveli District.","Rough Stone, Jelly and Gravel Quarry over an extent of 4.97.0 Ha.",15.05.2023@ 11.00 AM,"Alagu Mahal A/C, NH-7, Tirunelveli-Nagercoil Highways, Near Sengulam Railway station, Sengulam Village, Palayamkottai Taluk, Tirunelveli District-627152.","The District Environmental Engineer,Tamilnadu Pollution Control Board, No.30/2, SIDCO Industrial Estate, Pettai, Tirunelveli-627010.",https://www.tnpcb.gov.in/PDF/Citizen_corner/ph/ExeSumEngKasirajan8423.pdf,https://www.tnpcb.gov.in/PDF/Citizen_corner/ph/EIARptEngKasirajan8423.pdf
"M/s.CHEMPLAST SANMAR Ltd, SF.No.5,7/1,2,3A,3B,8/1,2A,2B,9/1, 2,3,10/1,2,3A,3B,4,12/1A,1B,13/1,14/1A,2A, Suligunta Village, Shoolagiri Taluk, Krishnagiri District - 635105",Proposed to carry out the expansion activities in production of (1) synthetic organic chemicals & pesticide specific intermediates from 1601.4 MT/Annu,12.05.2023@ 10.30 AM,"HMS Mahal, 4/1332, Berigai checkpost, Shoolagiri road, Berigai, Shoolagiri Taluk, Krishnagiri District Pin code -635105.","The District Environmental Engineer,Tamilnadu Pollution Control Board, Plot No.149-A, Ist Floor, SIPCOT Industrial Complex, Phase-I, Hosur-635126. Krishnagiri District.",https://www.tnpcb.gov.in/PDF/Citizen_corner/ph/ExeSumEngChemplast8423.pdf,https://www.tnpcb.gov.in/PDF/Citizen_corner/ph/EIARptEngChemplast8423.pdf
"M/s.AVS Tech Building Solutions, S.F.No.315/1(Part), 334/1A(Part), 334/1B(Part), Dharavendiram Village, Denkanikottai Taluk, Krishnagiri District.",Proposed Rough Stone Quarry lease over an extent of 4.35.85 Ha.,10.05.2023@ 10.30 AM,"M/s.Shree Vari Kalyana Mantapa Thally Village, Thally - Hosur Road, Denkanikottai Taluk, Krishnagiri District-635118.","The District Environmental Engineer,Tamilnadu Pollution Control Board, Plot No.149-A, Ist Floor, SIPCOT Industrial Complex, Phase-I, Hosur-635126. Krishnagiri District.",https://www.tnpcb.gov.in/PDF/Citizen_corner/ph/ExeSumEngAVSTech8423.pdf,https://www.tnpcb.gov.in/PDF/Citizen_corner/ph/EIARptEngAVSTech8423.pdf
"M/s.Danblock Brakes India Pvt Ltd, S.No.270 Part, 256 part Pappankuppam Village, Gummidipoondi Taluk, Tiruvallur District.",Proposed Expansion for increasing the production of grey and ductile iron castings.,09.05.2023@ 11.00 AM,"Jayakumari Hall Hotel JFN Paradise No.87/A/1, GNT Road, Pethikuppam Gate, Gummidipoondi Taluk, Thiruvallur District - 601201.","The District Environmental Engineer,Tamilnadu Pollution Control Board, No.88(A), SIPCOT Industrial Complex, Gummidipoondi, Thiruvallur District-601201.",https://www.tnpcb.gov.in/PDF/Citizen_corner/ph/ExeSumEngDanblockBrakes6423.pdf,https://www.tnpcb.gov.in/PDF/Citizen_corner/ph/EIARptEngDanblockBrakes6423.pdf
"M/s.J.Vijayakumar Rough Stone Quarry, S.F.No.220/1 (Part-4) Gopanapalli Village, Hosur Taluk, Krishnagiri District.",Proposed Rough Stone Quarry lease over an extent of 2.00.0 Ha,04.05.2023@ 12.00 PM,"M/s.CMK Kalyana Mandapam, Nagondapalli, Denkanikottai Main Road, Hosur-635 109.","The District Environmental Engineer,Tamilnadu Pollution Control Board, Plot No.149-A, Ist Floor, SIPCOT Industrial Complex, Phase-I, Hosur-636126 Krishnagiri District.",https://www.tnpcb.gov.in/PDF/Citizen_corner/ph/ExeSumEngVijayakumar31323.pdf,
"M/s.S.M.Harish Rough Stone Quarry, S.F.No.755 (Part) Panchakshipuram Village, Hosur Taluk, Krishnagiri District.",Proposed Rough Stone Quarry lease over an extent of 2.00.0 Ha,04.05.2023@ 10.30 AM,"M/s.CMK Kalyana Mandapam, Nagondapalli, Denkanikottai Main Road, Hosur-635 109.","The District Environmental Engineer,Tamilnadu Pollution Control Board, Plot No.149-A, Ist Floor, SIPCOT Industrial Complex, Phase-I, Hosur-636126 Krishnagiri District.",https://www.tnpcb.gov.in/PDF/Citizen_corner/ph/ExeSumEngHarish31323.pdf,
"M/s.B.Elavarasan Rough Stone Quarry, S.F.No.86 (Part 5) Venkatesapuram Village, Shoolagiri Taluk, Krishnagiri District.",Proposed Rough Stone Quarry lease over an extent of 4.20.0 Ha,03.05.2023@ 10.30 AM,"M/s. PVR & LMR Kalyana Mandapam, Theirtham Main Road, Near Govt High School, Berigai, Shoolagiri Taluk, Krishnagiri District.Pin-635 105.","The District Environmental Engineer,Tamilnadu Pollution Control Board, Plot No.149-A, Ist Floor, SIPCOT Industrial Complex, Phase-I, Hosur-636126 Krishnagiri District.",https://www.tnpcb.gov.in/PDF/Citizen_corner/ph/ExeSumEngElavarasan31323.pdf,
"M/s.P.Venkata Reddy Rough Stone Quarry, S.F.No.1267/2, 1268/2, 1268/3, Kammandoddi Village, Shoolagiri Taluk, Krishnagiri District.",Proposed Rough Stone Quarry lease over an extent of 2.38.5 Ha (Patta land).,02.05.2023@ 11.30 AM,"M/s. Mani Mahal, Uddanapalli Road, Near Police Station, Shoolagiri Taluk, Krishnagiri District, Pin code - 635 117.","The District Environmental Engineer,Tamilnadu Pollution Control Board, Plot No.149-A, Ist Floor, SIPCOT Industrial Complex, Phase-I, Hosur-636126 Krishnagiri District.",https://www.tnpcb.gov.in/PDF/Citizen_corner/ph/ExeSumEngVReddy31323.pdf,https://www.tnpcb.gov.in/PDF/Citizen_corner/ph/EIARptEngVReddy31323.pdf
"M/s.P.Venkata Reddy Rough Stone Quarry, S.F.No.616/3(part 2), Kammandoddi Village, Shoolagiri Taluk, Krishnagiri District.",Proposed Rough Stone Quarry lease over an extent of 2.75.0 Ha.,02.05.2023@ 10.30 AM,"M/s. Mani Mahal, Uddanapalli Road, Near Police Station, Shoolagiri Taluk, Krishnagiri District, Pin code - 635 117.","The District Environmental Engineer,Tamilnadu Pollution Control Board, Plot No.149-A, Ist Floor, SIPCOT Industrial Complex, Phase-I, Hosur-636126 Krishnagiri District.",https://www.tnpcb.gov.in/PDF/Citizen_corner/ph/ExeSumEngVenkataReddy31323.pdf,
"M/s.M.Baskaran, S.F.No.4/3A,4/4B,7/4A & 7/4B in Padalur(East) Village, Alathur Taluk,Perambalur District.",Proposed Rough stone Quarry lease over an extent of 2.13.0 Ha.,27.04.2023@ 11.00 AM,"M/s.Raaj Mahal, Trichy-Chennai National Highway, Near by Weekly Market, Padalur Village, Alathur Taluk,Perambalur District.621109","The District Environmental Engineer,Tamilnadu Pollution Control Board, No.4/326, Trichy main road, Near by RTO Office, Keelapalur, Keelapalur Post, Ariyalur Taluk, Ariyalur District-621707",https://www.tnpcb.gov.in/PDF/Citizen_corner/ph/ExeSumEngBaskaran22323.pdf,https://www.tnpcb.gov.in/PDF/Citizen_corner/ph/EIARptEngBaskaran22323.pdf
"M/s.M.Shanmugam Rough Stone and Gravel Quarry, S.F.No.410/1A,1B of Mooduthurai Village, Mettupalayam Taluk, Coimbatore District.",Proposed Rough stone & Gravel Quarry over an extent of 1.43.5 Ha.,25.04.2023@ 11.00 AM,"Community Hall, Neelampalayam, Pudukuttai, Mooduthurai Village, Mettupalayam Taluk, Coimbatore District.","The District Environmental Engineer,Tamilnadu Pollution Control Board, Coimbatore(N), No.5, Ramasamy Nagar, Kavundampalayam, Coimbatore-641030",https://www.tnpcb.gov.in/PDF/Citizen_corner/ph/ExeSumEngShanmugam22323.pdf,https://www.tnpcb.gov.in/PDF/Citizen_corner/ph/EIARptEngShanmugam22323.pdf
"M/s.G.Kaniraj Rough Stone & Gravel Quarry, S.F.No.202/1A2, Appanaickenpatti Village, Vembakottai Taluk, Virudhunagar District.",Fresh quarrying proposal in over an extent of 1.21.50 Ha.,25.04.2023@ 11.00 AM,"M/s.Perunthalaivar Ku.Kamarajar Thirumana mahal, Door.No.4/297, Melanmarainadu Village, Vembakottai Taluk, Virudhunagar District.","The District Environmental Engineer,Tamilnadu Pollution Control Board, No.23, Collectorate Campus, Virudhunagar-626002.",https://www.tnpcb.gov.in/PDF/Citizen_corner/ph/ExeSumEngKaniraj11323.pdf,https://www.tnpcb.gov.in/PDF/Citizen_corner/ph/EIARptEngKaniraj11323.pdf
"M/s.Ichipatti Rough Stone & Gravel Quarry-Cluster. S.F.Nos.Nos. 197/1, 197/2, 197/10,197/11, 201/2, 203/2, 204/3, 206/2, 203/4(P) & 207/1A(P), Ichipatti Village, Palladam Taluk, Tiruppur District.","Proposed 1 No, & existing 4 Nos. of Rough Stone and Gravel Quarriesover an Extent of 7.06.95 Ha.",27.04.2023@ 11.30 AM,"The Collectorate, Palladam Road, Tiruppur District-641604","The District Environmental Engineer,Tamilnadu Pollution Control Board, Tiruppur South, 12A, Pollachi By-pass Road,Palladam-641664",https://www.tnpcb.gov.in/PDF/Citizen_corner/ph/ExeSumEngBalakumar28123.pdf,
"M/s.Kodangipalayam Rough Stone & Gravel Quarry-Cluster-C S.F. Nos. 316/4, 315/2D, 312/3, 313/1, 313/2(P), 314/2(P), 304/1, 308/3, 314/1A(P), 1(B), 324/2B, 324/2C, 324/2A, 311/2(P), 315/2A361 & 320/2B2, Kodangipalayam Village, Palladam Taluk, Tiruppur District.","Proposed 1 No (Nearby Quarry included in cluster area but not included in public hearing) & existing 6 Nos, of Rough Stone and Gravel Quarries over an",27.4.2023@ 10.00 AM,"The Collectorate, Palladam Road, Tiruppur District-641604","The District Environmental Engineer,Tamilnadu Pollution Control Board, Tiruppur South, 12A, Pollachi By-pass Road,Palladam-641664",https://www.tnpcb.gov.in/PDF/Citizen_corner/ph/ExeSumEngThangavel28123.pdf,
"M/s.Ran India Steels (P) Ltd., Unit-II, S.F.No.254/1A1,254/2A1A,255/4B,255/5A, 255/5B,255/6A1 & 255/6A2, Nallur Village, Paramathi Velur Taluk, Namakkal District.",Proposed Expansion of existing facility for production of MS Ingot from 3000 T/M to 43000 T/M.,20.04.2023@ 11.00 AM,"Sri Arulmigu Annamaar Swamy Thirukovil Mandapam, Maniyanoor, Paramathi-Velur Taluk, Namakkal-637201.","The District Environmental Engineer,Tamilnadu Pollution Control Board, 298A, Salem Main Road, Thiruvalluvar Nagar, Kumarapalayam, Namakkal District.",https://www.tnpcb.gov.in/PDF/Citizen_corner/ph/ExeSumEngRanindia9323.pdf,https://www.tnpcb.gov.in/PDF/Citizen_corner/ph/EIARptEngRanindia9323.pdf
"M/s.K.Vazhaithotta Gounder Rough Stone & Gravel Quarry, S.F.No.80/2B(P) & 81/2(P) of Karunchamigounderpalayam Village, Madukkarai Taluk, Coimbatore District.",Proposed quaryying of 2.48.0 Hectares of Rough Stone & Gravel.,19.04.2023@ 11.00 AM,"M/s.V.R.V. Kalyana Mandapam, Velanthavalm Road, Othakkalmandapam Via, Nachipalayam, Coimbatore-641032.","The District Environmental Engineer,Tamilnadu Pollution Control Board, Coimbatore South Plot No-E55A, SIDCO Industrial Estate Pollachi Main Road, Kurichi, Coimbatore-641021",https://www.tnpcb.gov.in/PDF/Citizen_corner/ph/ExeSumEngVazhaitotta17323.pdf,
"M/s.S.A. Ganesan Rough Stone and Gravel Quarry over an extent of 1.76.5 Ha at S.F. Nos: 260/1A1, 260/1B1, 260/1C1 & 260/1D1, Pachapalayam Village, Sulur Taluk, Coimbatore District. M/s.S.Maheshwari Rough Stone and Gravel Quarry over an extent of 1.61.5 Ha at S.F. Nos: 344/4, 344/6A & 344/6B1 , Pacha",Proposed Cluster Rough Stone and Gravel Quarries (2 Nos.) covering overall extent of 24.39.35 Ha,18.04.2023@ 12.30 PM,"M/s.Suya Uthavi Kulu Kootamaippu Kattidam, Pachapalayam Panchayat, Periyaquili, Sulantanpet Panchayat Union Coimbatore-641201","The District Environmental Engineer,Tamilnadu Pollution Control Board, Coimbatore South Plot No-E55A, SIDCO Industrial Estate Pollachi Main Road, Kurichi, Coimbatore-641021",https://www.tnpcb.gov.in/PDF/Citizen_corner/ph/ExeSumEngGanesan17323.pdf,https://www.tnpcb.gov.in/PDF/Citizen_corner/ph/EIARptEngGanesan17323.pdf
"M/s.K.Raam Mohan Rough Stone & Gravel Quarry, Over an extent of 3.10.0 Ha, S.F.Nos.337/4A and 337/4B, Pachapalayam Village, Sulur Taluk, Coimbatore District. M/s.R.K.Prabhu Rough Stone and Gravel Quarry over an extent of 2.09.5 Ha at SF.No.46/1 & 47 Pachapalayam Village, Sulur Taluk, Coimbatore Dist",Proposed Cluster Rough Stone and Gravel Quarries(3 No.s) Covering overal extent of 11.87.0 Ha.,18.04.2023@ 10.30 AM,"M/s.Suya Uthavi Kulu Kootamaippu Kattidam, Pachapalayam Panchayat, Periyaquili, Sulantanpet Panchayat Union Coimbatore-641201","The District Environmental Engineer,Tamilnadu Pollution Control Board, Coimbatore South Plot No-E55A, SIDCO Industrial Estate Pollachi Main Road, Kurichi, Coimbatore-641021",https://www.tnpcb.gov.in/PDF/Citizen_corner/ph/ExeSumEngRPA17323.pdf,https://www.tnpcb.gov.in/PDF/Citizen_corner/ph/EIARptEngRPA17323.pdf
"M/s.K.A.Rajagopal Rough Stone and Gravel Quarry, S.F.No.293/1A(P) & 293/2B(P), Mellur Duraisamypuram Village, Rajapalayam Taluk, Virudhunagar District.",Fresh Quarrying proposal in over an extent of 1.10.5 Ha.,18.04.2023@ 11.00 AM,"M/s.Pasumpon Devar Kalaiyarangam, Door No.32, Kasalai Thenvadal Street, Seithur Village, Rajapalayam Taluk, Virudhunagar District-626121.","The District Environmental Engineer,Tamilnadu Pollution Control Board, No.23, Collectorate Campus, Virudhunagar-626002.",https://www.tnpcb.gov.in/PDF/Citizen_corner/ph/ExeSumEngRajagopal9323.pdf,https://www.tnpcb.gov.in/PDF/Citizen_corner/ph/EIARptEngRajagopal9323.pdf
"M/s.Naveena Granites Multi Colour Granite Quarry, S.F.No.60/2B & 60/3B, Karandapalli Village, Denkanikottai Taluk, Krishnagiri District.",Proposed Multi Colour Granite Quarry lease over an extent of 2.30.00 Ha.,05.04.2023@ 03.00 PM,"Sri Chowdeswari Convention Hall, Anchetty Main Road, Denkanikottai, Krishnagiri District-635107.","The District Environmental Engineer,Tamilnadu Pollution Control Board, Plot No.149-A, Ist Floor. SIPCOT Industrial Complex, Phase-1, Hosur-635126.",https://www.tnpcb.gov.in/PDF/Citizen_corner/ph/ExeSumEngNaveena6323.pdf,https://www.tnpcb.gov.in/PDF/Citizen_corner/ph/EIARptEngNaveena6323.pdf
"M/s.S.V.Granites Multicolour Granite Quarry, S.F.No.1124/7(P),1130/7(P),1131/7 and 1131/8, Irudukottai Village, Denkanikottai Taluk, Krishnagiri District.",Proposed Multi Colour Granite Quarry lease over an extent of 1.91.50 Ha.,05.04.2023@ 11.00 AM,"Sri Chowdeswari Convention Hall, Anchetty Main Road, Denkanikottai, Krishnagiri District-635107.","The District Environmental Engineer,Tamilnadu Pollution Control Board, Plot No.149-A, Ist Floor. SIPCOT Industrial Complex, Phase-1, Hosur-635126.",https://www.tnpcb.gov.in/PDF/Citizen_corner/ph/ExeSumEngSVGranites6323.pdf,https://www.tnpcb.gov.in/PDF/Citizen_corner/ph/EIARptEngSVGranites6323.pdf
